<?xml version="1.0" encoding="UTF-8"?>
<pay_i:FlussoRiversamento xmlns:pay_i="http://www.digitpa.gov.it/schemas/2011/Pagamenti/" xmlns:xsi="http://www.w3.org/2001/XMLSchema-instance" xsi:schemaLocation="/opt/proctele/resources/FlussoRiversamento_1_0_2.xsd"><pay_i:versioneOggetto>1.0</pay_i:versioneOggetto><pay_i:identificativoFlusso>160408006</pay_i:identificativoFlusso><pay_i:dataOraFlusso>2016-04-09T02:31:46</pay_i:dataOraFlusso><pay_i:identificativoUnivocoRegolamento>0306927350268312489999999999IT</pay_i:identificativoUnivocoRegolamento><pay_i:dataRegolamento>2016-04-08</pay_i:dataRegolamento><pay_i:istitutoMittente><pay_i:identificativoUnivocoMittente><pay_i:tipoIdentificativoUnivoco>B</pay_i:tipoIdentificativoUnivoco><pay_i:codiceIdentificativoUnivoco>BCITITMM</pay_i:codiceIdentificativoUnivoco></pay_i:identificativoUnivocoMittente><pay_i:denominazioneMittente>Intesa Sanpaolo</pay_i:denominazioneMittente></pay_i:istitutoMittente><pay_i:istitutoRicevente><pay_i:identificativoUnivocoRicevente><pay_i:tipoIdentificativoUnivoco>G</pay_i:tipoIdentificativoUnivoco><pay_i:codiceIdentificativoUnivoco>00569890379</pay_i:codiceIdentificativoUnivoco></pay_i:identificativoUnivocoRicevente><pay_i:denominazioneRicevente>[99988          ] ERVET </pay_i:denominazioneRicevente></pay_i:istitutoRicevente><pay_i:numeroTotalePagamenti>35</pay_i:numeroTotalePagamenti><pay_i:importoTotalePagamenti>1866.10</pay_i:importoTotalePagamenti><pay_i:datiSingoliPagamenti><pay_i:identificativoUnivocoVersamento>RF19797</pay_i:identificativoUnivocoVersamento><pay_i:identificativoUnivocoRiscossione>146003759944922241</pay_i:identificativoUnivocoRiscossione><pay_i:singoloImportoPagato>1</pay_i:singoloImportoPagato><pay_i:codiceEsitoSingoloPagamento>0</pay_i:codiceEsitoSingoloPagamento><pay_i:dataEsitoSingoloPagamento>2016-04-07</pay_i:dataEsitoSingoloPagamento></pay_i:datiSingoliPagamenti><pay_i:datiSingoliPagamenti><pay_i:identificativoUnivocoVersamento>RF56810</pay_i:identificativoUnivocoVersamento><pay_i:identificativoUnivocoRiscossione>146003887331722281</pay_i:identificativoUnivocoRiscossione><pay_i:singoloImportoPagato>150</pay_i:singoloImportoPagato><pay_i:codiceEsitoSingoloPagamento>0</pay_i:codiceEsitoSingoloPagamento><pay_i:dataEsitoSingoloPagamento>2016-04-07</pay_i:dataEsitoSingoloPagamento></pay_i:datiSingoliPagamenti><pay_i:datiSingoliPagamenti><pay_i:identificativoUnivocoVersamento>RF98830</pay_i:identificativoUnivocoVersamento><pay_i:identificativoUnivocoRiscossione>146003989012446961</pay_i:identificativoUnivocoRiscossione><pay_i:singoloImportoPagato>45</pay_i:singoloImportoPagato><pay_i:codiceEsitoSingoloPagamento>0</pay_i:codiceEsitoSingoloPagamento><pay_i:dataEsitoSingoloPagamento>2016-04-07</pay_i:dataEsitoSingoloPagamento></pay_i:datiSingoliPagamenti><pay_i:datiSingoliPagamenti><pay_i:identificativoUnivocoVersamento>RF59853</pay_i:identificativoUnivocoVersamento><pay_i:identificativoUnivocoRiscossione>146004145402047001</pay_i:identificativoUnivocoRiscossione><pay_i:singoloImportoPagato>15</pay_i:singoloImportoPagato><pay_i:codiceEsitoSingoloPagamento>0</pay_i:codiceEsitoSingoloPagamento><pay_i:dataEsitoSingoloPagamento>2016-04-07</pay_i:dataEsitoSingoloPagamento></pay_i:datiSingoliPagamenti><pay_i:datiSingoliPagamenti><pay_i:identificativoUnivocoVersamento>RF31872</pay_i:identificativoUnivocoVersamento><pay_i:identificativoUnivocoRiscossione>146004264970847021</pay_i:identificativoUnivocoRiscossione><pay_i:singoloImportoPagato>80</pay_i:singoloImportoPagato><pay_i:codiceEsitoSingoloPagamento>0</pay_i:codiceEsitoSingoloPagamento><pay_i:dataEsitoSingoloPagamento>2016-04-07</pay_i:dataEsitoSingoloPagamento></pay_i:datiSingoliPagamenti><pay_i:datiSingoliPagamenti><pay_i:identificativoUnivocoVersamento>RF78899</pay_i:identificativoUnivocoVersamento><pay_i:identificativoUnivocoRiscossione>146004384349922451</pay_i:identificativoUnivocoRiscossione><pay_i:singoloImportoPagato>30</pay_i:singoloImportoPagato><pay_i:codiceEsitoSingoloPagamento>0</pay_i:codiceEsitoSingoloPagamento><pay_i:dataEsitoSingoloPagamento>2016-04-07</pay_i:dataEsitoSingoloPagamento></pay_i:datiSingoliPagamenti><pay_i:datiSingoliPagamenti><pay_i:identificativoUnivocoVersamento>RF61914</pay_i:identificativoUnivocoVersamento><pay_i:identificativoUnivocoRiscossione>146004454959122481</pay_i:identificativoUnivocoRiscossione><pay_i:singoloImportoPagato>15</pay_i:singoloImportoPagato><pay_i:codiceEsitoSingoloPagamento>0</pay_i:codiceEsitoSingoloPagamento><pay_i:dataEsitoSingoloPagamento>2016-04-07</pay_i:dataEsitoSingoloPagamento></pay_i:datiSingoliPagamenti><pay_i:datiSingoliPagamenti><pay_i:identificativoUnivocoVersamento>RF12923</pay_i:identificativoUnivocoVersamento><pay_i:identificativoUnivocoRiscossione>146004481163522511</pay_i:identificativoUnivocoRiscossione><pay_i:singoloImportoPagato>60</pay_i:singoloImportoPagato><pay_i:codiceEsitoSingoloPagamento>0</pay_i:codiceEsitoSingoloPagamento><pay_i:dataEsitoSingoloPagamento>2016-04-07</pay_i:dataEsitoSingoloPagamento></pay_i:datiSingoliPagamenti><pay_i:datiSingoliPagamenti><pay_i:identificativoUnivocoVersamento>RF891089</pay_i:identificativoUnivocoVersamento><pay_i:identificativoUnivocoRiscossione>146006535271147701</pay_i:identificativoUnivocoRiscossione><pay_i:singoloImportoPagato>100</pay_i:singoloImportoPagato><pay_i:codiceEsitoSingoloPagamento>0</pay_i:codiceEsitoSingoloPagamento><pay_i:dataEsitoSingoloPagamento>2016-04-07</pay_i:dataEsitoSingoloPagamento></pay_i:datiSingoliPagamenti><pay_i:datiSingoliPagamenti><pay_i:identificativoUnivocoVersamento>RF621090</pay_i:identificativoUnivocoVersamento><pay_i:identificativoUnivocoRiscossione>146006547550222771</pay_i:identificativoUnivocoRiscossione><pay_i:singoloImportoPagato>15</pay_i:singoloImportoPagato><pay_i:codiceEsitoSingoloPagamento>0</pay_i:codiceEsitoSingoloPagamento><pay_i:dataEsitoSingoloPagamento>2016-04-07</pay_i:dataEsitoSingoloPagamento></pay_i:datiSingoliPagamenti><pay_i:datiSingoliPagamenti><pay_i:identificativoUnivocoVersamento>RF34818</pay_i:identificativoUnivocoVersamento><pay_i:identificativoUnivocoRiscossione>146003944258322311</pay_i:identificativoUnivocoRiscossione><pay_i:singoloImportoPagato>150</pay_i:singoloImportoPagato><pay_i:codiceEsitoSingoloPagamento>0</pay_i:codiceEsitoSingoloPagamento><pay_i:dataEsitoSingoloPagamento>2016-04-07</pay_i:dataEsitoSingoloPagamento></pay_i:datiSingoliPagamenti><pay_i:datiSingoliPagamenti><pay_i:identificativoUnivocoVersamento>RF32854</pay_i:identificativoUnivocoVersamento><pay_i:identificativoUnivocoRiscossione>146004136286622361</pay_i:identificativoUnivocoRiscossione><pay_i:singoloImportoPagato>15</pay_i:singoloImportoPagato><pay_i:codiceEsitoSingoloPagamento>0</pay_i:codiceEsitoSingoloPagamento><pay_i:dataEsitoSingoloPagamento>2016-04-07</pay_i:dataEsitoSingoloPagamento></pay_i:datiSingoliPagamenti><pay_i:datiSingoliPagamenti><pay_i:identificativoUnivocoVersamento>RF07916</pay_i:identificativoUnivocoVersamento><pay_i:identificativoUnivocoRiscossione>146004459340122491</pay_i:identificativoUnivocoRiscossione><pay_i:singoloImportoPagato>30</pay_i:singoloImportoPagato><pay_i:codiceEsitoSingoloPagamento>0</pay_i:codiceEsitoSingoloPagamento><pay_i:dataEsitoSingoloPagamento>2016-04-07</pay_i:dataEsitoSingoloPagamento></pay_i:datiSingoliPagamenti><pay_i:datiSingoliPagamenti><pay_i:identificativoUnivocoVersamento>RF60932</pay_i:identificativoUnivocoVersamento><pay_i:identificativoUnivocoRiscossione>146004521357447171</pay_i:identificativoUnivocoRiscossione><pay_i:singoloImportoPagato>150</pay_i:singoloImportoPagato><pay_i:codiceEsitoSingoloPagamento>0</pay_i:codiceEsitoSingoloPagamento><pay_i:dataEsitoSingoloPagamento>2016-04-07</pay_i:dataEsitoSingoloPagamento></pay_i:datiSingoliPagamenti><pay_i:datiSingoliPagamenti><pay_i:identificativoUnivocoVersamento>RF22937</pay_i:identificativoUnivocoVersamento><pay_i:identificativoUnivocoRiscossione>146004531798447181</pay_i:identificativoUnivocoRiscossione><pay_i:singoloImportoPagato>15</pay_i:singoloImportoPagato><pay_i:codiceEsitoSingoloPagamento>0</pay_i:codiceEsitoSingoloPagamento><pay_i:dataEsitoSingoloPagamento>2016-04-07</pay_i:dataEsitoSingoloPagamento></pay_i:datiSingoliPagamenti><pay_i:datiSingoliPagamenti><pay_i:identificativoUnivocoVersamento>RF11941</pay_i:identificativoUnivocoVersamento><pay_i:identificativoUnivocoRiscossione>146004543143422521</pay_i:identificativoUnivocoRiscossione><pay_i:singoloImportoPagato>150</pay_i:singoloImportoPagato><pay_i:codiceEsitoSingoloPagamento>0</pay_i:codiceEsitoSingoloPagamento><pay_i:dataEsitoSingoloPagamento>2016-04-07</pay_i:dataEsitoSingoloPagamento></pay_i:datiSingoliPagamenti><pay_i:datiSingoliPagamenti><pay_i:identificativoUnivocoVersamento>RF59950</pay_i:identificativoUnivocoVersamento><pay_i:identificativoUnivocoRiscossione>146004585250147221</pay_i:identificativoUnivocoRiscossione><pay_i:singoloImportoPagato>15</pay_i:singoloImportoPagato><pay_i:codiceEsitoSingoloPagamento>0</pay_i:codiceEsitoSingoloPagamento><pay_i:dataEsitoSingoloPagamento>2016-04-07</pay_i:dataEsitoSingoloPagamento></pay_i:datiSingoliPagamenti><pay_i:datiSingoliPagamenti><pay_i:identificativoUnivocoVersamento>RF32951</pay_i:identificativoUnivocoVersamento><pay_i:identificativoUnivocoRiscossione>146004591960647241</pay_i:identificativoUnivocoRiscossione><pay_i:singoloImportoPagato>75</pay_i:singoloImportoPagato><pay_i:codiceEsitoSingoloPagamento>0</pay_i:codiceEsitoSingoloPagamento><pay_i:dataEsitoSingoloPagamento>2016-04-07</pay_i:dataEsitoSingoloPagamento></pay_i:datiSingoliPagamenti><pay_i:datiSingoliPagamenti><pay_i:identificativoUnivocoVersamento>RF14984</pay_i:identificativoUnivocoVersamento><pay_i:identificativoUnivocoRiscossione>146004747561547321</pay_i:identificativoUnivocoRiscossione><pay_i:singoloImportoPagato>60</pay_i:singoloImportoPagato><pay_i:codiceEsitoSingoloPagamento>0</pay_i:codiceEsitoSingoloPagamento><pay_i:dataEsitoSingoloPagamento>2016-04-07</pay_i:dataEsitoSingoloPagamento></pay_i:datiSingoliPagamenti><pay_i:datiSingoliPagamenti><pay_i:identificativoUnivocoVersamento>RF771014</pay_i:identificativoUnivocoVersamento><pay_i:identificativoUnivocoRiscossione>146004925719347371</pay_i:identificativoUnivocoRiscossione><pay_i:singoloImportoPagato>120</pay_i:singoloImportoPagato><pay_i:codiceEsitoSingoloPagamento>0</pay_i:codiceEsitoSingoloPagamento><pay_i:dataEsitoSingoloPagamento>2016-04-07</pay_i:dataEsitoSingoloPagamento></pay_i:datiSingoliPagamenti><pay_i:datiSingoliPagamenti><pay_i:identificativoUnivocoVersamento>RF821021</pay_i:identificativoUnivocoVersamento><pay_i:identificativoUnivocoRiscossione>146004993030422651</pay_i:identificativoUnivocoRiscossione><pay_i:singoloImportoPagato>50</pay_i:singoloImportoPagato><pay_i:codiceEsitoSingoloPagamento>0</pay_i:codiceEsitoSingoloPagamento><pay_i:dataEsitoSingoloPagamento>2016-04-07</pay_i:dataEsitoSingoloPagamento></pay_i:datiSingoliPagamenti><pay_i:datiSingoliPagamenti><pay_i:identificativoUnivocoVersamento>RF581065</pay_i:identificativoUnivocoVersamento><pay_i:identificativoUnivocoRiscossione>146005924581022761</pay_i:identificativoUnivocoRiscossione><pay_i:singoloImportoPagato>15</pay_i:singoloImportoPagato><pay_i:codiceEsitoSingoloPagamento>0</pay_i:codiceEsitoSingoloPagamento><pay_i:dataEsitoSingoloPagamento>2016-04-07</pay_i:dataEsitoSingoloPagamento></pay_i:datiSingoliPagamenti><pay_i:datiSingoliPagamenti><pay_i:identificativoUnivocoVersamento>RF81942</pay_i:identificativoUnivocoVersamento><pay_i:identificativoUnivocoRiscossione>146004539199747201</pay_i:identificativoUnivocoRiscossione><pay_i:singoloImportoPagato>15</pay_i:singoloImportoPagato><pay_i:codiceEsitoSingoloPagamento>0</pay_i:codiceEsitoSingoloPagamento><pay_i:dataEsitoSingoloPagamento>2016-04-07</pay_i:dataEsitoSingoloPagamento></pay_i:datiSingoliPagamenti><pay_i:datiSingoliPagamenti><pay_i:identificativoUnivocoVersamento>RF27944</pay_i:identificativoUnivocoVersamento><pay_i:identificativoUnivocoRiscossione>146004561700347211</pay_i:identificativoUnivocoRiscossione><pay_i:singoloImportoPagato>15</pay_i:singoloImportoPagato><pay_i:codiceEsitoSingoloPagamento>0</pay_i:codiceEsitoSingoloPagamento><pay_i:dataEsitoSingoloPagamento>2016-04-07</pay_i:dataEsitoSingoloPagamento></pay_i:datiSingoliPagamenti><pay_i:datiSingoliPagamenti><pay_i:identificativoUnivocoVersamento>RF69964</pay_i:identificativoUnivocoVersamento><pay_i:identificativoUnivocoRiscossione>146004643967747281</pay_i:identificativoUnivocoRiscossione><pay_i:singoloImportoPagato>15</pay_i:singoloImportoPagato><pay_i:codiceEsitoSingoloPagamento>0</pay_i:codiceEsitoSingoloPagamento><pay_i:dataEsitoSingoloPagamento>2016-04-07</pay_i:dataEsitoSingoloPagamento></pay_i:datiSingoliPagamenti><pay_i:datiSingoliPagamenti><pay_i:identificativoUnivocoVersamento>RF53961</pay_i:identificativoUnivocoVersamento><pay_i:identificativoUnivocoRiscossione>146004641691822551</pay_i:identificativoUnivocoRiscossione><pay_i:singoloImportoPagato>15</pay_i:singoloImportoPagato><pay_i:codiceEsitoSingoloPagamento>0</pay_i:codiceEsitoSingoloPagamento><pay_i:dataEsitoSingoloPagamento>2016-04-07</pay_i:dataEsitoSingoloPagamento></pay_i:datiSingoliPagamenti><pay_i:datiSingoliPagamenti><pay_i:identificativoUnivocoVersamento>RF84985</pay_i:identificativoUnivocoVersamento><pay_i:identificativoUnivocoRiscossione>146004769614547331</pay_i:identificativoUnivocoRiscossione><pay_i:singoloImportoPagato>15</pay_i:singoloImportoPagato><pay_i:codiceEsitoSingoloPagamento>0</pay_i:codiceEsitoSingoloPagamento><pay_i:dataEsitoSingoloPagamento>2016-04-07</pay_i:dataEsitoSingoloPagamento></pay_i:datiSingoliPagamenti><pay_i:datiSingoliPagamenti><pay_i:identificativoUnivocoVersamento>RF45814</pay_i:identificativoUnivocoVersamento><pay_i:identificativoUnivocoRiscossione>146003902844346891</pay_i:identificativoUnivocoRiscossione><pay_i:singoloImportoPagato>50</pay_i:singoloImportoPagato><pay_i:codiceEsitoSingoloPagamento>0</pay_i:codiceEsitoSingoloPagamento><pay_i:dataEsitoSingoloPagamento>2016-04-07</pay_i:dataEsitoSingoloPagamento></pay_i:datiSingoliPagamenti><pay_i:datiSingoliPagamenti><pay_i:identificativoUnivocoVersamento>RF66824</pay_i:identificativoUnivocoVersamento><pay_i:identificativoUnivocoRiscossione>146003953169446941</pay_i:identificativoUnivocoRiscossione><pay_i:singoloImportoPagato>100</pay_i:singoloImportoPagato><pay_i:codiceEsitoSingoloPagamento>0</pay_i:codiceEsitoSingoloPagamento><pay_i:dataEsitoSingoloPagamento>2016-04-07</pay_i:dataEsitoSingoloPagamento></pay_i:datiSingoliPagamenti><pay_i:datiSingoliPagamenti><pay_i:identificativoUnivocoVersamento>RF75856</pay_i:identificativoUnivocoVersamento><pay_i:identificativoUnivocoRiscossione>146004149667547011</pay_i:identificativoUnivocoRiscossione><pay_i:singoloImportoPagato>45</pay_i:singoloImportoPagato><pay_i:codiceEsitoSingoloPagamento>0</pay_i:codiceEsitoSingoloPagamento><pay_i:dataEsitoSingoloPagamento>2016-04-07</pay_i:dataEsitoSingoloPagamento></pay_i:datiSingoliPagamenti><pay_i:datiSingoliPagamenti><pay_i:identificativoUnivocoVersamento>RF30890</pay_i:identificativoUnivocoVersamento><pay_i:identificativoUnivocoRiscossione>146004344539822431</pay_i:identificativoUnivocoRiscossione><pay_i:singoloImportoPagato>30</pay_i:singoloImportoPagato><pay_i:codiceEsitoSingoloPagamento>0</pay_i:codiceEsitoSingoloPagamento><pay_i:dataEsitoSingoloPagamento>2016-04-07</pay_i:dataEsitoSingoloPagamento></pay_i:datiSingoliPagamenti><pay_i:datiSingoliPagamenti><pay_i:identificativoUnivocoVersamento>RF63975</pay_i:identificativoUnivocoVersamento><pay_i:identificativoUnivocoRiscossione>146004682890547301</pay_i:identificativoUnivocoRiscossione><pay_i:singoloImportoPagato>60</pay_i:singoloImportoPagato><pay_i:codiceEsitoSingoloPagamento>0</pay_i:codiceEsitoSingoloPagamento><pay_i:dataEsitoSingoloPagamento>2016-04-07</pay_i:dataEsitoSingoloPagamento></pay_i:datiSingoliPagamenti><pay_i:datiSingoliPagamenti><pay_i:identificativoUnivocoVersamento>RF03988</pay_i:identificativoUnivocoVersamento><pay_i:identificativoUnivocoRiscossione>146004770394722571</pay_i:identificativoUnivocoRiscossione><pay_i:singoloImportoPagato>0.1</pay_i:singoloImportoPagato><pay_i:codiceEsitoSingoloPagamento>0</pay_i:codiceEsitoSingoloPagamento><pay_i:dataEsitoSingoloPagamento>2016-04-07</pay_i:dataEsitoSingoloPagamento></pay_i:datiSingoliPagamenti><pay_i:datiSingoliPagamenti><pay_i:identificativoUnivocoVersamento>RF851064</pay_i:identificativoUnivocoVersamento><pay_i:identificativoUnivocoRiscossione>146005935288747621</pay_i:identificativoUnivocoRiscossione><pay_i:singoloImportoPagato>90</pay_i:singoloImportoPagato><pay_i:codiceEsitoSingoloPagamento>0</pay_i:codiceEsitoSingoloPagamento><pay_i:dataEsitoSingoloPagamento>2016-04-07</pay_i:dataEsitoSingoloPagamento></pay_i:datiSingoliPagamenti><pay_i:datiSingoliPagamenti><pay_i:identificativoUnivocoVersamento>RF631072</pay_i:identificativoUnivocoVersamento><pay_i:identificativoUnivocoRiscossione>146006143248947641</pay_i:identificativoUnivocoRiscossione><pay_i:singoloImportoPagato>60</pay_i:singoloImportoPagato><pay_i:codiceEsitoSingoloPagamento>0</pay_i:codiceEsitoSingoloPagamento><pay_i:dataEsitoSingoloPagamento>2016-04-07</pay_i:dataEsitoSingoloPagamento></pay_i:datiSingoliPagamenti></pay_i:FlussoRiversamento>
