<?xml version="1.0" encoding="UTF-8" standalone="yes"?><RT xmlns="http://www.digitpa.gov.it/schemas/2011/Pagamenti/"><versioneOggetto>1.0</versioneOggetto><dominio><identificativoDominio>00569890379</identificativoDominio><identificativoStazioneRichiedente>02770891204_01</identificativoStazioneRichiedente></dominio><identificativoMessaggioRicevuta>adcf009d434347959b8287f423d13375</identificativoMessaggioRicevuta><dataOraMessaggioRicevuta>2016-04-07T19:37:00.092</dataOraMessaggioRicevuta><riferimentoMessaggioRichiesta>20160407192839</riferimentoMessaggioRichiesta><riferimentoDataRichiesta>2016-04-07</riferimentoDataRichiesta><istitutoAttestante><identificativoUnivocoAttestante><tipoIdentificativoUnivoco>A</tipoIdentificativoUnivoco><codiceIdentificativoUnivoco>02008</codiceIdentificativoUnivoco></identificativoUnivocoAttestante><denominazioneAttestante>UniCredit S.p.A.</denominazioneAttestante></istitutoAttestante><enteBeneficiario><identificativoUnivocoBeneficiario><tipoIdentificativoUnivoco>G</tipoIdentificativoUnivoco><codiceIdentificativoUnivoco>00569890379</codiceIdentificativoUnivoco></identificativoUnivocoBeneficiario><denominazioneBeneficiario>[99988          ] ERVET </denominazioneBeneficiario></enteBeneficiario><soggettoPagatore><identificativoUnivocoPagatore><tipoIdentificativoUnivoco>F</tipoIdentificativoUnivoco><codiceIdentificativoUnivoco>LCNLDA78L20D122I</codiceIdentificativoUnivoco></identificativoUnivocoPagatore><anagraficaPagatore>PAGAMENTO ANONIMO Web Payer</anagraficaPagatore><e-mailPagatore>aldos21@virgilio.it</e-mailPagatore></soggettoPagatore><datiPagamento><codiceEsitoPagamento>0</codiceEsitoPagamento><importoTotalePagato>105.00</importoTotalePagato><identificativoUnivocoVersamento>RF551022</identificativoUnivocoVersamento><CodiceContestoPagamento>n/a</CodiceContestoPagamento><datiSingoloPagamento><singoloImportoPagato>105.00</singoloImportoPagato><esitoSingoloPagamento>ACTC:PagamentoAccettato</esitoSingoloPagamento><dataEsitoSingoloPagamento>2016-04-07</dataEsitoSingoloPagamento><identificativoUnivocoRiscossione>00098385578113693927</identificativoUnivocoRiscossione><causaleVersamento>/RFS/RF551022/105.00</causaleVersamento><datiSpecificiRiscossione>9/123</datiSpecificiRiscossione></datiSingoloPagamento></datiPagamento></RT>