<?xml version="1.0" encoding="UTF-8"?>
<pay_i:RT xmlns:pay_i="http://www.digitpa.gov.it/schemas/2011/Pagamenti/" xmlns:xsi="http://www.w3.org/2001/XMLSchema-instance" xsi:schemaLocation="/opt/proctele/resources/PagInf_RPT_RT_6_0_1.xsd"><pay_i:versioneOggetto>1.0</pay_i:versioneOggetto><pay_i:dominio><pay_i:identificativoDominio>00569890379</pay_i:identificativoDominio><pay_i:identificativoStazioneRichiedente>02770891204_01</pay_i:identificativoStazioneRichiedente></pay_i:dominio><pay_i:identificativoMessaggioRicevuta>Imrb5wm3z32uj38g319tkh69z0x82km1d</pay_i:identificativoMessaggioRicevuta><pay_i:dataOraMessaggioRicevuta>2016-04-08T14:43:29</pay_i:dataOraMessaggioRicevuta><pay_i:riferimentoMessaggioRichiesta>20160408144141</pay_i:riferimentoMessaggioRichiesta><pay_i:riferimentoDataRichiesta>2016-04-08</pay_i:riferimentoDataRichiesta><pay_i:istitutoAttestante><pay_i:identificativoUnivocoAttestante><pay_i:tipoIdentificativoUnivoco>B</pay_i:tipoIdentificativoUnivoco><pay_i:codiceIdentificativoUnivoco>BCITITMM</pay_i:codiceIdentificativoUnivoco></pay_i:identificativoUnivocoAttestante><pay_i:denominazioneAttestante>Intesa Sanpaolo</pay_i:denominazioneAttestante></pay_i:istitutoAttestante><pay_i:enteBeneficiario><pay_i:identificativoUnivocoBeneficiario><pay_i:tipoIdentificativoUnivoco>G</pay_i:tipoIdentificativoUnivoco><pay_i:codiceIdentificativoUnivoco>00569890379</pay_i:codiceIdentificativoUnivoco></pay_i:identificativoUnivocoBeneficiario><pay_i:denominazioneBeneficiario>[99988          ] ERVET </pay_i:denominazioneBeneficiario></pay_i:enteBeneficiario><pay_i:soggettoPagatore><pay_i:identificativoUnivocoPagatore><pay_i:tipoIdentificativoUnivoco>F</pay_i:tipoIdentificativoUnivoco><pay_i:codiceIdentificativoUnivoco>CRCSFN81A22G467H</pay_i:codiceIdentificativoUnivoco></pay_i:identificativoUnivocoPagatore><pay_i:anagraficaPagatore>PAGAMENTO ANONIMO Web Payer</pay_i:anagraficaPagatore><pay_i:e-mailPagatore>stefanotermotecnica@hotmail.it</pay_i:e-mailPagatore></pay_i:soggettoPagatore><pay_i:datiPagamento><pay_i:codiceEsitoPagamento>0</pay_i:codiceEsitoPagamento><pay_i:importoTotalePagato>100</pay_i:importoTotalePagato><pay_i:identificativoUnivocoVersamento>RF791463</pay_i:identificativoUnivocoVersamento><pay_i:CodiceContestoPagamento>n/a</pay_i:CodiceContestoPagamento><pay_i:datiSingoloPagamento><pay_i:singoloImportoPagato>100</pay_i:singoloImportoPagato><pay_i:esitoSingoloPagamento>PAGATA</pay_i:esitoSingoloPagamento><pay_i:dataEsitoSingoloPagamento>2016-04-08</pay_i:dataEsitoSingoloPagamento><pay_i:identificativoUnivocoRiscossione>146011934494549501</pay_i:identificativoUnivocoRiscossione><pay_i:causaleVersamento>/RFS/RF791463/100.00</pay_i:causaleVersamento><pay_i:datiSpecificiRiscossione>9/123</pay_i:datiSpecificiRiscossione></pay_i:datiSingoloPagamento></pay_i:datiPagamento></pay_i:RT>
