<?xml version="1.0" encoding="UTF-8" standalone="yes"?>
<RT xmlns="http://www.digitpa.gov.it/schemas/2011/Pagamenti/">
    <versioneOggetto>1.0</versioneOggetto>
    <dominio>
        <identificativoDominio>00569890379</identificativoDominio>
        <identificativoStazioneRichiedente>02770891204_01</identificativoStazioneRichiedente>
    </dominio>
    <identificativoMessaggioRicevuta>0000000055432</identificativoMessaggioRicevuta>
    <dataOraMessaggioRicevuta>2016-04-07T16:04:11</dataOraMessaggioRicevuta>
    <riferimentoMessaggioRichiesta>20160407160125</riferimentoMessaggioRichiesta>
    <riferimentoDataRichiesta>2016-04-07</riferimentoDataRichiesta>
    <istitutoAttestante>
        <identificativoUnivocoAttestante>
            <tipoIdentificativoUnivoco>A</tipoIdentificativoUnivoco>
            <codiceIdentificativoUnivoco>CIPBITMM</codiceIdentificativoUnivoco>
        </identificativoUnivocoAttestante>
        <denominazioneAttestante>I.C.B.P.I.</denominazioneAttestante>
        <codiceUnitOperAttestante>COD_UNIT_OPER_ICBPI</codiceUnitOperAttestante>
        <denomUnitOperAttestante>DENOMINAZIONE_UNIT_OPE_ICBPI</denomUnitOperAttestante>
        <indirizzoAttestante>Corso Europa</indirizzoAttestante>
        <civicoAttestante>18</civicoAttestante>
        <capAttestante>20122</capAttestante>
        <localitaAttestante>MILANO</localitaAttestante>
        <provinciaAttestante>MI</provinciaAttestante>
        <nazioneAttestante>IT</nazioneAttestante>
    </istitutoAttestante>
    <enteBeneficiario>
        <identificativoUnivocoBeneficiario>
            <tipoIdentificativoUnivoco>G</tipoIdentificativoUnivoco>
            <codiceIdentificativoUnivoco>00569890379</codiceIdentificativoUnivoco>
        </identificativoUnivocoBeneficiario>
        <denominazioneBeneficiario>[99988          ] ERVET </denominazioneBeneficiario>
    </enteBeneficiario>
    <soggettoPagatore>
        <identificativoUnivocoPagatore>
            <tipoIdentificativoUnivoco>F</tipoIdentificativoUnivoco>
            <codiceIdentificativoUnivoco>DRMNGL77R05I234V</codiceIdentificativoUnivoco>
        </identificativoUnivocoPagatore>
        <anagraficaPagatore>PAGAMENTO ANONIMO Web Payer</anagraficaPagatore>
        <e-mailPagatore>ingegneria@studioderoma.com</e-mailPagatore>
    </soggettoPagatore>
    <datiPagamento>
        <codiceEsitoPagamento>0</codiceEsitoPagamento>
        <importoTotalePagato>15</importoTotalePagato>
        <identificativoUnivocoVersamento>RF08801</identificativoUnivocoVersamento>
        <CodiceContestoPagamento>n/a</CodiceContestoPagamento>
        <datiSingoloPagamento>
            <singoloImportoPagato>15</singoloImportoPagato>
            <dataEsitoSingoloPagamento>2016-04-07</dataEsitoSingoloPagamento>
            <identificativoUnivocoRiscossione>0000000055432</identificativoUnivocoRiscossione>
            <causaleVersamento>/RFS/RF08801/15.00</causaleVersamento>
            <datiSpecificiRiscossione>9/123</datiSpecificiRiscossione>
        </datiSingoloPagamento>
    </datiPagamento>
</RT>
