<?xml version="1.0" encoding="UTF-8" standalone="yes"?>
<RT xmlns="http://www.digitpa.gov.it/schemas/2011/Pagamenti/">
    <versioneOggetto>1.0</versioneOggetto>
    <dominio>
        <identificativoDominio>00569890379</identificativoDominio>
        <identificativoStazioneRichiedente>02770891204_01</identificativoStazioneRichiedente>
    </dominio>
    <identificativoMessaggioRicevuta>0000000055733</identificativoMessaggioRicevuta>
    <dataOraMessaggioRicevuta>2016-04-08T11:23:52</dataOraMessaggioRicevuta>
    <riferimentoMessaggioRichiesta>20160408112129</riferimentoMessaggioRichiesta>
    <riferimentoDataRichiesta>2016-04-08</riferimentoDataRichiesta>
    <istitutoAttestante>
        <identificativoUnivocoAttestante>
            <tipoIdentificativoUnivoco>A</tipoIdentificativoUnivoco>
            <codiceIdentificativoUnivoco>CIPBITMM</codiceIdentificativoUnivoco>
        </identificativoUnivocoAttestante>
        <denominazioneAttestante>I.C.B.P.I.</denominazioneAttestante>
        <codiceUnitOperAttestante>COD_UNIT_OPER_ICBPI</codiceUnitOperAttestante>
        <denomUnitOperAttestante>DENOMINAZIONE_UNIT_OPE_ICBPI</denomUnitOperAttestante>
        <indirizzoAttestante>Corso Europa</indirizzoAttestante>
        <civicoAttestante>18</civicoAttestante>
        <capAttestante>20122</capAttestante>
        <localitaAttestante>MILANO</localitaAttestante>
        <provinciaAttestante>MI</provinciaAttestante>
        <nazioneAttestante>IT</nazioneAttestante>
    </istitutoAttestante>
    <enteBeneficiario>
        <identificativoUnivocoBeneficiario>
            <tipoIdentificativoUnivoco>G</tipoIdentificativoUnivoco>
            <codiceIdentificativoUnivoco>00569890379</codiceIdentificativoUnivoco>
        </identificativoUnivocoBeneficiario>
        <denominazioneBeneficiario>[99988          ] ERVET </denominazioneBeneficiario>
    </enteBeneficiario>
    <soggettoPagatore>
        <identificativoUnivocoPagatore>
            <tipoIdentificativoUnivoco>F</tipoIdentificativoUnivoco>
            <codiceIdentificativoUnivoco>DMGPTR57R22L219X</codiceIdentificativoUnivoco>
        </identificativoUnivocoPagatore>
        <anagraficaPagatore>PAGAMENTO ANONIMO Web Payer</anagraficaPagatore>
        <e-mailPagatore>pietro.dimagli@gmail.com</e-mailPagatore>
    </soggettoPagatore>
    <datiPagamento>
        <codiceEsitoPagamento>0</codiceEsitoPagamento>
        <importoTotalePagato>15</importoTotalePagato>
        <identificativoUnivocoVersamento>RF431335</identificativoUnivocoVersamento>
        <CodiceContestoPagamento>n/a</CodiceContestoPagamento>
        <datiSingoloPagamento>
            <singoloImportoPagato>15</singoloImportoPagato>
            <dataEsitoSingoloPagamento>2016-04-08</dataEsitoSingoloPagamento>
            <identificativoUnivocoRiscossione>0000000055733</identificativoUnivocoRiscossione>
            <causaleVersamento>/RFS/RF431335/15.00</causaleVersamento>
            <datiSpecificiRiscossione>9/123</datiSpecificiRiscossione>
        </datiSingoloPagamento>
    </datiPagamento>
</RT>
