<?xml version="1.0" encoding="UTF-8" standalone="yes"?><RT xmlns="http://www.digitpa.gov.it/schemas/2011/Pagamenti/"><versioneOggetto>1.0</versioneOggetto><dominio><identificativoDominio>00569890379</identificativoDominio><identificativoStazioneRichiedente>02770891204_01</identificativoStazioneRichiedente></dominio><identificativoMessaggioRicevuta>d76e7f03eef34958b95d3ffe828737fe</identificativoMessaggioRicevuta><dataOraMessaggioRicevuta>2016-04-08T09:59:11.117</dataOraMessaggioRicevuta><riferimentoMessaggioRichiesta>20160408095500</riferimentoMessaggioRichiesta><riferimentoDataRichiesta>2016-04-08</riferimentoDataRichiesta><istitutoAttestante><identificativoUnivocoAttestante><tipoIdentificativoUnivoco>A</tipoIdentificativoUnivoco><codiceIdentificativoUnivoco>02008</codiceIdentificativoUnivoco></identificativoUnivocoAttestante><denominazioneAttestante>UniCredit S.p.A.</denominazioneAttestante></istitutoAttestante><enteBeneficiario><identificativoUnivocoBeneficiario><tipoIdentificativoUnivoco>G</tipoIdentificativoUnivoco><codiceIdentificativoUnivoco>00569890379</codiceIdentificativoUnivoco></identificativoUnivocoBeneficiario><denominazioneBeneficiario>[99988          ] ERVET </denominazioneBeneficiario></enteBeneficiario><soggettoPagatore><identificativoUnivocoPagatore><tipoIdentificativoUnivoco>F</tipoIdentificativoUnivoco><codiceIdentificativoUnivoco>SMLLCU84A19I470F</codiceIdentificativoUnivoco></identificativoUnivocoPagatore><anagraficaPagatore>PAGAMENTO ANONIMO Web Payer</anagraficaPagatore><e-mailPagatore>luca.somale@gmail.com</e-mailPagatore></soggettoPagatore><datiPagamento><codiceEsitoPagamento>0</codiceEsitoPagamento><importoTotalePagato>225.00</importoTotalePagato><identificativoUnivocoVersamento>RF551216</identificativoUnivocoVersamento><CodiceContestoPagamento>n/a</CodiceContestoPagamento><datiSingoloPagamento><singoloImportoPagato>225.00</singoloImportoPagato><esitoSingoloPagamento>ACTC:PagamentoAccettato</esitoSingoloPagamento><dataEsitoSingoloPagamento>2016-04-08</dataEsitoSingoloPagamento><identificativoUnivocoRiscossione>00099479962113704900</identificativoUnivocoRiscossione><causaleVersamento>/RFS/RF551216/225.00</causaleVersamento><datiSpecificiRiscossione>9/123</datiSpecificiRiscossione></datiSingoloPagamento></datiPagamento></RT>