numero riga;nome file RT
1;"4f3abecb-5a16-4459-8c4d-778118968e63_RF441414_RT.xml"
2;"d17942fa-8e1b-4d66-93dc-2c640980206a_RF161433_RT.xml"
3;"9e2d34ec-b8b1-4dec-bc89-c102680f8597_RF23822_RT.xml"
4;"6ea10bb4-43ed-4309-b3b0-c8a953a17ef3_RF221131_RT.xml"
5;"aa6d7847-7bb1-4ccf-bb60-3b9a03032103_RF47875_RT.xml"
6;"2234fd35-c143-4671-93a8-a4ec574e4b90_RF571374_RT.xml"
7;"af1dd7ad-2c7f-4d04-a6b1-5d7893ad76b8_RF361364_RT.xml"
8;"0186b986-0602-4426-ab06-94cb6ceccc93_RF471263_RT.xml"
9;"b4f01745-d615-4bc6-a1ab-6603fd70506b_RF061128_RT.xml"
10;"0b919418-2440-4806-abad-a996f5b18dda_RF751244_RT.xml"
11;"1ace2af5-4eb2-4f8c-92e2-86f86e394e32_RF59853_RT.xml"
12;"c21fe8be-baae-4791-b79e-7cf31efbee65_RF881107_RT.xml"
13;"b54719c0-65b2-414c-b54c-747500834358_RF111426_RT.xml"
14;"a9ffea61-b1d7-4ef3-8515-1fb1c3e9ef31_RF161336_RT.xml"
15;"f4e110e1-6649-4c87-8f0f-81cb8d39fe47_RF271332_RT.xml"
16;"e83c0cef-8d8b-40a3-bec2-3d71f825069c_RF541137_RT.xml"
17;"0966bb0c-77df-43a5-b782-7a77bcad88ae_RF78899_RT.xml"
18;"8c79b19b-e5e9-4332-b796-150ef4ddc3db_RF661406_RT.xml"
19;"e2e39f60-84b7-4bbe-92ad-73d3729e279d_RF631363_RT.xml"
20;"b194c52f-357a-45b0-821a-f42a3254e77c_RF711219_RT.xml"
21;"a8d0518c-088c-45e9-a16a-42cba00df81c_RF451493_RT.xml"
22;"a92bd84b-0606-4d4a-b97b-aae8246d6db4_RF131487_RT.xml"
23;"12e07892-8049-4248-8199-c12e23e8426d_RF381425_RT.xml"
24;"18a5d49c-8acd-4bb4-a402-992e220089ef_RF871222_RT.xml"
25;"d1092a7d-6cc0-4fc7-8c08-5ff47b5476e1_RF611205_RT.xml"
26;"c63be1a4-0f6a-4d78-a299-13236c2282ce_RF55828_RT.xml"
27;"f216add8-9cd7-435b-af80-22b578021d54_RF521464_RT.xml"
28;"8e97a856-3d71-4c3c-9912-b10f88997505_RF301278_RT.xml"
29;"19c9b1fb-33d5-4b76-9368-90bbc2029a12_RF731086_RT.xml"
30;"f49a19f4-afbf-4440-aea1-7fbdcdf23806_RF201070_RT.xml"
31;"19832f80-7652-4a1a-a41d-aa91be0c4044_RF71928_RT.xml"
32;"e7bb64be-fb23-4d5d-b6b6-2eb7a441b290_RF631266_RT.xml"
33;"5bc97412-03e7-4fd6-97f7-7b5de9603d14_RF68982_RT.xml"
34;"8fcfe21a-b300-48dc-849b-70b878cd82e5_RF45814_RT.xml"
35;"83d2bc10-1f17-4b58-bbf0-6fb8eeb9d3e7_RF15966_RT.xml"
36;"bb97b130-c4e9-4a66-a13a-afaed190d686_RF471457_RT.xml"
37;"b1932edd-e11c-46b7-812c-6e7850b4d4b3_RF89798_RT.xml"
38;"e3fb9ec0-61a8-4a1d-9eaf-e57c511a9afd_RF161239_RT.xml"
39;"6b9879c1-8ca8-403b-8502-b6f6af752306_RF861240_RT.xml"
40;"c85ed977-7abb-45a2-a1ef-c0c2fb5e4e98_RF681176_RT.xml"
41;"775453a6-b415-48fa-9c4c-9d24660608ab_RF751535_RT.xml"
42;"6bf63c08-ce9c-44f6-8a90-b11e6de47685_RF341303_RT.xml"
43;"1a51a0af-24a6-4985-9740-4dea545e0f1c_RF42965_RT.xml"
44;"4cbfa8c4-f6bb-4edf-90ba-c9552ef22d21_RF781093_RT.xml"
45;"837c0c01-8115-4e81-9d7e-fe146f894d42_RF95884_RT.xml"
46;"4d19dda9-c445-463b-98e2-fc2351972afc_RF511191_RT.xml"
47;"87c01e15-4755-4503-b5f5-26764e90d1ce_RF071207_RT.xml"
48;"67bd59cc-01c4-4138-820e-2070bae8b643_RF38940_RT.xml"
49;"2eb78a32-43c8-4e9a-b555-e0d656ed7748_RF86852_RT.xml"
50;"1b30cdbf-ff5b-4bc9-bd48-b6b88b3dbaec_RF251077_RT.xml"
51;"31ca9cc5-c9c3-48ff-91cf-b50f91903e88_RF501112_RT.xml"
52;"39f1c3ba-07e5-4c8c-bfd0-dfd21005c5ec_RF05952_RT.xml"
53;"e7ff333d-ef6b-4805-8c0e-c11a303421f3_RF831197_RT.xml"
54;"e8e4da7c-b198-49dd-9ca0-7e2c4a118f29_RF541525_RT.xml"
55;"3eb2a773-5cf0-4a19-aa71-d8a8886c6156_RF851258_RT.xml"
56;"b0bec3bf-a174-47d6-a355-ad717ef984f2_RF291490_RT.xml"
57;"a6c32db8-cca4-4f1f-8950-b3f52f2961f7_RF051534_RT.xml"
58;"0fa71cab-2dd8-4b8b-8954-399621074d33_RF67806_RT.xml"
59;"8d279c5a-edbe-43f2-bf8c-fcbc20ab3107_RF421062_RT.xml"
60;"3eff428c-42c4-498a-812f-8231849c1bc1_RF271526_RT.xml"
61;"ffa7bb86-2a62-4cc3-bfd6-2735a4e040d9_RF98927_RT.xml"
62;"b02baaa0-884b-4282-b60f-0e5163424679_RF81942_RT.xml"
63;"1b8b7abb-015c-4871-9a64-c3b7998bd097_RF201167_RT.xml"
64;"8364a30f-c86d-481f-9015-dab09261d2d0_RF19894_RT.xml"
65;"fdda3502-7181-447c-80da-558a4a9d885f_RF441317_RT.xml"
66;"74be2034-12bb-4250-b81f-76f1bb937cd3_RF401486_RT.xml"
67;"0f4a15db-16c0-46bd-8f3c-b799d7d99b41_RF501209_RT.xml"
68;"0322cf78-be90-4bfb-b60d-27ebf8611a4f_RF561392_RT.xml"
69;"b6d626d0-e645-4007-9c7d-fbe7c43d2295_RF611302_RT.xml"
70;"e5106a2a-a558-45a2-90a5-6845b47c67ad_RF521270_RT.xml"
71;"26941b3c-866b-41e9-b064-87468397810d_RF861434_RT.xml"
72;"b358a2ba-6917-460e-836e-675f79d30520_RF85870_RT.xml"
73;"6ff1b5ff-b9a5-4b8f-90c2-aa788166a758_RF931405_RT.xml"
74;"e93641a9-b59d-40f2-911e-9c71574c8aeb_RF021394_RT.xml"
75;"7c4a0eab-5331-49aa-828d-72ea949b1ef1_RF73892_RT.xml"
76;"2a42f062-e3ea-4729-984f-e9b85fa148da_RF18912_RT.xml"
77;"25d7897f-e5ce-41ba-a90b-38f5f44836e4_RF60932_RT.xml"
78;"2c79ec98-7b92-4e0a-8ccb-4f4ea8ee2ad9_RF46990_RT.xml"
79;"ba0d844a-115d-43a4-b999-59c89b88c82d_RF841082_RT.xml"
80;"16a569f6-641d-4f51-90c8-cb1cd24d323f_RF691352_RT.xml"
81;"6657ad92-27ee-4958-ba51-2f44a11adc22_RF27847_RT.xml"
82;"39bbcabf-a97c-422e-a235-ed77180bcc4d_RF261156_RT.xml"
83;"b2aa9af0-b693-49ef-bf4f-0683ed4bd948_RF371346_RT.xml"
84;"ce85a853-135e-4e6f-93c8-8b3cbf36474e_RF63975_RT.xml"
85;"659693b0-d9a5-4037-8029-a417f0106d4f_RF771402_RT.xml"
86;"e9004fde-9639-4adf-b081-c268670e3da5_RF78802_RT.xml"
87;"39bda92c-4963-4a2a-b4c7-2104f8b49042_RF171221_RT.xml"
88;"28106c6f-a7d6-4c1c-a13b-6e181efb571d_RF871319_RT.xml"
89;"028ce883-5c60-4e9f-8f83-868811aeb572_RF151354_RT.xml"
90;"4d514f7f-fbc5-4e97-8b8c-e71676fb00ff_RF581065_RT.xml"
91;"4a4f77a7-b3a2-4aea-8761-6a902ae3bb2b_RF04970_RT.xml"
92;"db5364e2-7fd8-4038-9533-e076e1f5c609_RF231210_RT.xml"
93;"7e8251f4-7983-4367-bf8d-ea6d1f96fa96_RF241192_RT.xml"
94;"7f8fce4b-8ba9-499b-b980-df1dd7bd9c1f_RF93920_RT.xml"
95;"d61f04a8-1bb9-4516-a0df-3740366c3fec_RF051243_RT.xml"
96;"4747760a-6c1c-454c-8c63-28f0b1adc98b_RF25980_RT.xml"
97;"e9f39276-818c-4fd0-a759-89d6c6084a1b_RF181397_RT.xml"
98;"10348928-2bb4-4aeb-a684-8594ccae57ea_RF861337_RT.xml"
99;"fec52535-62c9-48da-9e08-5da5e22c9dac_RF511094_RT.xml"
100;"f191e450-93ee-413b-a232-564bfdecebd3_RF961254_RT.xml"
101;"2a05d04b-7af7-452c-b5d7-7c4950eb1d5c_RF311163_RT.xml"
102;"3eb723f8-5348-449b-9d3b-3c94f7800b53_RF031473_RT.xml"
103;"b850e7f1-0f1b-4516-9a55-492099194d32_RF821215_RT.xml"
104;"3d530c75-aeb0-4dd8-aa8b-780f0391889e_RF22937_RT.xml"
105;"27dbcd77-309a-4aad-b73a-d5fa36551295_RF311066_RT.xml"
106;"acccc472-6310-440b-892f-1ad34b50a84e_RF451202_RT.xml"
107;"d8bcff82-1c50-4847-99c6-18e944b8952b_RF771111_RT.xml"
108;"5b4695e7-1cbf-4e17-85d5-5f80f7d35747_RF761129_RT.xml"
109;"065904e2-bbaa-409b-a0ff-1493403d97b8_RF591144_RT.xml"
110;"b29eb11e-67db-46a3-a24f-a63f51a7c4ac_RF10959_RT.xml"
111;"aefc52eb-f544-4801-9023-7abcbe8b9364_RF30890_RT.xml"
112;"243c2c89-44e7-4071-bcc2-b881708519fb_RF651230_RT.xml"
113;"e03d89ea-7bd7-49c0-bc11-218b8f9606d9_RF231113_RT.xml"
114;"e4b53641-69e5-456d-a43a-613d6e5aa2b2_RF52882_RT.xml"
115;"814db6e5-6380-4ed2-9b04-52107dfa7b44_RF08801_RT.xml"
116;"a752bf1b-8267-4393-b611-3d5a6a70bbdf_RF301084_RT.xml"
117;"ec04814e-4975-4f56-a00b-6e673ac3a995_RF38843_RT.xml"
118;"04035c6d-e7a3-42bb-b0fa-e1dd5d2e5b7a_RF24901_RT.xml"
119;"f9932069-1dd5-458c-a77e-7a8072de7c40_RF931308_RT.xml"
120;"b727cae7-1aa9-402a-b6c2-42785ce73edf_RF901459_RT.xml"
121;"9cec9e93-177e-4ae6-bce6-03a7444eb34f_RF441026_RT.xml"
122;"54f5eb06-09d7-4257-8b43-5bc15bcec7cb_RF711025_RT.xml"
123;"d0d90a53-0913-48ec-a6d0-70f81574c5f0_RF101347_RT.xml"
124;"e82c9628-2ce5-4db1-a14b-0f1ba305f5fc_RF271138_RT.xml"
125;"f3624ef5-4b4f-487d-9e8e-2e8c2e62c77e_RF91859_RT.xml"
126;"07d86bbb-9330-4251-8d0b-8baa7881411f_RF231016_RT.xml"
127;"9144f14c-466a-4e55-a173-8d7100b930ec_RF69964_RT.xml"
128;"738d5463-a745-4772-80ce-5ee6d84e58fe_RF281508_RT.xml"
129;"6cadc4ac-a54f-4a25-83cf-9d629112f96c_RF911441_RT.xml"
130;"da87c103-9fb5-4af4-abcc-6724585cc892_RF501306_RT.xml"
131;"08cf0465-b95e-4417-a8bd-897d7ba4e935_RF581162_RT.xml"
132;"7b05bc18-3976-4f16-a5b3-5e2b66c8ea48_RF741262_RT.xml"
133;"17fabcad-b3dc-4a99-9cb3-8ad7e0ce9111_RF211149_RT.xml"
134;"0c187fa3-6d6a-4fb3-864f-4001ddda2791_RF571180_RT.xml"
135;"1f254dbd-3cdc-4bb1-b9bc-745c53cf0bc8_RF741456_RT.xml"
136;"91158f74-1d76-4d05-98cb-8ad58f72b64d_RF391310_RT.xml"
137;"d3392bb7-039f-4470-ab45-b54da49db818_RF461281_RT.xml"
138;"ca438d52-e91a-4a98-ad14-37d509f592a4_RF61914_RT.xml"
139;"e268eb48-ceb9-43be-8091-f0f465916405_RF981315_RT.xml"
140;"1d079356-99bc-436f-890d-12948be3d49c_RF66824_RT.xml"
141;"dc4197ac-8e9f-4a19-9113-d86f4dcaea8f_RF111232_RT.xml"
142;"3da84bf7-7d73-46b5-884b-a8e89dc4327b_RF54943_RT.xml"
143;"adb48a23-144e-4d13-b078-95ae4fc1e6b8_RF931502_RT.xml"
144;"ede9edda-8437-4ba9-9344-004716dee85b_RF751438_RT.xml"
145;"14ba96a8-cd61-4bd8-a250-2b4f025960d0_RF47972_RT.xml"
146;"231e8f76-d10d-4553-9bc4-6e4a3c6bac15_RF96963_RT.xml"
147;"41a13401-6f8a-42de-a80f-06948f1fe3c8_RF06934_RT.xml"
148;"d1fba78c-11dc-4671-bc5c-76d95e9a5b1e_RF611496_RT.xml"
149;"7248c79c-3968-4fcf-b1d7-ec8a8ecb74ad_RF451396_RT.xml"
150;"2ebbfdfe-3d64-43b0-a529-f8ef8928d98d_RF671388_RT.xml"
151;"61879f07-f226-4f62-ac5e-83f526398fce_RF43947_RT.xml"
152;"87e35aff-79f6-42d8-85b6-f1861ef59af6_RF101444_RT.xml"
153;"7943d083-a09b-4ebd-bca2-1d07a187986b_RF31872_RT.xml"
154;"4748263d-6272-4e64-819d-4ff95a7364b4_RF88816_RT.xml"
155;"7235edde-c0a6-407d-9ce7-f071abffa42c_RF28829_RT.xml"
156;"9219711a-a205-4ee1-97c6-ce295eafea58_RF241483_RT.xml"
157;"e8298048-34aa-4a05-bd8b-c53d1b409a90_RF611399_RT.xml"
158;"48783063-06cc-47c7-8ca7-3fc8c0ce27ea_RF28926_RT.xml"
159;"748e1708-44cc-4144-8f6b-d32c55f90537_RF291199_RT.xml"
160;"bd5bf486-7462-4070-87a6-cb2c75f3e0a7_RF691449_RT.xml"
161;"ed27a98e-9827-41f4-8236-420163db2ae8_RF481245_RT.xml"
162;"96d49fac-ff32-4f6d-821b-c435cb85f41f_RF921229_RT.xml"
163;"478448c5-32ec-4fde-ac8d-1fa885e78fd9_RF111038_RT.xml"
164;"0602760f-a8bb-43ab-be8d-3ccca4fdce1b_RF401292_RT.xml"
165;"81ddcdc5-35df-4b35-bacc-49176a951c26_RF781190_RT.xml"
166;"ca075dcb-b6c6-4052-a036-f84551b1a6b8_RF891089_RT.xml"
167;"0eef1b5c-6480-4c2c-bb2a-c3a1ba888e9f_RF421159_RT.xml"
168;"051db240-87b4-409b-8265-0ab917691626_RF521367_RT.xml"
169;"49ff0188-316c-449f-9063-bbd0df172af6_RF761420_RT.xml"
170;"a7fe3e2b-fb37-48d9-9495-6d374b435bed_RF231404_RT.xml"
171;"0bf6863f-519a-4c48-92ec-7a5b9b8b4cd3_RF161142_RT.xml"
172;"8f4399cb-8811-47ba-9189-7f0a0ef63b44_RF911150_RT.xml"
173;"bfe14362-787a-4ce0-a777-4aec3eed3402_RF75856_RT.xml"
174;"19dfb0bf-8bbb-41c2-90f7-e043190a34e3_RF14984_RT.xml"
175;"7b98f47f-a67d-4a95-bf37-e92e9f9c2e9f_RF451008_RT.xml"
176;"2983439d-2282-4df8-965f-53f19c3c0fa8_RF841373_RT.xml"
177;"a014ef18-a679-42dc-ba71-a0141c6caafa_RF97848_RT.xml"
178;"8f3ccb33-7caa-41c4-892b-a6689ea485f1_RF971333_RT.xml"
179;"a79292ea-d383-4ee2-ba1c-d557cd4b0b68_RF821118_RT.xml"
180;"736b2bac-543f-48af-aca2-68061e44b48e_RF871028_RT.xml"
181;"8bc63f0e-891b-4889-88da-787e14b836cd_RF05855_RT.xml"
182;"761270ee-03e2-4aa4-ae50-487517718955_RF801154_RT.xml"
183;"1e55668b-2904-4203-8ca0-44dd18c5a6ea_RF53961_RT.xml"
184;"0904e6ce-4cff-43ce-9243-aaa0aff4f4d0_RF031279_RT.xml"
185;"266760f9-ebb0-422c-aaaa-37858df609f8_RF471360_RT.xml"
186;"aec058c3-6f38-42b7-bbe0-cc3e2e757f07_RF361073_RT.xml"
187;"da71c08a-70ec-411a-a66d-d69420d84d12_RF10862_RT.xml"
188;"acd2ac6f-f466-420c-8da5-62213fc786b1_RF091462_RT.xml"
189;"644f3054-727d-47f0-95b8-b0416b97ef8a_RF03988_RT.xml"
190;"f30ed227-1494-4a7f-a6c1-b098ca81c6f4_RF841470_RT.xml"
191;"2be94ecb-1004-4127-94f7-58ecb5986386_RF601320_RT.xml"
192;"fe834394-2652-49b9-a88b-979e8f61dffc_RF311454_RT.xml"
193;"ff5f7fd4-5bfe-4084-bdf0-f101c4bb2d68_RF271235_RT.xml"
194;"6f960961-cdd3-4f86-b6b0-a41c5c8ce064_RF771014_RT.xml"
195;"818f9dd0-1446-4f99-98da-6976dbf714ed_RF831100_RT.xml"
196;"d9cc3042-c0be-446a-b705-287480e217ca_RF061322_RT.xml"
197;"63ae6c6f-00fa-4fc9-900a-d541bfd52b1f_RF621090_RT.xml"
198;"70f7ff53-024b-4ffc-a49e-2558824256e9_RF931114_RT.xml"
199;"0481cf81-0787-43f3-a3a5-634a6b4d4622_RF181300_RT.xml"
200;"939733f8-2303-4b8b-bf6b-bc77b2fa3231_RF311357_RT.xml"
201;"2e157693-79cc-4444-94af-e6661bb5ef6f_RF58871_RT.xml"
202;"51756eca-4654-4e57-a69b-db16401e85dd_RF371249_RT.xml"
203;"198c3546-8845-4708-8408-3a4b568f055c_RF251174_RT.xml"
204;"70498c27-df4c-4c4b-a6d6-6999085a1976_RF94805_RT.xml"
205;"d105a8e0-01c9-442b-8728-afa98df64db0_RF20876_RT.xml"
206;"29b3e18e-198c-42b6-8d3c-eff009fd781d_RF431529_RT.xml"
207;"6b5beaa8-0285-485f-be03-5d8fa38a020f_RF67903_RT.xml"
208;"d3e7416c-afbb-45ca-9933-df9bdaf0c785_RF53864_RT.xml"
209;"a7aed703-3af6-43a5-8338-9620902eef52_RF88913_RT.xml"
210;"b78ac771-bbee-446d-a1e7-130cf66597de_RF961351_RT.xml"
211;"94a1cdb7-6d48-4ba4-ac8c-8e691d1f19a0_RF161530_RT.xml"
212;"489947f7-2a9c-4d6e-939b-e2ec1d8b2dac_RF861143_RT.xml"
213;"42a4791a-6e29-48bf-bd8a-8e9ca25ec992_RF84888_RT.xml"
214;"a4e82892-b9d9-46f1-b231-426d69257a25_RF811427_RT.xml"
215;"4bdd4fb2-ded4-456b-964c-d2835f8bd5d3_RF16851_RT.xml"
216;"ecf73fb2-1da0-4f4f-8f66-9144b456784d_RF971042_RT.xml"
217;"d61760ca-8a7b-4bb1-919c-42fba6de5822_RF551216_RT.xml"
218;"3777424d-6934-4211-861f-43f57c72ca10_RF69867_RT.xml"
219;"60c19eea-24fb-4019-a404-69f83ce522f7_RF981218_RT.xml"
220;"af8ba2b6-0cc9-411f-abc6-3854497ccd7c_RF391213_RT.xml"
221;"17859c0b-2c44-4e82-901d-11b3736c9a2b_RF60835_RT.xml"
222;"bc9483e1-2bf8-4952-b6f4-a205db218e4f_RF431141_RT.xml"
223;"83b1d94a-65bf-47d8-b836-11647aba7182_RF961157_RT.xml"
224;"5b45d4ca-0d1d-44b8-904d-c7a3275611f8_RF111523_RT.xml"
225;"916bc9f1-0dbb-4911-b496-7a5cae8d591a_RF591047_RT.xml"
226;"1687be4f-8011-4409-af19-f7c2ffb6fcd5_RF34818_RT.xml"
227;"f778660b-acda-4040-a181-b81927936962_RF34915_RT.xml"
228;"2924216f-6166-4c17-a47e-be6b58886cba_RF93823_RT.xml"
229;"6092f209-da5a-407a-a7bc-b75ab4f95f27_RF241386_RT.xml"
230;"bec052a2-ac7c-425d-95c7-a009280a3211_RF951272_RT.xml"
231;"0610602e-eb58-4b46-8469-11e1f6ccc330_RF821409_RT.xml"
232;"4857ff41-dbff-4946-b401-636232c036d2_RF221519_RT.xml"
233;"a6eebb81-b19f-45b2-876e-273f5ee3bf12_RF681370_RT.xml"
234;"04ba4e6c-94c3-48b8-ad82-18f05942aecf_RF701431_RT.xml"
235;"cdb8b936-2008-4c9f-98d0-3d0ae0e73ccf_RF711122_RT.xml"
236;"edeb283b-210f-4d33-9b59-2fa4f1dec192_RF291102_RT.xml"
237;"1550ba9e-bfbe-4cf1-a503-4bcdf98e8f5f_RF43850_RT.xml"
238;"c136505d-edb1-4430-ab25-3cec39d77e85_RF801445_RT.xml"
239;"4e968fe0-a1c2-430d-bdad-40dffc7ad406_RF791269_RT.xml"
240;"d9ca666c-4756-4472-a54a-58a30bcc4331_RF841276_RT.xml"
241;"e68cb0a3-afd4-4dfe-a210-d5412df553b4_RF321436_RT.xml"
242;"ebee007e-0318-43d1-ab8c-546a45131ff3_RF391504_RT.xml"
243;"fe8317d9-3849-4c62-9cac-eda12e617b8e_RF111329_RT.xml"
244;"080a7a8a-f445-4320-a97f-d30d8592a146_RF44832_RT.xml"
245;"8d2424c0-532a-4302-93f7-d17cf605cb4f_RF131293_RT.xml"
246;"a34985aa-2e5a-4030-977f-ba2e1314dd06_RF421353_RT.xml"
247;"14524334-5eb2-4b7b-b2ad-152831a4b5ba_RF811524_RT.xml"
248;"dfa8783f-7dfd-4137-a612-c93885a800bf_RF32854_RT.xml"
249;"aa726276-8cc1-47ab-8259-59c4570622af_RF18815_RT.xml"
250;"929255bc-bc03-4fdb-8d89-f3508036d2ac_RF07916_RT.xml"
251;"072199db-c894-4ab9-88fc-c3bd0ce6d71a_RF881301_RT.xml"
252;"8c776e02-cb2e-48ed-b774-9a736639da11_RF35994_RT.xml"
253;"80cfd52c-af8f-4ecf-917f-7591a0234eb9_RF641248_RT.xml"
254;"aa8b0a4f-bfe2-431e-8764-478741997793_RF631072_RT.xml"
255;"3ba51456-d3a1-4c6f-81a4-5772b87e08d8_RF741068_RT.xml"
256;"96ab2b18-b30d-4005-ad6e-c0edae021274_RF511482_RT.xml"
257;"677ae856-58f0-4f75-bf77-76e22e447aa0_RF101056_RT.xml"
258;"8c0ef82b-2bad-476a-beab-beb3125b0a23_RF071013_RT.xml"
259;"2a2b0138-a525-4126-a6ad-38e0f51e5f40_RF361170_RT.xml"
260;"a172c578-213b-4007-b3ef-26a5edc95d08_RF27944_RT.xml"
261;"0ac9b9fc-b7c8-4c88-a27a-37d7d1c615f8_RF221034_RT.xml"
262;"18d41324-57e2-4d99-9556-0345f358462f_RF97945_RT.xml"
263;"1d6da210-7a5f-4da5-a62a-0e87226c5740_RF07819_RT.xml"
264;"130d09d6-ea0d-4233-94ca-93cfbbf58c12_RF971139_RT.xml"
265;"06f5f00b-b447-4924-98d9-80d433b1963d_RF76935_RT.xml"
266;"5b0e7f1e-87c3-401c-9d3f-7777fc072f5b_RF98830_RT.xml"
267;"2651cf9b-f4b9-4a6c-93a2-ac5d15e7bd46_RF271041_RT.xml"
268;"7fff3420-efbd-4b83-8457-6df244865057_RF091268_RT.xml"
269;"61a6b702-f642-427c-ae15-92e049c76373_RF791463_RT.xml"
270;"179fc2c1-09da-4f1a-9e4b-867df1682ea0_RF081383_RT.xml"
271;"5a6af109-69fa-49df-a066-209877d59e3b_RF331515_RT.xml"
272;"c76ec605-2c57-47e0-afd8-8578a3a94528_RF531349_RT.xml"
273;"a00490a6-524b-4ef8-a33b-bbd59f29fafd_RF021103_RT.xml"
274;"4955b906-11f1-4d47-86f3-24a05cfd805e_RF961545_RT.xml"
275;"43bfa88f-994b-42ef-ba6b-44207f5ae3d1_RF87834_RT.xml"
276;"838ccb29-dcdd-4a90-9894-a986ca4fb02e_RF181494_RT.xml"
277;"190f1d25-e482-4a6e-98f9-7b1dc03e257d_RF32951_RT.xml"
278;"9e6a2d4d-8f3b-4af8-94a8-f1a2ad7d5974_RF041067_RT.xml"
279;"1fc58288-7659-41ad-b801-bdf7dc58232e_RF81845_RT.xml"
280;"1e1d3444-9d07-4ab6-8e79-805805f5f71c_RF291393_RT.xml"
281;"8d1c34cc-fc18-41dc-a5a9-d6640fef8393_RF261253_RT.xml"
282;"64710441-5413-48b9-8f85-4334bbc7bd5b_RF19797_RT.xml"
283;"0345b582-61d7-4564-845a-ef5c14380a60_RF571471_RT.xml"
284;"ba4ec7e7-3604-448a-967d-12a4ed89c7f8_RF801348_RT.xml"
285;"563d45f5-ce10-4881-a167-4d8b206652ec_RF471166_RT.xml"
286;"1550a7c5-f022-4bcb-97f0-b60858464274_RF851064_RT.xml"
287;"4539a097-f3bf-469b-a8fb-11252df50d15_RF251368_RT.xml"
288;"bc73010d-addb-4b0f-b15a-d239ef17a038_RF791366_RT.xml"
289;"f58c6f46-4652-43da-a38e-75f7d0c4fc95_RF071110_RT.xml"
290;"27268430-9abf-4375-9a5f-0013ea07cf28_RF871416_RT.xml"
291;"1b448d36-3e00-4075-88f8-ee0771cb9e49_RF301181_RT.xml"
292;"35d9d8e3-1bf3-496e-ab4d-cee6e470ec7d_RF12923_RT.xml"
293;"dc190bcb-5485-42dd-8718-fe257a747a17_RF59950_RT.xml"
294;"ab9b1dfa-504f-4811-97cf-3d0f357bbe00_RF941290_RT.xml"
295;"7f477545-9df7-46ee-a3bf-855aad9aa3a3_RF23919_RT.xml"
296;"c5f49a43-6107-4b76-b255-838ffbdab524_RF341109_RT.xml"
297;"2633d057-a8cd-4a48-81a5-b76d7fdc9f11_RF561101_RT.xml"
298;"1ebe7211-0c61-4544-b1a1-a70a180c0a5e_RF141469_RT.xml"
299;"7dc9be73-89ca-481d-8bf0-72e81b65cc7d_RF641151_RT.xml"
300;"790f35a7-1b50-4613-a270-4c6cd2e5c9c2_RF321533_RT.xml"
301;"aafa5077-5d60-4d52-aca1-82e18ddd24d9_RF33836_RT.xml"
302;"5c53644e-c0ac-4240-b03a-7c24ebe8b233_RF68885_RT.xml"
303;"dfba9109-2729-4445-a771-7ee8e6afc040_RF471069_RT.xml"
304;"1f2e9e6a-1fed-4dd3-9881-71a59d4a56be_RF94902_RT.xml"
305;"5b2bea53-400a-421e-9169-f77a4b09aa9e_RF77820_RT.xml"
306;"cbbd9c56-643b-46a8-9042-46a403904458_RF721395_RT.xml"
307;"23b1bed5-2b14-49b6-9863-6221b3908938_RF79881_RT.xml"
308;"f2b37b58-5342-425e-847f-43e324dae912_RF101541_RT.xml"
309;"579940f1-fd9e-41d7-b249-257eb43f9ada_RF911344_RT.xml"
310;"1f001466-8a89-44bc-bd9d-a04c236439ad_RF84985_RT.xml"
311;"a01e3d05-52ac-45a2-aaa6-679c04f93223_RF701043_RT.xml"
312;"f762b856-ebce-4189-8704-3ff54d3e661d_RF431238_RT.xml"
313;"7b9ab762-7777-4b0e-9bd7-67faf5f62650_RF331321_RT.xml"
314;"e4dc62bc-5eee-4f9d-8f10-fa556c4ea7a6_RF941096_RT.xml"
315;"e2df6d3d-800e-4f2a-ba33-d0255bef1814_RF581356_RT.xml"
316;"570f841f-e93f-4e6b-95f4-710af03aae23_RF461087_RT.xml"
317;"5df3113c-a112-4526-b4fc-4f67245c1c65_RF551313_RT.xml"
318;"1a368a80-eda6-45fa-95f3-249def4d32cf_RF351382_RT.xml"
319;"26ba9673-2cfc-41b8-aa9a-477022707283_RF171318_RT.xml"
320;"b5c3d04f-4255-4857-99ab-19ad4e4bfcee_RF941193_RT.xml"
321;"af1281a1-6211-4e11-a38b-407f83441640_RF76838_RT.xml"
322;"ce3fd2f7-b65f-4798-a7e8-9a730d3a3f8a_RF57889_RT.xml"
323;"614e4bad-ecd4-4caa-9181-3fe2f86cb3da_RF971236_RT.xml"
324;"c7623cc6-2bee-4055-b0f6-dffecb2af565_RF911538_RT.xml"
325;"ab978985-0016-4423-8d40-a6773d526f31_RF211052_RT.xml"
326;"6ec32178-6c96-4379-ba90-d9fc78f590f0_RF521076_RT.xml"
327;"5ded8712-7283-4025-9fe6-1a37e4fe5e0f_RF13808_RT.xml"
328;"5b08fd27-9475-4b7a-95a2-ae4fa8b5f468_RF581453_RT.xml"
329;"cfc06c1f-d6f9-4626-9825-72d03b930352_RF78996_RT.xml"
330;"cecb7a4c-021d-4243-ae9e-371ee5d43712_RF591338_RT.xml"
331;"70119154-f1f9-479e-9b6f-715e8d62d34e_RF721104_RT.xml"
332;"c6a13b98-7c58-4813-b2d2-4158248b1525_RF341400_RT.xml"
333;"7b3c3c7a-dc4c-479a-a6a8-b6c35a9de4e5_RF33933_RT.xml"
334;"5e58cf27-abb7-4a11-9412-5d982e577bae_RF191282_RT.xml"
335;"6d8b337e-2d8f-4b6d-b22f-e786db3611ac_RF761323_RT.xml"
336;"589dafde-7581-44d6-84bf-da9b3d7c0079_RF051340_RT.xml"
337;"e9d918bc-dfc2-46a1-aaca-b0cb5139a988_RF56810_RT.xml"
338;"66a35b09-0b32-4a72-a169-f8256c820504_RF411080_RT.xml"
339;"745aaf77-069f-45a9-8701-1b5c7a703e77_RF331418_RT.xml"
340;"a80e9a2c-86cc-4a79-9029-944315359f5b_RF431335_RT.xml"
341;"1e26882e-e210-411f-875b-734fabc9a596_RF051437_RT.xml"
342;"61a0553f-7a48-418d-8fd8-b0564b011b8b_RF611108_RT.xml"
343;"40bbab71-8530-4f0d-8ff9-8d1a3482325d_RF071401_RT.xml"
344;"55364c8a-78b5-4a3e-93f2-ca0394664743_RF891477_RT.xml"
345;"0e1ac490-5758-42b0-ae3e-24ee5e8abc92_RF601029_RT.xml"
346;"eac04244-ac38-4c25-9b24-6129c17a0d57_RF541234_RT.xml"
347;"84120afb-b8e6-4c2c-a8be-53ebcf58c55d_RF19991_RT.xml"
348;"b0bd8914-5f3b-447f-81fd-061b10247b5e_RF13905_RT.xml"
349;"0efecc9f-7189-4ace-8973-37f4682991ae_RF441511_RT.xml"
350;"8ca0c783-5bb7-4122-9c84-63bc44e4f1e7_RF181106_RT.xml"
351;"63ca698d-4d65-48c9-b640-3f90bfd3e108_RF041261_RT.xml"
352;"2482ec94-1b57-4670-ac69-6df0dd441ad2_RF55925_RT.xml"
353;"32dcbf74-64a4-4d3e-a7aa-f211b5a655be_RF37861_RT.xml"
354;"a230405c-c7ff-41cb-a81c-4af9e983c9e8_RF761032_RT.xml"
355;"3629593c-9bb3-492e-ba61-692677b1131f_RF421547_RT.xml"
356;"360922e8-cad1-410b-a266-6c368b04d618_RF441123_RT.xml"
357;"e0403738-c1c3-4b23-8978-4bd9e201007c_RF11941_RT.xml"
358;"3c0f20f9-7c55-49e9-a565-d05b9627a0e4_RF821021_RT.xml"
359;"33d2bbc5-ba6f-4293-8e5c-892cae5f69f4_RF971430_RT.xml"
360;"c8ec5f50-c441-460d-af6f-b2503c06d5f8_RF661115_RT.xml"
361;"4c855b5f-eb83-4c5b-8757-735ea02a59c0_RF551022_RT.xml"
362;"f6f63fe1-b654-41a2-a1ca-3e45866e80c7_RF16948_RT.xml"
363;"04e02f74-be49-4e10-adce-6ac2b5b915a9_RF121020_RT.xml"
364;"125b49bd-522a-4958-8849-fc65d6c75baa_RF131196_RT.xml"
365;"01f2336f-26e0-495e-abc3-f5311441f7ef_RF381231_RT.xml"
366;"9c1e1c39-0459-404d-9c8c-7e4032c801bc_RF321339_RT.xml"
367;"317f3233-8d80-4491-97df-54f644e3a30d_RF291005_RT.xml"
368;"2e475520-ec29-4700-a839-1d5ccede469c_RF351188_RT.xml"
369;"0010e047-9ab3-4d0f-bdd7-503a6cb6b553_RF95981_RT.xml"
370;"acba7298-209b-477a-9dc8-983941a73172_RF09880_RT.xml"
