<?xml version="1.0" encoding="UTF-8" standalone="yes"?>
<FlussoRiversamento xmlns="http://www.digitpa.gov.it/schemas/2011/Pagamenti/">
    <versioneOggetto>1.0</versioneOggetto>
    <identificativoFlusso>SCT2016041120200799204</identificativoFlusso>
    <dataOraFlusso>2016-04-11T08:00:23</dataOraFlusso>
    <identificativoUnivocoRegolamento>202007992046AGID480160001600IT</identificativoUnivocoRegolamento>
    <dataRegolamento>2016-04-11</dataRegolamento>
    <istitutoMittente>
        <identificativoUnivocoMittente>
            <tipoIdentificativoUnivoco>A</tipoIdentificativoUnivoco>
            <codiceIdentificativoUnivoco>05000</codiceIdentificativoUnivoco>
        </identificativoUnivocoMittente>
        <denominazioneMittente>ICBPI</denominazioneMittente>
    </istitutoMittente>
    <istitutoRicevente>
        <identificativoUnivocoRicevente>
            <tipoIdentificativoUnivoco>G</tipoIdentificativoUnivoco>
            <codiceIdentificativoUnivoco>00569890379</codiceIdentificativoUnivoco>
        </identificativoUnivocoRicevente>
        <denominazioneRicevente>99988            ERVET</denominazioneRicevente>
    </istitutoRicevente>
    <numeroTotalePagamenti>77</numeroTotalePagamenti>
    <importoTotalePagamenti>7073.6</importoTotalePagamenti>
    <datiSingoliPagamenti>
        <identificativoUnivocoVersamento>RF751438</identificativoUnivocoVersamento>
        <identificativoUnivocoRiscossione>0000000055800</identificativoUnivocoRiscossione>
        <singoloImportoPagato>300</singoloImportoPagato>
        <codiceEsitoSingoloPagamento>0</codiceEsitoSingoloPagamento>
        <dataEsitoSingoloPagamento>2016-04-08</dataEsitoSingoloPagamento>
    </datiSingoliPagamenti>
    <datiSingoliPagamenti>
        <identificativoUnivocoVersamento>RF911441</identificativoUnivocoVersamento>
        <identificativoUnivocoRiscossione>0000000055806</identificativoUnivocoRiscossione>
        <singoloImportoPagato>100</singoloImportoPagato>
        <codiceEsitoSingoloPagamento>0</codiceEsitoSingoloPagamento>
        <dataEsitoSingoloPagamento>2016-04-08</dataEsitoSingoloPagamento>
    </datiSingoliPagamenti>
    <datiSingoliPagamenti>
        <identificativoUnivocoVersamento>RF101444</identificativoUnivocoVersamento>
        <identificativoUnivocoRiscossione>0000000055809</identificativoUnivocoRiscossione>
        <singoloImportoPagato>15</singoloImportoPagato>
        <codiceEsitoSingoloPagamento>0</codiceEsitoSingoloPagamento>
        <dataEsitoSingoloPagamento>2016-04-08</dataEsitoSingoloPagamento>
    </datiSingoliPagamenti>
    <datiSingoliPagamenti>
        <identificativoUnivocoVersamento>RF691449</identificativoUnivocoVersamento>
        <identificativoUnivocoRiscossione>0000000055810</identificativoUnivocoRiscossione>
        <singoloImportoPagato>15</singoloImportoPagato>
        <codiceEsitoSingoloPagamento>0</codiceEsitoSingoloPagamento>
        <dataEsitoSingoloPagamento>2016-04-08</dataEsitoSingoloPagamento>
    </datiSingoliPagamenti>
    <datiSingoliPagamenti>
        <identificativoUnivocoVersamento>RF581453</identificativoUnivocoVersamento>
        <identificativoUnivocoRiscossione>0000000055813</identificativoUnivocoRiscossione>
        <singoloImportoPagato>60</singoloImportoPagato>
        <codiceEsitoSingoloPagamento>0</codiceEsitoSingoloPagamento>
        <dataEsitoSingoloPagamento>2016-04-08</dataEsitoSingoloPagamento>
    </datiSingoliPagamenti>
    <datiSingoliPagamenti>
        <identificativoUnivocoVersamento>RF741456</identificativoUnivocoVersamento>
        <identificativoUnivocoRiscossione>0000000055814</identificativoUnivocoRiscossione>
        <singoloImportoPagato>15</singoloImportoPagato>
        <codiceEsitoSingoloPagamento>0</codiceEsitoSingoloPagamento>
        <dataEsitoSingoloPagamento>2016-04-08</dataEsitoSingoloPagamento>
    </datiSingoliPagamenti>
    <datiSingoliPagamenti>
        <identificativoUnivocoVersamento>RF841470</identificativoUnivocoVersamento>
        <identificativoUnivocoRiscossione>0000000055817</identificativoUnivocoRiscossione>
        <singoloImportoPagato>15</singoloImportoPagato>
        <codiceEsitoSingoloPagamento>0</codiceEsitoSingoloPagamento>
        <dataEsitoSingoloPagamento>2016-04-08</dataEsitoSingoloPagamento>
    </datiSingoliPagamenti>
    <datiSingoliPagamenti>
        <identificativoUnivocoVersamento>RF571471</identificativoUnivocoVersamento>
        <identificativoUnivocoRiscossione>0000000055818</identificativoUnivocoRiscossione>
        <singoloImportoPagato>105</singoloImportoPagato>
        <codiceEsitoSingoloPagamento>0</codiceEsitoSingoloPagamento>
        <dataEsitoSingoloPagamento>2016-04-08</dataEsitoSingoloPagamento>
    </datiSingoliPagamenti>
    <datiSingoliPagamenti>
        <identificativoUnivocoVersamento>RF401486</identificativoUnivocoVersamento>
        <identificativoUnivocoRiscossione>0000000055825</identificativoUnivocoRiscossione>
        <singoloImportoPagato>90</singoloImportoPagato>
        <codiceEsitoSingoloPagamento>0</codiceEsitoSingoloPagamento>
        <dataEsitoSingoloPagamento>2016-04-08</dataEsitoSingoloPagamento>
    </datiSingoliPagamenti>
    <datiSingoliPagamenti>
        <identificativoUnivocoVersamento>RF451493</identificativoUnivocoVersamento>
        <identificativoUnivocoRiscossione>0000000055828</identificativoUnivocoRiscossione>
        <singoloImportoPagato>60</singoloImportoPagato>
        <codiceEsitoSingoloPagamento>0</codiceEsitoSingoloPagamento>
        <dataEsitoSingoloPagamento>2016-04-08</dataEsitoSingoloPagamento>
    </datiSingoliPagamenti>
    <datiSingoliPagamenti>
        <identificativoUnivocoVersamento>RF181494</identificativoUnivocoVersamento>
        <identificativoUnivocoRiscossione>0000000055829</identificativoUnivocoRiscossione>
        <singoloImportoPagato>75</singoloImportoPagato>
        <codiceEsitoSingoloPagamento>0</codiceEsitoSingoloPagamento>
        <dataEsitoSingoloPagamento>2016-04-08</dataEsitoSingoloPagamento>
    </datiSingoliPagamenti>
    <datiSingoliPagamenti>
        <identificativoUnivocoVersamento>RF611496</identificativoUnivocoVersamento>
        <identificativoUnivocoRiscossione>0000000055830</identificativoUnivocoRiscossione>
        <singoloImportoPagato>15</singoloImportoPagato>
        <codiceEsitoSingoloPagamento>0</codiceEsitoSingoloPagamento>
        <dataEsitoSingoloPagamento>2016-04-08</dataEsitoSingoloPagamento>
    </datiSingoliPagamenti>
    <datiSingoliPagamenti>
        <identificativoUnivocoVersamento>RF931502</identificativoUnivocoVersamento>
        <identificativoUnivocoRiscossione>0000000055837</identificativoUnivocoRiscossione>
        <singoloImportoPagato>15</singoloImportoPagato>
        <codiceEsitoSingoloPagamento>0</codiceEsitoSingoloPagamento>
        <dataEsitoSingoloPagamento>2016-04-08</dataEsitoSingoloPagamento>
    </datiSingoliPagamenti>
    <datiSingoliPagamenti>
        <identificativoUnivocoVersamento>RF331515</identificativoUnivocoVersamento>
        <identificativoUnivocoRiscossione>0000000055841</identificativoUnivocoRiscossione>
        <singoloImportoPagato>150</singoloImportoPagato>
        <codiceEsitoSingoloPagamento>0</codiceEsitoSingoloPagamento>
        <dataEsitoSingoloPagamento>2016-04-08</dataEsitoSingoloPagamento>
    </datiSingoliPagamenti>
    <datiSingoliPagamenti>
        <identificativoUnivocoVersamento>RF221519</identificativoUnivocoVersamento>
        <identificativoUnivocoRiscossione>0000000055842</identificativoUnivocoRiscossione>
        <singoloImportoPagato>15</singoloImportoPagato>
        <codiceEsitoSingoloPagamento>0</codiceEsitoSingoloPagamento>
        <dataEsitoSingoloPagamento>2016-04-08</dataEsitoSingoloPagamento>
    </datiSingoliPagamenti>
    <datiSingoliPagamenti>
        <identificativoUnivocoVersamento>RF811524</identificativoUnivocoVersamento>
        <identificativoUnivocoRiscossione>0000000055845</identificativoUnivocoRiscossione>
        <singoloImportoPagato>50</singoloImportoPagato>
        <codiceEsitoSingoloPagamento>0</codiceEsitoSingoloPagamento>
        <dataEsitoSingoloPagamento>2016-04-08</dataEsitoSingoloPagamento>
    </datiSingoliPagamenti>
    <datiSingoliPagamenti>
        <identificativoUnivocoVersamento>RF421547</identificativoUnivocoVersamento>
        <identificativoUnivocoRiscossione>0000000055855</identificativoUnivocoRiscossione>
        <singoloImportoPagato>30</singoloImportoPagato>
        <codiceEsitoSingoloPagamento>0</codiceEsitoSingoloPagamento>
        <dataEsitoSingoloPagamento>2016-04-08</dataEsitoSingoloPagamento>
    </datiSingoliPagamenti>
    <datiSingoliPagamenti>
        <identificativoUnivocoVersamento>RF631363</identificativoUnivocoVersamento>
        <identificativoUnivocoRiscossione>0000000055754</identificativoUnivocoRiscossione>
        <singoloImportoPagato>50</singoloImportoPagato>
        <codiceEsitoSingoloPagamento>0</codiceEsitoSingoloPagamento>
        <dataEsitoSingoloPagamento>2016-04-08</dataEsitoSingoloPagamento>
    </datiSingoliPagamenti>
    <datiSingoliPagamenti>
        <identificativoUnivocoVersamento>RF681370</identificativoUnivocoVersamento>
        <identificativoUnivocoRiscossione>0000000055756</identificativoUnivocoRiscossione>
        <singoloImportoPagato>30</singoloImportoPagato>
        <codiceEsitoSingoloPagamento>0</codiceEsitoSingoloPagamento>
        <dataEsitoSingoloPagamento>2016-04-08</dataEsitoSingoloPagamento>
    </datiSingoliPagamenti>
    <datiSingoliPagamenti>
        <identificativoUnivocoVersamento>RF571374</identificativoUnivocoVersamento>
        <identificativoUnivocoRiscossione>0000000055761</identificativoUnivocoRiscossione>
        <singoloImportoPagato>300</singoloImportoPagato>
        <codiceEsitoSingoloPagamento>0</codiceEsitoSingoloPagamento>
        <dataEsitoSingoloPagamento>2016-04-08</dataEsitoSingoloPagamento>
    </datiSingoliPagamenti>
    <datiSingoliPagamenti>
        <identificativoUnivocoVersamento>RF081383</identificativoUnivocoVersamento>
        <identificativoUnivocoRiscossione>0000000055769</identificativoUnivocoRiscossione>
        <singoloImportoPagato>50</singoloImportoPagato>
        <codiceEsitoSingoloPagamento>0</codiceEsitoSingoloPagamento>
        <dataEsitoSingoloPagamento>2016-04-08</dataEsitoSingoloPagamento>
    </datiSingoliPagamenti>
    <datiSingoliPagamenti>
        <identificativoUnivocoVersamento>RF291393</identificativoUnivocoVersamento>
        <identificativoUnivocoRiscossione>0000000055772</identificativoUnivocoRiscossione>
        <singoloImportoPagato>150</singoloImportoPagato>
        <codiceEsitoSingoloPagamento>0</codiceEsitoSingoloPagamento>
        <dataEsitoSingoloPagamento>2016-04-08</dataEsitoSingoloPagamento>
    </datiSingoliPagamenti>
    <datiSingoliPagamenti>
        <identificativoUnivocoVersamento>RF721395</identificativoUnivocoVersamento>
        <identificativoUnivocoRiscossione>0000000055773</identificativoUnivocoRiscossione>
        <singoloImportoPagato>15</singoloImportoPagato>
        <codiceEsitoSingoloPagamento>0</codiceEsitoSingoloPagamento>
        <dataEsitoSingoloPagamento>2016-04-08</dataEsitoSingoloPagamento>
    </datiSingoliPagamenti>
    <datiSingoliPagamenti>
        <identificativoUnivocoVersamento>RF771402</identificativoUnivocoVersamento>
        <identificativoUnivocoRiscossione>0000000055776</identificativoUnivocoRiscossione>
        <singoloImportoPagato>100</singoloImportoPagato>
        <codiceEsitoSingoloPagamento>0</codiceEsitoSingoloPagamento>
        <dataEsitoSingoloPagamento>2016-04-08</dataEsitoSingoloPagamento>
    </datiSingoliPagamenti>
    <datiSingoliPagamenti>
        <identificativoUnivocoVersamento>RF661406</identificativoUnivocoVersamento>
        <identificativoUnivocoRiscossione>0000000055777</identificativoUnivocoRiscossione>
        <singoloImportoPagato>150</singoloImportoPagato>
        <codiceEsitoSingoloPagamento>0</codiceEsitoSingoloPagamento>
        <dataEsitoSingoloPagamento>2016-04-08</dataEsitoSingoloPagamento>
    </datiSingoliPagamenti>
    <datiSingoliPagamenti>
        <identificativoUnivocoVersamento>RF441414</identificativoUnivocoVersamento>
        <identificativoUnivocoRiscossione>0000000055782</identificativoUnivocoRiscossione>
        <singoloImportoPagato>60</singoloImportoPagato>
        <codiceEsitoSingoloPagamento>0</codiceEsitoSingoloPagamento>
        <dataEsitoSingoloPagamento>2016-04-08</dataEsitoSingoloPagamento>
    </datiSingoliPagamenti>
    <datiSingoliPagamenti>
        <identificativoUnivocoVersamento>RF871416</identificativoUnivocoVersamento>
        <identificativoUnivocoRiscossione>0000000055784</identificativoUnivocoRiscossione>
        <singoloImportoPagato>17</singoloImportoPagato>
        <codiceEsitoSingoloPagamento>0</codiceEsitoSingoloPagamento>
        <dataEsitoSingoloPagamento>2016-04-08</dataEsitoSingoloPagamento>
    </datiSingoliPagamenti>
    <datiSingoliPagamenti>
        <identificativoUnivocoVersamento>RF701431</identificativoUnivocoVersamento>
        <identificativoUnivocoRiscossione>0000000055794</identificativoUnivocoRiscossione>
        <singoloImportoPagato>300</singoloImportoPagato>
        <codiceEsitoSingoloPagamento>0</codiceEsitoSingoloPagamento>
        <dataEsitoSingoloPagamento>2016-04-08</dataEsitoSingoloPagamento>
    </datiSingoliPagamenti>
    <datiSingoliPagamenti>
        <identificativoUnivocoVersamento>RF161433</identificativoUnivocoVersamento>
        <identificativoUnivocoRiscossione>0000000055796</identificativoUnivocoRiscossione>
        <singoloImportoPagato>150</singoloImportoPagato>
        <codiceEsitoSingoloPagamento>0</codiceEsitoSingoloPagamento>
        <dataEsitoSingoloPagamento>2016-04-08</dataEsitoSingoloPagamento>
    </datiSingoliPagamenti>
    <datiSingoliPagamenti>
        <identificativoUnivocoVersamento>RF981218</identificativoUnivocoVersamento>
        <identificativoUnivocoRiscossione>0000000055651</identificativoUnivocoRiscossione>
        <singoloImportoPagato>300</singoloImportoPagato>
        <codiceEsitoSingoloPagamento>0</codiceEsitoSingoloPagamento>
        <dataEsitoSingoloPagamento>2016-04-08</dataEsitoSingoloPagamento>
    </datiSingoliPagamenti>
    <datiSingoliPagamenti>
        <identificativoUnivocoVersamento>RF711219</identificativoUnivocoVersamento>
        <identificativoUnivocoRiscossione>0000000055653</identificativoUnivocoRiscossione>
        <singoloImportoPagato>15</singoloImportoPagato>
        <codiceEsitoSingoloPagamento>0</codiceEsitoSingoloPagamento>
        <dataEsitoSingoloPagamento>2016-04-08</dataEsitoSingoloPagamento>
    </datiSingoliPagamenti>
    <datiSingoliPagamenti>
        <identificativoUnivocoVersamento>RF171221</identificativoUnivocoVersamento>
        <identificativoUnivocoRiscossione>0000000055655</identificativoUnivocoRiscossione>
        <singoloImportoPagato>30</singoloImportoPagato>
        <codiceEsitoSingoloPagamento>0</codiceEsitoSingoloPagamento>
        <dataEsitoSingoloPagamento>2016-04-08</dataEsitoSingoloPagamento>
    </datiSingoliPagamenti>
    <datiSingoliPagamenti>
        <identificativoUnivocoVersamento>RF921229</identificativoUnivocoVersamento>
        <identificativoUnivocoRiscossione>0000000055662</identificativoUnivocoRiscossione>
        <singoloImportoPagato>91.6</singoloImportoPagato>
        <codiceEsitoSingoloPagamento>0</codiceEsitoSingoloPagamento>
        <dataEsitoSingoloPagamento>2016-04-08</dataEsitoSingoloPagamento>
    </datiSingoliPagamenti>
    <datiSingoliPagamenti>
        <identificativoUnivocoVersamento>RF651230</identificativoUnivocoVersamento>
        <identificativoUnivocoRiscossione>0000000055663</identificativoUnivocoRiscossione>
        <singoloImportoPagato>100</singoloImportoPagato>
        <codiceEsitoSingoloPagamento>0</codiceEsitoSingoloPagamento>
        <dataEsitoSingoloPagamento>2016-04-08</dataEsitoSingoloPagamento>
    </datiSingoliPagamenti>
    <datiSingoliPagamenti>
        <identificativoUnivocoVersamento>RF381231</identificativoUnivocoVersamento>
        <identificativoUnivocoRiscossione>0000000055664</identificativoUnivocoRiscossione>
        <singoloImportoPagato>150</singoloImportoPagato>
        <codiceEsitoSingoloPagamento>0</codiceEsitoSingoloPagamento>
        <dataEsitoSingoloPagamento>2016-04-08</dataEsitoSingoloPagamento>
    </datiSingoliPagamenti>
    <datiSingoliPagamenti>
        <identificativoUnivocoVersamento>RF541234</identificativoUnivocoVersamento>
        <identificativoUnivocoRiscossione>0000000055665</identificativoUnivocoRiscossione>
        <singoloImportoPagato>15</singoloImportoPagato>
        <codiceEsitoSingoloPagamento>0</codiceEsitoSingoloPagamento>
        <dataEsitoSingoloPagamento>2016-04-08</dataEsitoSingoloPagamento>
    </datiSingoliPagamenti>
    <datiSingoliPagamenti>
        <identificativoUnivocoVersamento>RF971236</identificativoUnivocoVersamento>
        <identificativoUnivocoRiscossione>0000000055666</identificativoUnivocoRiscossione>
        <singoloImportoPagato>105</singoloImportoPagato>
        <codiceEsitoSingoloPagamento>0</codiceEsitoSingoloPagamento>
        <dataEsitoSingoloPagamento>2016-04-08</dataEsitoSingoloPagamento>
    </datiSingoliPagamenti>
    <datiSingoliPagamenti>
        <identificativoUnivocoVersamento>RF161239</identificativoUnivocoVersamento>
        <identificativoUnivocoRiscossione>0000000055668</identificativoUnivocoRiscossione>
        <singoloImportoPagato>600</singoloImportoPagato>
        <codiceEsitoSingoloPagamento>0</codiceEsitoSingoloPagamento>
        <dataEsitoSingoloPagamento>2016-04-08</dataEsitoSingoloPagamento>
    </datiSingoliPagamenti>
    <datiSingoliPagamenti>
        <identificativoUnivocoVersamento>RF751244</identificativoUnivocoVersamento>
        <identificativoUnivocoRiscossione>0000000055671</identificativoUnivocoRiscossione>
        <singoloImportoPagato>150</singoloImportoPagato>
        <codiceEsitoSingoloPagamento>0</codiceEsitoSingoloPagamento>
        <dataEsitoSingoloPagamento>2016-04-08</dataEsitoSingoloPagamento>
    </datiSingoliPagamenti>
    <datiSingoliPagamenti>
        <identificativoUnivocoVersamento>RF481245</identificativoUnivocoVersamento>
        <identificativoUnivocoRiscossione>0000000055673</identificativoUnivocoRiscossione>
        <singoloImportoPagato>15</singoloImportoPagato>
        <codiceEsitoSingoloPagamento>0</codiceEsitoSingoloPagamento>
        <dataEsitoSingoloPagamento>2016-04-08</dataEsitoSingoloPagamento>
    </datiSingoliPagamenti>
    <datiSingoliPagamenti>
        <identificativoUnivocoVersamento>RF261253</identificativoUnivocoVersamento>
        <identificativoUnivocoRiscossione>0000000055677</identificativoUnivocoRiscossione>
        <singoloImportoPagato>100</singoloImportoPagato>
        <codiceEsitoSingoloPagamento>0</codiceEsitoSingoloPagamento>
        <dataEsitoSingoloPagamento>2016-04-08</dataEsitoSingoloPagamento>
    </datiSingoliPagamenti>
    <datiSingoliPagamenti>
        <identificativoUnivocoVersamento>RF961254</identificativoUnivocoVersamento>
        <identificativoUnivocoRiscossione>0000000055678</identificativoUnivocoRiscossione>
        <singoloImportoPagato>15</singoloImportoPagato>
        <codiceEsitoSingoloPagamento>0</codiceEsitoSingoloPagamento>
        <dataEsitoSingoloPagamento>2016-04-08</dataEsitoSingoloPagamento>
    </datiSingoliPagamenti>
    <datiSingoliPagamenti>
        <identificativoUnivocoVersamento>RF741262</identificativoUnivocoVersamento>
        <identificativoUnivocoRiscossione>0000000055686</identificativoUnivocoRiscossione>
        <singoloImportoPagato>120</singoloImportoPagato>
        <codiceEsitoSingoloPagamento>0</codiceEsitoSingoloPagamento>
        <dataEsitoSingoloPagamento>2016-04-08</dataEsitoSingoloPagamento>
    </datiSingoliPagamenti>
    <datiSingoliPagamenti>
        <identificativoUnivocoVersamento>RF091268</identificativoUnivocoVersamento>
        <identificativoUnivocoRiscossione>0000000055688</identificativoUnivocoRiscossione>
        <singoloImportoPagato>45</singoloImportoPagato>
        <codiceEsitoSingoloPagamento>0</codiceEsitoSingoloPagamento>
        <dataEsitoSingoloPagamento>2016-04-08</dataEsitoSingoloPagamento>
    </datiSingoliPagamenti>
    <datiSingoliPagamenti>
        <identificativoUnivocoVersamento>RF521270</identificativoUnivocoVersamento>
        <identificativoUnivocoRiscossione>0000000055690</identificativoUnivocoRiscossione>
        <singoloImportoPagato>15</singoloImportoPagato>
        <codiceEsitoSingoloPagamento>0</codiceEsitoSingoloPagamento>
        <dataEsitoSingoloPagamento>2016-04-08</dataEsitoSingoloPagamento>
    </datiSingoliPagamenti>
    <datiSingoliPagamenti>
        <identificativoUnivocoVersamento>RF461281</identificativoUnivocoVersamento>
        <identificativoUnivocoRiscossione>0000000055698</identificativoUnivocoRiscossione>
        <singoloImportoPagato>30</singoloImportoPagato>
        <codiceEsitoSingoloPagamento>0</codiceEsitoSingoloPagamento>
        <dataEsitoSingoloPagamento>2016-04-08</dataEsitoSingoloPagamento>
    </datiSingoliPagamenti>
    <datiSingoliPagamenti>
        <identificativoUnivocoVersamento>RF881301</identificativoUnivocoVersamento>
        <identificativoUnivocoRiscossione>0000000055711</identificativoUnivocoRiscossione>
        <singoloImportoPagato>45</singoloImportoPagato>
        <codiceEsitoSingoloPagamento>0</codiceEsitoSingoloPagamento>
        <dataEsitoSingoloPagamento>2016-04-08</dataEsitoSingoloPagamento>
    </datiSingoliPagamenti>
    <datiSingoliPagamenti>
        <identificativoUnivocoVersamento>RF931308</identificativoUnivocoVersamento>
        <identificativoUnivocoRiscossione>0000000055713</identificativoUnivocoRiscossione>
        <singoloImportoPagato>120</singoloImportoPagato>
        <codiceEsitoSingoloPagamento>0</codiceEsitoSingoloPagamento>
        <dataEsitoSingoloPagamento>2016-04-08</dataEsitoSingoloPagamento>
    </datiSingoliPagamenti>
    <datiSingoliPagamenti>
        <identificativoUnivocoVersamento>RF551313</identificativoUnivocoVersamento>
        <identificativoUnivocoRiscossione>0000000055716</identificativoUnivocoRiscossione>
        <singoloImportoPagato>90</singoloImportoPagato>
        <codiceEsitoSingoloPagamento>0</codiceEsitoSingoloPagamento>
        <dataEsitoSingoloPagamento>2016-04-08</dataEsitoSingoloPagamento>
    </datiSingoliPagamenti>
    <datiSingoliPagamenti>
        <identificativoUnivocoVersamento>RF981315</identificativoUnivocoVersamento>
        <identificativoUnivocoRiscossione>0000000055717</identificativoUnivocoRiscossione>
        <singoloImportoPagato>90</singoloImportoPagato>
        <codiceEsitoSingoloPagamento>0</codiceEsitoSingoloPagamento>
        <dataEsitoSingoloPagamento>2016-04-08</dataEsitoSingoloPagamento>
    </datiSingoliPagamenti>
    <datiSingoliPagamenti>
        <identificativoUnivocoVersamento>RF601320</identificativoUnivocoVersamento>
        <identificativoUnivocoRiscossione>0000000055720</identificativoUnivocoRiscossione>
        <singoloImportoPagato>30</singoloImportoPagato>
        <codiceEsitoSingoloPagamento>0</codiceEsitoSingoloPagamento>
        <dataEsitoSingoloPagamento>2016-04-08</dataEsitoSingoloPagamento>
    </datiSingoliPagamenti>
    <datiSingoliPagamenti>
        <identificativoUnivocoVersamento>RF271332</identificativoUnivocoVersamento>
        <identificativoUnivocoRiscossione>0000000055730</identificativoUnivocoRiscossione>
        <singoloImportoPagato>15</singoloImportoPagato>
        <codiceEsitoSingoloPagamento>0</codiceEsitoSingoloPagamento>
        <dataEsitoSingoloPagamento>2016-04-08</dataEsitoSingoloPagamento>
    </datiSingoliPagamenti>
    <datiSingoliPagamenti>
        <identificativoUnivocoVersamento>RF971333</identificativoUnivocoVersamento>
        <identificativoUnivocoRiscossione>0000000055731</identificativoUnivocoRiscossione>
        <singoloImportoPagato>60</singoloImportoPagato>
        <codiceEsitoSingoloPagamento>0</codiceEsitoSingoloPagamento>
        <dataEsitoSingoloPagamento>2016-04-08</dataEsitoSingoloPagamento>
    </datiSingoliPagamenti>
    <datiSingoliPagamenti>
        <identificativoUnivocoVersamento>RF431335</identificativoUnivocoVersamento>
        <identificativoUnivocoRiscossione>0000000055733</identificativoUnivocoRiscossione>
        <singoloImportoPagato>15</singoloImportoPagato>
        <codiceEsitoSingoloPagamento>0</codiceEsitoSingoloPagamento>
        <dataEsitoSingoloPagamento>2016-04-08</dataEsitoSingoloPagamento>
    </datiSingoliPagamenti>
    <datiSingoliPagamenti>
        <identificativoUnivocoVersamento>RF321339</identificativoUnivocoVersamento>
        <identificativoUnivocoRiscossione>0000000055737</identificativoUnivocoRiscossione>
        <singoloImportoPagato>50</singoloImportoPagato>
        <codiceEsitoSingoloPagamento>0</codiceEsitoSingoloPagamento>
        <dataEsitoSingoloPagamento>2016-04-08</dataEsitoSingoloPagamento>
    </datiSingoliPagamenti>
    <datiSingoliPagamenti>
        <identificativoUnivocoVersamento>RF911344</identificativoUnivocoVersamento>
        <identificativoUnivocoRiscossione>0000000055741</identificativoUnivocoRiscossione>
        <singoloImportoPagato>90</singoloImportoPagato>
        <codiceEsitoSingoloPagamento>0</codiceEsitoSingoloPagamento>
        <dataEsitoSingoloPagamento>2016-04-08</dataEsitoSingoloPagamento>
    </datiSingoliPagamenti>
    <datiSingoliPagamenti>
        <identificativoUnivocoVersamento>RF531349</identificativoUnivocoVersamento>
        <identificativoUnivocoRiscossione>0000000055744</identificativoUnivocoRiscossione>
        <singoloImportoPagato>150</singoloImportoPagato>
        <codiceEsitoSingoloPagamento>0</codiceEsitoSingoloPagamento>
        <dataEsitoSingoloPagamento>2016-04-08</dataEsitoSingoloPagamento>
    </datiSingoliPagamenti>
    <datiSingoliPagamenti>
        <identificativoUnivocoVersamento>RF691352</identificativoUnivocoVersamento>
        <identificativoUnivocoRiscossione>0000000055745</identificativoUnivocoRiscossione>
        <singoloImportoPagato>30</singoloImportoPagato>
        <codiceEsitoSingoloPagamento>0</codiceEsitoSingoloPagamento>
        <dataEsitoSingoloPagamento>2016-04-08</dataEsitoSingoloPagamento>
    </datiSingoliPagamenti>
    <datiSingoliPagamenti>
        <identificativoUnivocoVersamento>RF151354</identificativoUnivocoVersamento>
        <identificativoUnivocoRiscossione>0000000055746</identificativoUnivocoRiscossione>
        <singoloImportoPagato>30</singoloImportoPagato>
        <codiceEsitoSingoloPagamento>0</codiceEsitoSingoloPagamento>
        <dataEsitoSingoloPagamento>2016-04-08</dataEsitoSingoloPagamento>
    </datiSingoliPagamenti>
    <datiSingoliPagamenti>
        <identificativoUnivocoVersamento>RF311357</identificativoUnivocoVersamento>
        <identificativoUnivocoRiscossione>0000000055748</identificativoUnivocoRiscossione>
        <singoloImportoPagato>100</singoloImportoPagato>
        <codiceEsitoSingoloPagamento>0</codiceEsitoSingoloPagamento>
        <dataEsitoSingoloPagamento>2016-04-08</dataEsitoSingoloPagamento>
    </datiSingoliPagamenti>
    <datiSingoliPagamenti>
        <identificativoUnivocoVersamento>RF721104</identificativoUnivocoVersamento>
        <identificativoUnivocoRiscossione>0000000055593</identificativoUnivocoRiscossione>
        <singoloImportoPagato>90</singoloImportoPagato>
        <codiceEsitoSingoloPagamento>0</codiceEsitoSingoloPagamento>
        <dataEsitoSingoloPagamento>2016-04-08</dataEsitoSingoloPagamento>
    </datiSingoliPagamenti>
    <datiSingoliPagamenti>
        <identificativoUnivocoVersamento>RF771111</identificativoUnivocoVersamento>
        <identificativoUnivocoRiscossione>0000000055594</identificativoUnivocoRiscossione>
        <singoloImportoPagato>60</singoloImportoPagato>
        <codiceEsitoSingoloPagamento>0</codiceEsitoSingoloPagamento>
        <dataEsitoSingoloPagamento>2016-04-08</dataEsitoSingoloPagamento>
    </datiSingoliPagamenti>
    <datiSingoliPagamenti>
        <identificativoUnivocoVersamento>RF231113</identificativoUnivocoVersamento>
        <identificativoUnivocoRiscossione>0000000055595</identificativoUnivocoRiscossione>
        <singoloImportoPagato>90</singoloImportoPagato>
        <codiceEsitoSingoloPagamento>0</codiceEsitoSingoloPagamento>
        <dataEsitoSingoloPagamento>2016-04-08</dataEsitoSingoloPagamento>
    </datiSingoliPagamenti>
    <datiSingoliPagamenti>
        <identificativoUnivocoVersamento>RF821118</identificativoUnivocoVersamento>
        <identificativoUnivocoRiscossione>0000000055597</identificativoUnivocoRiscossione>
        <singoloImportoPagato>400</singoloImportoPagato>
        <codiceEsitoSingoloPagamento>0</codiceEsitoSingoloPagamento>
        <dataEsitoSingoloPagamento>2016-04-08</dataEsitoSingoloPagamento>
    </datiSingoliPagamenti>
    <datiSingoliPagamenti>
        <identificativoUnivocoVersamento>RF761129</identificativoUnivocoVersamento>
        <identificativoUnivocoRiscossione>0000000055598</identificativoUnivocoRiscossione>
        <singoloImportoPagato>60</singoloImportoPagato>
        <codiceEsitoSingoloPagamento>0</codiceEsitoSingoloPagamento>
        <dataEsitoSingoloPagamento>2016-04-08</dataEsitoSingoloPagamento>
    </datiSingoliPagamenti>
    <datiSingoliPagamenti>
        <identificativoUnivocoVersamento>RF221131</identificativoUnivocoVersamento>
        <identificativoUnivocoRiscossione>0000000055599</identificativoUnivocoRiscossione>
        <singoloImportoPagato>15</singoloImportoPagato>
        <codiceEsitoSingoloPagamento>0</codiceEsitoSingoloPagamento>
        <dataEsitoSingoloPagamento>2016-04-08</dataEsitoSingoloPagamento>
    </datiSingoliPagamenti>
    <datiSingoliPagamenti>
        <identificativoUnivocoVersamento>RF271138</identificativoUnivocoVersamento>
        <identificativoUnivocoRiscossione>0000000055604</identificativoUnivocoRiscossione>
        <singoloImportoPagato>60</singoloImportoPagato>
        <codiceEsitoSingoloPagamento>0</codiceEsitoSingoloPagamento>
        <dataEsitoSingoloPagamento>2016-04-08</dataEsitoSingoloPagamento>
    </datiSingoliPagamenti>
    <datiSingoliPagamenti>
        <identificativoUnivocoVersamento>RF911150</identificativoUnivocoVersamento>
        <identificativoUnivocoRiscossione>0000000055611</identificativoUnivocoRiscossione>
        <singoloImportoPagato>30</singoloImportoPagato>
        <codiceEsitoSingoloPagamento>0</codiceEsitoSingoloPagamento>
        <dataEsitoSingoloPagamento>2016-04-08</dataEsitoSingoloPagamento>
    </datiSingoliPagamenti>
    <datiSingoliPagamenti>
        <identificativoUnivocoVersamento>RF641151</identificativoUnivocoVersamento>
        <identificativoUnivocoRiscossione>0000000055612</identificativoUnivocoRiscossione>
        <singoloImportoPagato>150</singoloImportoPagato>
        <codiceEsitoSingoloPagamento>0</codiceEsitoSingoloPagamento>
        <dataEsitoSingoloPagamento>2016-04-08</dataEsitoSingoloPagamento>
    </datiSingoliPagamenti>
    <datiSingoliPagamenti>
        <identificativoUnivocoVersamento>RF261156</identificativoUnivocoVersamento>
        <identificativoUnivocoRiscossione>0000000055615</identificativoUnivocoRiscossione>
        <singoloImportoPagato>150</singoloImportoPagato>
        <codiceEsitoSingoloPagamento>0</codiceEsitoSingoloPagamento>
        <dataEsitoSingoloPagamento>2016-04-08</dataEsitoSingoloPagamento>
    </datiSingoliPagamenti>
    <datiSingoliPagamenti>
        <identificativoUnivocoVersamento>RF421159</identificativoUnivocoVersamento>
        <identificativoUnivocoRiscossione>0000000055618</identificativoUnivocoRiscossione>
        <singoloImportoPagato>180</singoloImportoPagato>
        <codiceEsitoSingoloPagamento>0</codiceEsitoSingoloPagamento>
        <dataEsitoSingoloPagamento>2016-04-08</dataEsitoSingoloPagamento>
    </datiSingoliPagamenti>
    <datiSingoliPagamenti>
        <identificativoUnivocoVersamento>RF301181</identificativoUnivocoVersamento>
        <identificativoUnivocoRiscossione>0000000055630</identificativoUnivocoRiscossione>
        <singoloImportoPagato>150</singoloImportoPagato>
        <codiceEsitoSingoloPagamento>0</codiceEsitoSingoloPagamento>
        <dataEsitoSingoloPagamento>2016-04-08</dataEsitoSingoloPagamento>
    </datiSingoliPagamenti>
    <datiSingoliPagamenti>
        <identificativoUnivocoVersamento>RF291199</identificativoUnivocoVersamento>
        <identificativoUnivocoRiscossione>0000000055635</identificativoUnivocoRiscossione>
        <singoloImportoPagato>150</singoloImportoPagato>
        <codiceEsitoSingoloPagamento>0</codiceEsitoSingoloPagamento>
        <dataEsitoSingoloPagamento>2016-04-08</dataEsitoSingoloPagamento>
    </datiSingoliPagamenti>
    <datiSingoliPagamenti>
        <identificativoUnivocoVersamento>RF451202</identificativoUnivocoVersamento>
        <identificativoUnivocoRiscossione>0000000055638</identificativoUnivocoRiscossione>
        <singoloImportoPagato>15</singoloImportoPagato>
        <codiceEsitoSingoloPagamento>0</codiceEsitoSingoloPagamento>
        <dataEsitoSingoloPagamento>2016-04-08</dataEsitoSingoloPagamento>
    </datiSingoliPagamenti>
    <datiSingoliPagamenti>
        <identificativoUnivocoVersamento>RF611205</identificativoUnivocoVersamento>
        <identificativoUnivocoRiscossione>0000000055640</identificativoUnivocoRiscossione>
        <singoloImportoPagato>60</singoloImportoPagato>
        <codiceEsitoSingoloPagamento>0</codiceEsitoSingoloPagamento>
        <dataEsitoSingoloPagamento>2016-04-08</dataEsitoSingoloPagamento>
    </datiSingoliPagamenti>
    <datiSingoliPagamenti>
        <identificativoUnivocoVersamento>RF071207</identificativoUnivocoVersamento>
        <identificativoUnivocoRiscossione>0000000055644</identificativoUnivocoRiscossione>
        <singoloImportoPagato>15</singoloImportoPagato>
        <codiceEsitoSingoloPagamento>0</codiceEsitoSingoloPagamento>
        <dataEsitoSingoloPagamento>2016-04-08</dataEsitoSingoloPagamento>
    </datiSingoliPagamenti>
    <datiSingoliPagamenti>
        <identificativoUnivocoVersamento>RF231210</identificativoUnivocoVersamento>
        <identificativoUnivocoRiscossione>0000000055645</identificativoUnivocoRiscossione>
        <singoloImportoPagato>90</singoloImportoPagato>
        <codiceEsitoSingoloPagamento>0</codiceEsitoSingoloPagamento>
        <dataEsitoSingoloPagamento>2016-04-08</dataEsitoSingoloPagamento>
    </datiSingoliPagamenti>
</FlussoRiversamento>
