<?xml version="1.0" encoding="UTF-8" standalone="yes"?><FlussoRiversamento xmlns="http://www.digitpa.gov.it/schemas/2011/Pagamenti/"><versioneOggetto>1.0</versioneOggetto><identificativoFlusso>002bc25ab9d246729e286ac85c67d967</identificativoFlusso><dataOraFlusso>2016-04-08T12:00:05.887+02:00</dataOraFlusso><identificativoUnivocoRegolamento>1201160990237850</identificativoUnivocoRegolamento><dataRegolamento>2016-04-08</dataRegolamento><istitutoMittente><identificativoUnivocoMittente><tipoIdentificativoUnivoco>G</tipoIdentificativoUnivoco><codiceIdentificativoUnivoco>IT00348170101</codiceIdentificativoUnivoco></identificativoUnivocoMittente><denominazioneMittente>UniCredit S.p.A.</denominazioneMittente></istitutoMittente><istitutoRicevente><identificativoUnivocoRicevente><tipoIdentificativoUnivoco>G</tipoIdentificativoUnivoco><codiceIdentificativoUnivoco>00569890379</codiceIdentificativoUnivoco></identificativoUnivocoRicevente><denominazioneRicevente>[99988          ] ERVET </denominazioneRicevente></istitutoRicevente><numeroTotalePagamenti>62</numeroTotalePagamenti><importoTotalePagamenti>4196</importoTotalePagamenti><datiSingoliPagamenti><identificativoUnivocoVersamento>RF27847</identificativoUnivocoVersamento><identificativoUnivocoRiscossione>00098557743113688500</identificativoUnivocoRiscossione><singoloImportoPagato>15</singoloImportoPagato><codiceEsitoSingoloPagamento>0</codiceEsitoSingoloPagamento><dataEsitoSingoloPagamento>2016-04-07</dataEsitoSingoloPagamento></datiSingoliPagamenti><datiSingoliPagamenti><identificativoUnivocoVersamento>RF111038</identificativoUnivocoVersamento><identificativoUnivocoRiscossione>00098344847113694786</identificativoUnivocoRiscossione><singoloImportoPagato>150</singoloImportoPagato><codiceEsitoSingoloPagamento>0</codiceEsitoSingoloPagamento><dataEsitoSingoloPagamento>2016-04-07</dataEsitoSingoloPagamento></datiSingoliPagamenti><datiSingoliPagamenti><identificativoUnivocoVersamento>RF91859</identificativoUnivocoVersamento><identificativoUnivocoRiscossione>00098282155113688793</identificativoUnivocoRiscossione><singoloImportoPagato>100</singoloImportoPagato><codiceEsitoSingoloPagamento>0</codiceEsitoSingoloPagamento><dataEsitoSingoloPagamento>2016-04-07</dataEsitoSingoloPagamento></datiSingoliPagamenti><datiSingoliPagamenti><identificativoUnivocoVersamento>RF13808</identificativoUnivocoVersamento><identificativoUnivocoRiscossione>00098194981113687025</identificativoUnivocoRiscossione><singoloImportoPagato>60</singoloImportoPagato><codiceEsitoSingoloPagamento>0</codiceEsitoSingoloPagamento><dataEsitoSingoloPagamento>2016-04-07</dataEsitoSingoloPagamento></datiSingoliPagamenti><datiSingoliPagamenti><identificativoUnivocoVersamento>RF13905</identificativoUnivocoVersamento><identificativoUnivocoRiscossione>00098640060113690322</identificativoUnivocoRiscossione><singoloImportoPagato>15</singoloImportoPagato><codiceEsitoSingoloPagamento>0</codiceEsitoSingoloPagamento><dataEsitoSingoloPagamento>2016-04-07</dataEsitoSingoloPagamento></datiSingoliPagamenti><datiSingoliPagamenti><identificativoUnivocoVersamento>RF311066</identificativoUnivocoVersamento><identificativoUnivocoRiscossione>00098398346113697582</identificativoUnivocoRiscossione><singoloImportoPagato>90</singoloImportoPagato><codiceEsitoSingoloPagamento>0</codiceEsitoSingoloPagamento><dataEsitoSingoloPagamento>2016-04-07</dataEsitoSingoloPagamento></datiSingoliPagamenti><datiSingoliPagamenti><identificativoUnivocoVersamento>RF16948</identificativoUnivocoVersamento><identificativoUnivocoRiscossione>00098942962113691277</identificativoUnivocoRiscossione><singoloImportoPagato>15</singoloImportoPagato><codiceEsitoSingoloPagamento>0</codiceEsitoSingoloPagamento><dataEsitoSingoloPagamento>2016-04-07</dataEsitoSingoloPagamento></datiSingoliPagamenti><datiSingoliPagamenti><identificativoUnivocoVersamento>RF78996</identificativoUnivocoVersamento><identificativoUnivocoRiscossione>00098272857113692817</identificativoUnivocoRiscossione><singoloImportoPagato>15</singoloImportoPagato><codiceEsitoSingoloPagamento>0</codiceEsitoSingoloPagamento><dataEsitoSingoloPagamento>2016-04-07</dataEsitoSingoloPagamento></datiSingoliPagamenti><datiSingoliPagamenti><identificativoUnivocoVersamento>RF16851</identificativoUnivocoVersamento><identificativoUnivocoRiscossione>00098470711113688631</identificativoUnivocoRiscossione><singoloImportoPagato>120</singoloImportoPagato><codiceEsitoSingoloPagamento>0</codiceEsitoSingoloPagamento><dataEsitoSingoloPagamento>2016-04-07</dataEsitoSingoloPagamento></datiSingoliPagamenti><datiSingoliPagamenti><identificativoUnivocoVersamento>RF93920</identificativoUnivocoVersamento><identificativoUnivocoRiscossione>00098250999113690652</identificativoUnivocoRiscossione><singoloImportoPagato>15</singoloImportoPagato><codiceEsitoSingoloPagamento>0</codiceEsitoSingoloPagamento><dataEsitoSingoloPagamento>2016-04-07</dataEsitoSingoloPagamento></datiSingoliPagamenti><datiSingoliPagamenti><identificativoUnivocoVersamento>RF38940</identificativoUnivocoVersamento><identificativoUnivocoRiscossione>00098348536113691126</identificativoUnivocoRiscossione><singoloImportoPagato>15</singoloImportoPagato><codiceEsitoSingoloPagamento>0</codiceEsitoSingoloPagamento><dataEsitoSingoloPagamento>2016-04-07</dataEsitoSingoloPagamento></datiSingoliPagamenti><datiSingoliPagamenti><identificativoUnivocoVersamento>RF15966</identificativoUnivocoVersamento><identificativoUnivocoRiscossione>00098240618113691825</identificativoUnivocoRiscossione><singoloImportoPagato>100</singoloImportoPagato><codiceEsitoSingoloPagamento>0</codiceEsitoSingoloPagamento><dataEsitoSingoloPagamento>2016-04-07</dataEsitoSingoloPagamento></datiSingoliPagamenti><datiSingoliPagamenti><identificativoUnivocoVersamento>RF46990</identificativoUnivocoVersamento><identificativoUnivocoRiscossione>00098293402113692601</identificativoUnivocoRiscossione><singoloImportoPagato>30</singoloImportoPagato><codiceEsitoSingoloPagamento>0</codiceEsitoSingoloPagamento><dataEsitoSingoloPagamento>2016-04-07</dataEsitoSingoloPagamento></datiSingoliPagamenti><datiSingoliPagamenti><identificativoUnivocoVersamento>RF121020</identificativoUnivocoVersamento><identificativoUnivocoRiscossione>00098894853113693625</identificativoUnivocoRiscossione><singoloImportoPagato>90</singoloImportoPagato><codiceEsitoSingoloPagamento>0</codiceEsitoSingoloPagamento><dataEsitoSingoloPagamento>2016-04-07</dataEsitoSingoloPagamento></datiSingoliPagamenti><datiSingoliPagamenti><identificativoUnivocoVersamento>RF301084</identificativoUnivocoVersamento><identificativoUnivocoRiscossione>00098810861113699006</identificativoUnivocoRiscossione><singoloImportoPagato>15</singoloImportoPagato><codiceEsitoSingoloPagamento>0</codiceEsitoSingoloPagamento><dataEsitoSingoloPagamento>2016-04-07</dataEsitoSingoloPagamento></datiSingoliPagamenti><datiSingoliPagamenti><identificativoUnivocoVersamento>RF88816</identificativoUnivocoVersamento><identificativoUnivocoRiscossione>00098353975113687421</identificativoUnivocoRiscossione><singoloImportoPagato>47</singoloImportoPagato><codiceEsitoSingoloPagamento>0</codiceEsitoSingoloPagamento><dataEsitoSingoloPagamento>2016-04-07</dataEsitoSingoloPagamento></datiSingoliPagamenti><datiSingoliPagamenti><identificativoUnivocoVersamento>RF47875</identificativoUnivocoVersamento><identificativoUnivocoRiscossione>00098220613113689397</identificativoUnivocoRiscossione><singoloImportoPagato>30</singoloImportoPagato><codiceEsitoSingoloPagamento>0</codiceEsitoSingoloPagamento><dataEsitoSingoloPagamento>2016-04-07</dataEsitoSingoloPagamento></datiSingoliPagamenti><datiSingoliPagamenti><identificativoUnivocoVersamento>RF96963</identificativoUnivocoVersamento><identificativoUnivocoRiscossione>00098435492113691711</identificativoUnivocoRiscossione><singoloImportoPagato>90</singoloImportoPagato><codiceEsitoSingoloPagamento>0</codiceEsitoSingoloPagamento><dataEsitoSingoloPagamento>2016-04-07</dataEsitoSingoloPagamento></datiSingoliPagamenti><datiSingoliPagamenti><identificativoUnivocoVersamento>RF841082</identificativoUnivocoVersamento><identificativoUnivocoRiscossione>00098877701113699015</identificativoUnivocoRiscossione><singoloImportoPagato>150</singoloImportoPagato><codiceEsitoSingoloPagamento>0</codiceEsitoSingoloPagamento><dataEsitoSingoloPagamento>2016-04-07</dataEsitoSingoloPagamento></datiSingoliPagamenti><datiSingoliPagamenti><identificativoUnivocoVersamento>RF07819</identificativoUnivocoVersamento><identificativoUnivocoRiscossione>00098912421113687471</identificativoUnivocoRiscossione><singoloImportoPagato>300</singoloImportoPagato><codiceEsitoSingoloPagamento>0</codiceEsitoSingoloPagamento><dataEsitoSingoloPagamento>2016-04-07</dataEsitoSingoloPagamento></datiSingoliPagamenti><datiSingoliPagamenti><identificativoUnivocoVersamento>RF71928</identificativoUnivocoVersamento><identificativoUnivocoRiscossione>00098830948113690874</identificativoUnivocoRiscossione><singoloImportoPagato>150</singoloImportoPagato><codiceEsitoSingoloPagamento>0</codiceEsitoSingoloPagamento><dataEsitoSingoloPagamento>2016-04-07</dataEsitoSingoloPagamento></datiSingoliPagamenti><datiSingoliPagamenti><identificativoUnivocoVersamento>RF451008</identificativoUnivocoVersamento><identificativoUnivocoRiscossione>00098712555113693160</identificativoUnivocoRiscossione><singoloImportoPagato>15</singoloImportoPagato><codiceEsitoSingoloPagamento>0</codiceEsitoSingoloPagamento><dataEsitoSingoloPagamento>2016-04-07</dataEsitoSingoloPagamento></datiSingoliPagamenti><datiSingoliPagamenti><identificativoUnivocoVersamento>RF711025</identificativoUnivocoVersamento><identificativoUnivocoRiscossione>00098851856113694046</identificativoUnivocoRiscossione><singoloImportoPagato>60</singoloImportoPagato><codiceEsitoSingoloPagamento>0</codiceEsitoSingoloPagamento><dataEsitoSingoloPagamento>2016-04-07</dataEsitoSingoloPagamento></datiSingoliPagamenti><datiSingoliPagamenti><identificativoUnivocoVersamento>RF79881</identificativoUnivocoVersamento><identificativoUnivocoRiscossione>00098610083113689540</identificativoUnivocoRiscossione><singoloImportoPagato>90</singoloImportoPagato><codiceEsitoSingoloPagamento>0</codiceEsitoSingoloPagamento><dataEsitoSingoloPagamento>2016-04-07</dataEsitoSingoloPagamento></datiSingoliPagamenti><datiSingoliPagamenti><identificativoUnivocoVersamento>RF871028</identificativoUnivocoVersamento><identificativoUnivocoRiscossione>00098322917113694294</identificativoUnivocoRiscossione><singoloImportoPagato>75</singoloImportoPagato><codiceEsitoSingoloPagamento>0</codiceEsitoSingoloPagamento><dataEsitoSingoloPagamento>2016-04-07</dataEsitoSingoloPagamento></datiSingoliPagamenti><datiSingoliPagamenti><identificativoUnivocoVersamento>RF89798</identificativoUnivocoVersamento><identificativoUnivocoRiscossione>00098407307113686371</identificativoUnivocoRiscossione><singoloImportoPagato>45</singoloImportoPagato><codiceEsitoSingoloPagamento>0</codiceEsitoSingoloPagamento><dataEsitoSingoloPagamento>2016-04-07</dataEsitoSingoloPagamento></datiSingoliPagamenti><datiSingoliPagamenti><identificativoUnivocoVersamento>RF88913</identificativoUnivocoVersamento><identificativoUnivocoRiscossione>00098417196113690531</identificativoUnivocoRiscossione><singoloImportoPagato>15</singoloImportoPagato><codiceEsitoSingoloPagamento>0</codiceEsitoSingoloPagamento><dataEsitoSingoloPagamento>2016-04-07</dataEsitoSingoloPagamento></datiSingoliPagamenti><datiSingoliPagamenti><identificativoUnivocoVersamento>RF98927</identificativoUnivocoVersamento><identificativoUnivocoRiscossione>00098622179113690844</identificativoUnivocoRiscossione><singoloImportoPagato>15</singoloImportoPagato><codiceEsitoSingoloPagamento>0</codiceEsitoSingoloPagamento><dataEsitoSingoloPagamento>2016-04-07</dataEsitoSingoloPagamento></datiSingoliPagamenti><datiSingoliPagamenti><identificativoUnivocoVersamento>RF251077</identificativoUnivocoVersamento><identificativoUnivocoRiscossione>00098753697113698644</identificativoUnivocoRiscossione><singoloImportoPagato>90</singoloImportoPagato><codiceEsitoSingoloPagamento>0</codiceEsitoSingoloPagamento><dataEsitoSingoloPagamento>2016-04-07</dataEsitoSingoloPagamento></datiSingoliPagamenti><datiSingoliPagamenti><identificativoUnivocoVersamento>RF53864</identificativoUnivocoVersamento><identificativoUnivocoRiscossione>00098820280113689045</identificativoUnivocoRiscossione><singoloImportoPagato>45</singoloImportoPagato><codiceEsitoSingoloPagamento>0</codiceEsitoSingoloPagamento><dataEsitoSingoloPagamento>2016-04-07</dataEsitoSingoloPagamento></datiSingoliPagamenti><datiSingoliPagamenti><identificativoUnivocoVersamento>RF68885</identificativoUnivocoVersamento><identificativoUnivocoRiscossione>00098317991113689735</identificativoUnivocoRiscossione><singoloImportoPagato>15</singoloImportoPagato><codiceEsitoSingoloPagamento>0</codiceEsitoSingoloPagamento><dataEsitoSingoloPagamento>2016-04-07</dataEsitoSingoloPagamento></datiSingoliPagamenti><datiSingoliPagamenti><identificativoUnivocoVersamento>RF43947</identificativoUnivocoVersamento><identificativoUnivocoRiscossione>00098895285113691241</identificativoUnivocoRiscossione><singoloImportoPagato>45</singoloImportoPagato><codiceEsitoSingoloPagamento>0</codiceEsitoSingoloPagamento><dataEsitoSingoloPagamento>2016-04-07</dataEsitoSingoloPagamento></datiSingoliPagamenti><datiSingoliPagamenti><identificativoUnivocoVersamento>RF741068</identificativoUnivocoVersamento><identificativoUnivocoRiscossione>00098934657113697785</identificativoUnivocoRiscossione><singoloImportoPagato>15</singoloImportoPagato><codiceEsitoSingoloPagamento>0</codiceEsitoSingoloPagamento><dataEsitoSingoloPagamento>2016-04-07</dataEsitoSingoloPagamento></datiSingoliPagamenti><datiSingoliPagamenti><identificativoUnivocoVersamento>RF781093</identificativoUnivocoVersamento><identificativoUnivocoRiscossione>00098185727113699523</identificativoUnivocoRiscossione><singoloImportoPagato>90</singoloImportoPagato><codiceEsitoSingoloPagamento>0</codiceEsitoSingoloPagamento><dataEsitoSingoloPagamento>2016-04-07</dataEsitoSingoloPagamento></datiSingoliPagamenti><datiSingoliPagamenti><identificativoUnivocoVersamento>RF78802</identificativoUnivocoVersamento><identificativoUnivocoRiscossione>00098296025113686633</identificativoUnivocoRiscossione><singoloImportoPagato>15</singoloImportoPagato><codiceEsitoSingoloPagamento>0</codiceEsitoSingoloPagamento><dataEsitoSingoloPagamento>2016-04-07</dataEsitoSingoloPagamento></datiSingoliPagamenti><datiSingoliPagamenti><identificativoUnivocoVersamento>RF211052</identificativoUnivocoVersamento><identificativoUnivocoRiscossione>00098214867113696267</identificativoUnivocoRiscossione><singoloImportoPagato>299</singoloImportoPagato><codiceEsitoSingoloPagamento>0</codiceEsitoSingoloPagamento><dataEsitoSingoloPagamento>2016-04-07</dataEsitoSingoloPagamento></datiSingoliPagamenti><datiSingoliPagamenti><identificativoUnivocoVersamento>RF601029</identificativoUnivocoVersamento><identificativoUnivocoRiscossione>00098366850113694311</identificativoUnivocoRiscossione><singoloImportoPagato>45</singoloImportoPagato><codiceEsitoSingoloPagamento>0</codiceEsitoSingoloPagamento><dataEsitoSingoloPagamento>2016-04-07</dataEsitoSingoloPagamento></datiSingoliPagamenti><datiSingoliPagamenti><identificativoUnivocoVersamento>RF97848</identificativoUnivocoVersamento><identificativoUnivocoRiscossione>00098952549113688561</identificativoUnivocoRiscossione><singoloImportoPagato>60</singoloImportoPagato><codiceEsitoSingoloPagamento>0</codiceEsitoSingoloPagamento><dataEsitoSingoloPagamento>2016-04-07</dataEsitoSingoloPagamento></datiSingoliPagamenti><datiSingoliPagamenti><identificativoUnivocoVersamento>RF10959</identificativoUnivocoVersamento><identificativoUnivocoRiscossione>00098574232113691661</identificativoUnivocoRiscossione><singoloImportoPagato>15</singoloImportoPagato><codiceEsitoSingoloPagamento>0</codiceEsitoSingoloPagamento><dataEsitoSingoloPagamento>2016-04-07</dataEsitoSingoloPagamento></datiSingoliPagamenti><datiSingoliPagamenti><identificativoUnivocoVersamento>RF55925</identificativoUnivocoVersamento><identificativoUnivocoRiscossione>00098414043113690751</identificativoUnivocoRiscossione><singoloImportoPagato>15</singoloImportoPagato><codiceEsitoSingoloPagamento>0</codiceEsitoSingoloPagamento><dataEsitoSingoloPagamento>2016-04-07</dataEsitoSingoloPagamento></datiSingoliPagamenti><datiSingoliPagamenti><identificativoUnivocoVersamento>RF551022</identificativoUnivocoVersamento><identificativoUnivocoRiscossione>00098385578113693927</identificativoUnivocoRiscossione><singoloImportoPagato>105</singoloImportoPagato><codiceEsitoSingoloPagamento>0</codiceEsitoSingoloPagamento><dataEsitoSingoloPagamento>2016-04-07</dataEsitoSingoloPagamento></datiSingoliPagamenti><datiSingoliPagamenti><identificativoUnivocoVersamento>RF42965</identificativoUnivocoVersamento><identificativoUnivocoRiscossione>00098661290113691752</identificativoUnivocoRiscossione><singoloImportoPagato>60</singoloImportoPagato><codiceEsitoSingoloPagamento>0</codiceEsitoSingoloPagamento><dataEsitoSingoloPagamento>2016-04-07</dataEsitoSingoloPagamento></datiSingoliPagamenti><datiSingoliPagamenti><identificativoUnivocoVersamento>RF76838</identificativoUnivocoVersamento><identificativoUnivocoRiscossione>00098269046113688054</identificativoUnivocoRiscossione><singoloImportoPagato>15</singoloImportoPagato><codiceEsitoSingoloPagamento>0</codiceEsitoSingoloPagamento><dataEsitoSingoloPagamento>2016-04-07</dataEsitoSingoloPagamento></datiSingoliPagamenti><datiSingoliPagamenti><identificativoUnivocoVersamento>RF271041</identificativoUnivocoVersamento><identificativoUnivocoRiscossione>00098774669113695340</identificativoUnivocoRiscossione><singoloImportoPagato>150</singoloImportoPagato><codiceEsitoSingoloPagamento>0</codiceEsitoSingoloPagamento><dataEsitoSingoloPagamento>2016-04-07</dataEsitoSingoloPagamento></datiSingoliPagamenti><datiSingoliPagamenti><identificativoUnivocoVersamento>RF33933</identificativoUnivocoVersamento><identificativoUnivocoRiscossione>00098507804113690986</identificativoUnivocoRiscossione><singoloImportoPagato>15</singoloImportoPagato><codiceEsitoSingoloPagamento>0</codiceEsitoSingoloPagamento><dataEsitoSingoloPagamento>2016-04-07</dataEsitoSingoloPagamento></datiSingoliPagamenti><datiSingoliPagamenti><identificativoUnivocoVersamento>RF06934</identificativoUnivocoVersamento><identificativoUnivocoRiscossione>00098398028113690962</identificativoUnivocoRiscossione><singoloImportoPagato>120</singoloImportoPagato><codiceEsitoSingoloPagamento>0</codiceEsitoSingoloPagamento><dataEsitoSingoloPagamento>2016-04-07</dataEsitoSingoloPagamento></datiSingoliPagamenti><datiSingoliPagamenti><identificativoUnivocoVersamento>RF97945</identificativoUnivocoVersamento><identificativoUnivocoRiscossione>00098442697113691211</identificativoUnivocoRiscossione><singoloImportoPagato>15</singoloImportoPagato><codiceEsitoSingoloPagamento>0</codiceEsitoSingoloPagamento><dataEsitoSingoloPagamento>2016-04-07</dataEsitoSingoloPagamento></datiSingoliPagamenti><datiSingoliPagamenti><identificativoUnivocoVersamento>RF28829</identificativoUnivocoVersamento><identificativoUnivocoRiscossione>00098409804113687613</identificativoUnivocoRiscossione><singoloImportoPagato>150</singoloImportoPagato><codiceEsitoSingoloPagamento>0</codiceEsitoSingoloPagamento><dataEsitoSingoloPagamento>2016-04-07</dataEsitoSingoloPagamento></datiSingoliPagamenti><datiSingoliPagamenti><identificativoUnivocoVersamento>RF38843</identificativoUnivocoVersamento><identificativoUnivocoRiscossione>00098209270113688293</identificativoUnivocoRiscossione><singoloImportoPagato>45</singoloImportoPagato><codiceEsitoSingoloPagamento>0</codiceEsitoSingoloPagamento><dataEsitoSingoloPagamento>2016-04-07</dataEsitoSingoloPagamento></datiSingoliPagamenti><datiSingoliPagamenti><identificativoUnivocoVersamento>RF76935</identificativoUnivocoVersamento><identificativoUnivocoRiscossione>00098711409113691026</identificativoUnivocoRiscossione><singoloImportoPagato>105</singoloImportoPagato><codiceEsitoSingoloPagamento>0</codiceEsitoSingoloPagamento><dataEsitoSingoloPagamento>2016-04-07</dataEsitoSingoloPagamento></datiSingoliPagamenti><datiSingoliPagamenti><identificativoUnivocoVersamento>RF25980</identificativoUnivocoVersamento><identificativoUnivocoRiscossione>00098633597113692101</identificativoUnivocoRiscossione><singoloImportoPagato>15</singoloImportoPagato><codiceEsitoSingoloPagamento>0</codiceEsitoSingoloPagamento><dataEsitoSingoloPagamento>2016-04-07</dataEsitoSingoloPagamento></datiSingoliPagamenti><datiSingoliPagamenti><identificativoUnivocoVersamento>RF09880</identificativoUnivocoVersamento><identificativoUnivocoRiscossione>00098278346113689533</identificativoUnivocoRiscossione><singoloImportoPagato>15</singoloImportoPagato><codiceEsitoSingoloPagamento>0</codiceEsitoSingoloPagamento><dataEsitoSingoloPagamento>2016-04-07</dataEsitoSingoloPagamento></datiSingoliPagamenti><datiSingoliPagamenti><identificativoUnivocoVersamento>RF57889</identificativoUnivocoVersamento><identificativoUnivocoRiscossione>00098463018113689904</identificativoUnivocoRiscossione><singoloImportoPagato>60</singoloImportoPagato><codiceEsitoSingoloPagamento>0</codiceEsitoSingoloPagamento><dataEsitoSingoloPagamento>2016-04-07</dataEsitoSingoloPagamento></datiSingoliPagamenti><datiSingoliPagamenti><identificativoUnivocoVersamento>RF81845</identificativoUnivocoVersamento><identificativoUnivocoRiscossione>00098659205113688472</identificativoUnivocoRiscossione><singoloImportoPagato>15</singoloImportoPagato><codiceEsitoSingoloPagamento>0</codiceEsitoSingoloPagamento><dataEsitoSingoloPagamento>2016-04-07</dataEsitoSingoloPagamento></datiSingoliPagamenti><datiSingoliPagamenti><identificativoUnivocoVersamento>RF43850</identificativoUnivocoVersamento><identificativoUnivocoRiscossione>00098358650113688584</identificativoUnivocoRiscossione><singoloImportoPagato>150</singoloImportoPagato><codiceEsitoSingoloPagamento>0</codiceEsitoSingoloPagamento><dataEsitoSingoloPagamento>2016-04-07</dataEsitoSingoloPagamento></datiSingoliPagamenti><datiSingoliPagamenti><identificativoUnivocoVersamento>RF591047</identificativoUnivocoVersamento><identificativoUnivocoRiscossione>00098982107113695953</identificativoUnivocoRiscossione><singoloImportoPagato>135</singoloImportoPagato><codiceEsitoSingoloPagamento>0</codiceEsitoSingoloPagamento><dataEsitoSingoloPagamento>2016-04-07</dataEsitoSingoloPagamento></datiSingoliPagamenti><datiSingoliPagamenti><identificativoUnivocoVersamento>RF85870</identificativoUnivocoVersamento><identificativoUnivocoRiscossione>00098864180113689303</identificativoUnivocoRiscossione><singoloImportoPagato>30</singoloImportoPagato><codiceEsitoSingoloPagamento>0</codiceEsitoSingoloPagamento><dataEsitoSingoloPagamento>2016-04-07</dataEsitoSingoloPagamento></datiSingoliPagamenti><datiSingoliPagamenti><identificativoUnivocoVersamento>RF87834</identificativoUnivocoVersamento><identificativoUnivocoRiscossione>00098710349113687825</identificativoUnivocoRiscossione><singoloImportoPagato>15</singoloImportoPagato><codiceEsitoSingoloPagamento>0</codiceEsitoSingoloPagamento><dataEsitoSingoloPagamento>2016-04-07</dataEsitoSingoloPagamento></datiSingoliPagamenti><datiSingoliPagamenti><identificativoUnivocoVersamento>RF361073</identificativoUnivocoVersamento><identificativoUnivocoRiscossione>00098667802113698431</identificativoUnivocoRiscossione><singoloImportoPagato>90</singoloImportoPagato><codiceEsitoSingoloPagamento>0</codiceEsitoSingoloPagamento><dataEsitoSingoloPagamento>2016-04-07</dataEsitoSingoloPagamento></datiSingoliPagamenti><datiSingoliPagamenti><identificativoUnivocoVersamento>RF37861</identificativoUnivocoVersamento><identificativoUnivocoRiscossione>00098253360113688922</identificativoUnivocoRiscossione><singoloImportoPagato>50</singoloImportoPagato><codiceEsitoSingoloPagamento>0</codiceEsitoSingoloPagamento><dataEsitoSingoloPagamento>2016-04-07</dataEsitoSingoloPagamento></datiSingoliPagamenti><datiSingoliPagamenti><identificativoUnivocoVersamento>RF69867</identificativoUnivocoVersamento><identificativoUnivocoRiscossione>00098763094113689136</identificativoUnivocoRiscossione><singoloImportoPagato>105</singoloImportoPagato><codiceEsitoSingoloPagamento>0</codiceEsitoSingoloPagamento><dataEsitoSingoloPagamento>2016-04-07</dataEsitoSingoloPagamento></datiSingoliPagamenti><datiSingoliPagamenti><identificativoUnivocoVersamento>RF34915</identificativoUnivocoVersamento><identificativoUnivocoRiscossione>00098178069113690567</identificativoUnivocoRiscossione><singoloImportoPagato>60</singoloImportoPagato><codiceEsitoSingoloPagamento>0</codiceEsitoSingoloPagamento><dataEsitoSingoloPagamento>2016-04-07</dataEsitoSingoloPagamento></datiSingoliPagamenti></FlussoRiversamento>