<?xml version="1.0" encoding="UTF-8"?>
<pay_i:FlussoRiversamento xmlns:pay_i="http://www.digitpa.gov.it/schemas/2011/Pagamenti/" xmlns:xsi="http://www.w3.org/2001/XMLSchema-instance" xsi:schemaLocation="/opt/proctele/resources/FlussoRiversamento_1_0_2.xsd"><pay_i:versioneOggetto>1.0</pay_i:versioneOggetto><pay_i:identificativoFlusso>160407006</pay_i:identificativoFlusso><pay_i:dataOraFlusso>2016-04-08T02:30:31</pay_i:dataOraFlusso><pay_i:identificativoUnivocoRegolamento>0306927292585002489999999999IT</pay_i:identificativoUnivocoRegolamento><pay_i:dataRegolamento>2016-04-07</pay_i:dataRegolamento><pay_i:istitutoMittente><pay_i:identificativoUnivocoMittente><pay_i:tipoIdentificativoUnivoco>B</pay_i:tipoIdentificativoUnivoco><pay_i:codiceIdentificativoUnivoco>BCITITMM</pay_i:codiceIdentificativoUnivoco></pay_i:identificativoUnivocoMittente><pay_i:denominazioneMittente>Intesa Sanpaolo</pay_i:denominazioneMittente></pay_i:istitutoMittente><pay_i:istitutoRicevente><pay_i:identificativoUnivocoRicevente><pay_i:tipoIdentificativoUnivoco>G</pay_i:tipoIdentificativoUnivoco><pay_i:codiceIdentificativoUnivoco>00569890379</pay_i:codiceIdentificativoUnivoco></pay_i:identificativoUnivocoRicevente><pay_i:denominazioneRicevente>[99988          ] ERVET </pay_i:denominazioneRicevente></pay_i:istitutoRicevente><pay_i:numeroTotalePagamenti>2</pay_i:numeroTotalePagamenti><pay_i:importoTotalePagamenti>2.00</pay_i:importoTotalePagamenti><pay_i:datiSingoliPagamenti><pay_i:identificativoUnivocoVersamento>RF30793</pay_i:identificativoUnivocoVersamento><pay_i:identificativoUnivocoRiscossione>145997426689045431</pay_i:identificativoUnivocoRiscossione><pay_i:singoloImportoPagato>1</pay_i:singoloImportoPagato><pay_i:codiceEsitoSingoloPagamento>0</pay_i:codiceEsitoSingoloPagamento><pay_i:dataEsitoSingoloPagamento>2016-04-06</pay_i:dataEsitoSingoloPagamento></pay_i:datiSingoliPagamenti><pay_i:datiSingoliPagamenti><pay_i:identificativoUnivocoVersamento>RF03794</pay_i:identificativoUnivocoVersamento><pay_i:identificativoUnivocoRiscossione>145997626956345451</pay_i:identificativoUnivocoRiscossione><pay_i:singoloImportoPagato>1</pay_i:singoloImportoPagato><pay_i:codiceEsitoSingoloPagamento>0</pay_i:codiceEsitoSingoloPagamento><pay_i:dataEsitoSingoloPagamento>2016-04-06</pay_i:dataEsitoSingoloPagamento></pay_i:datiSingoliPagamenti></pay_i:FlussoRiversamento>
