<?xml version="1.0" encoding="UTF-8" standalone="yes"?>
<FlussoRiversamento xmlns="http://www.digitpa.gov.it/schemas/2011/Pagamenti/">
    <versioneOggetto>1.0</versioneOggetto>
    <identificativoFlusso>SCT2016040819900798002</identificativoFlusso>
    <dataOraFlusso>2016-04-08T08:00:18</dataOraFlusso>
    <identificativoUnivocoRegolamento>199007980026AGID480160001600IT</identificativoUnivocoRegolamento>
    <dataRegolamento>2016-04-08</dataRegolamento>
    <istitutoMittente>
        <identificativoUnivocoMittente>
            <tipoIdentificativoUnivoco>A</tipoIdentificativoUnivoco>
            <codiceIdentificativoUnivoco>05000</codiceIdentificativoUnivoco>
        </identificativoUnivocoMittente>
        <denominazioneMittente>ICBPI</denominazioneMittente>
    </istitutoMittente>
    <istitutoRicevente>
        <identificativoUnivocoRicevente>
            <tipoIdentificativoUnivoco>G</tipoIdentificativoUnivoco>
            <codiceIdentificativoUnivoco>00569890379</codiceIdentificativoUnivoco>
        </identificativoUnivocoRicevente>
        <denominazioneRicevente>99988            ERVET</denominazioneRicevente>
    </istitutoRicevente>
    <numeroTotalePagamenti>52</numeroTotalePagamenti>
    <importoTotalePagamenti>3087</importoTotalePagamenti>
    <datiSingoliPagamenti>
        <identificativoUnivocoVersamento>RF86852</identificativoUnivocoVersamento>
        <identificativoUnivocoRiscossione>0000000055471</identificativoUnivocoRiscossione>
        <singoloImportoPagato>45</singoloImportoPagato>
        <codiceEsitoSingoloPagamento>0</codiceEsitoSingoloPagamento>
        <dataEsitoSingoloPagamento>2016-04-07</dataEsitoSingoloPagamento>
    </datiSingoliPagamenti>
    <datiSingoliPagamenti>
        <identificativoUnivocoVersamento>RF05855</identificativoUnivocoVersamento>
        <identificativoUnivocoRiscossione>0000000055472</identificativoUnivocoRiscossione>
        <singoloImportoPagato>30</singoloImportoPagato>
        <codiceEsitoSingoloPagamento>0</codiceEsitoSingoloPagamento>
        <dataEsitoSingoloPagamento>2016-04-07</dataEsitoSingoloPagamento>
    </datiSingoliPagamenti>
    <datiSingoliPagamenti>
        <identificativoUnivocoVersamento>RF10862</identificativoUnivocoVersamento>
        <identificativoUnivocoRiscossione>0000000055474</identificativoUnivocoRiscossione>
        <singoloImportoPagato>60</singoloImportoPagato>
        <codiceEsitoSingoloPagamento>0</codiceEsitoSingoloPagamento>
        <dataEsitoSingoloPagamento>2016-04-07</dataEsitoSingoloPagamento>
    </datiSingoliPagamenti>
    <datiSingoliPagamenti>
        <identificativoUnivocoVersamento>RF58871</identificativoUnivocoVersamento>
        <identificativoUnivocoRiscossione>0000000055481</identificativoUnivocoRiscossione>
        <singoloImportoPagato>105</singoloImportoPagato>
        <codiceEsitoSingoloPagamento>0</codiceEsitoSingoloPagamento>
        <dataEsitoSingoloPagamento>2016-04-07</dataEsitoSingoloPagamento>
    </datiSingoliPagamenti>
    <datiSingoliPagamenti>
        <identificativoUnivocoVersamento>RF20876</identificativoUnivocoVersamento>
        <identificativoUnivocoRiscossione>0000000055483</identificativoUnivocoRiscossione>
        <singoloImportoPagato>15</singoloImportoPagato>
        <codiceEsitoSingoloPagamento>0</codiceEsitoSingoloPagamento>
        <dataEsitoSingoloPagamento>2016-04-07</dataEsitoSingoloPagamento>
    </datiSingoliPagamenti>
    <datiSingoliPagamenti>
        <identificativoUnivocoVersamento>RF52882</identificativoUnivocoVersamento>
        <identificativoUnivocoRiscossione>0000000055486</identificativoUnivocoRiscossione>
        <singoloImportoPagato>15</singoloImportoPagato>
        <codiceEsitoSingoloPagamento>0</codiceEsitoSingoloPagamento>
        <dataEsitoSingoloPagamento>2016-04-07</dataEsitoSingoloPagamento>
    </datiSingoliPagamenti>
    <datiSingoliPagamenti>
        <identificativoUnivocoVersamento>RF95884</identificativoUnivocoVersamento>
        <identificativoUnivocoRiscossione>0000000055488</identificativoUnivocoRiscossione>
        <singoloImportoPagato>15</singoloImportoPagato>
        <codiceEsitoSingoloPagamento>0</codiceEsitoSingoloPagamento>
        <dataEsitoSingoloPagamento>2016-04-07</dataEsitoSingoloPagamento>
    </datiSingoliPagamenti>
    <datiSingoliPagamenti>
        <identificativoUnivocoVersamento>RF84888</identificativoUnivocoVersamento>
        <identificativoUnivocoRiscossione>0000000055493</identificativoUnivocoRiscossione>
        <singoloImportoPagato>30</singoloImportoPagato>
        <codiceEsitoSingoloPagamento>0</codiceEsitoSingoloPagamento>
        <dataEsitoSingoloPagamento>2016-04-07</dataEsitoSingoloPagamento>
    </datiSingoliPagamenti>
    <datiSingoliPagamenti>
        <identificativoUnivocoVersamento>RF73892</identificativoUnivocoVersamento>
        <identificativoUnivocoRiscossione>0000000055495</identificativoUnivocoRiscossione>
        <singoloImportoPagato>150</singoloImportoPagato>
        <codiceEsitoSingoloPagamento>0</codiceEsitoSingoloPagamento>
        <dataEsitoSingoloPagamento>2016-04-07</dataEsitoSingoloPagamento>
    </datiSingoliPagamenti>
    <datiSingoliPagamenti>
        <identificativoUnivocoVersamento>RF19894</identificativoUnivocoVersamento>
        <identificativoUnivocoRiscossione>0000000055496</identificativoUnivocoRiscossione>
        <singoloImportoPagato>15</singoloImportoPagato>
        <codiceEsitoSingoloPagamento>0</codiceEsitoSingoloPagamento>
        <dataEsitoSingoloPagamento>2016-04-07</dataEsitoSingoloPagamento>
    </datiSingoliPagamenti>
    <datiSingoliPagamenti>
        <identificativoUnivocoVersamento>RF461087</identificativoUnivocoVersamento>
        <identificativoUnivocoRiscossione>0000000055589</identificativoUnivocoRiscossione>
        <singoloImportoPagato>50</singoloImportoPagato>
        <codiceEsitoSingoloPagamento>0</codiceEsitoSingoloPagamento>
        <dataEsitoSingoloPagamento>2016-04-07</dataEsitoSingoloPagamento>
    </datiSingoliPagamenti>
    <datiSingoliPagamenti>
        <identificativoUnivocoVersamento>RF411080</identificativoUnivocoVersamento>
        <identificativoUnivocoRiscossione>0000000055585</identificativoUnivocoRiscossione>
        <singoloImportoPagato>30</singoloImportoPagato>
        <codiceEsitoSingoloPagamento>0</codiceEsitoSingoloPagamento>
        <dataEsitoSingoloPagamento>2016-04-07</dataEsitoSingoloPagamento>
    </datiSingoliPagamenti>
    <datiSingoliPagamenti>
        <identificativoUnivocoVersamento>RF731086</identificativoUnivocoVersamento>
        <identificativoUnivocoRiscossione>0000000055588</identificativoUnivocoRiscossione>
        <singoloImportoPagato>30</singoloImportoPagato>
        <codiceEsitoSingoloPagamento>0</codiceEsitoSingoloPagamento>
        <dataEsitoSingoloPagamento>2016-04-07</dataEsitoSingoloPagamento>
    </datiSingoliPagamenti>
    <datiSingoliPagamenti>
        <identificativoUnivocoVersamento>RF60835</identificativoUnivocoVersamento>
        <identificativoUnivocoRiscossione>0000000055459</identificativoUnivocoRiscossione>
        <singoloImportoPagato>30</singoloImportoPagato>
        <codiceEsitoSingoloPagamento>0</codiceEsitoSingoloPagamento>
        <dataEsitoSingoloPagamento>2016-04-07</dataEsitoSingoloPagamento>
    </datiSingoliPagamenti>
    <datiSingoliPagamenti>
        <identificativoUnivocoVersamento>RF33836</identificativoUnivocoVersamento>
        <identificativoUnivocoRiscossione>0000000055460</identificativoUnivocoRiscossione>
        <singoloImportoPagato>75</singoloImportoPagato>
        <codiceEsitoSingoloPagamento>0</codiceEsitoSingoloPagamento>
        <dataEsitoSingoloPagamento>2016-04-07</dataEsitoSingoloPagamento>
    </datiSingoliPagamenti>
    <datiSingoliPagamenti>
        <identificativoUnivocoVersamento>RF421062</identificativoUnivocoVersamento>
        <identificativoUnivocoRiscossione>0000000055572</identificativoUnivocoRiscossione>
        <singoloImportoPagato>45</singoloImportoPagato>
        <codiceEsitoSingoloPagamento>0</codiceEsitoSingoloPagamento>
        <dataEsitoSingoloPagamento>2016-04-07</dataEsitoSingoloPagamento>
    </datiSingoliPagamenti>
    <datiSingoliPagamenti>
        <identificativoUnivocoVersamento>RF041067</identificativoUnivocoVersamento>
        <identificativoUnivocoRiscossione>0000000055573</identificativoUnivocoRiscossione>
        <singoloImportoPagato>60</singoloImportoPagato>
        <codiceEsitoSingoloPagamento>0</codiceEsitoSingoloPagamento>
        <dataEsitoSingoloPagamento>2016-04-07</dataEsitoSingoloPagamento>
    </datiSingoliPagamenti>
    <datiSingoliPagamenti>
        <identificativoUnivocoVersamento>RF471069</identificativoUnivocoVersamento>
        <identificativoUnivocoRiscossione>0000000055576</identificativoUnivocoRiscossione>
        <singoloImportoPagato>150</singoloImportoPagato>
        <codiceEsitoSingoloPagamento>0</codiceEsitoSingoloPagamento>
        <dataEsitoSingoloPagamento>2016-04-07</dataEsitoSingoloPagamento>
    </datiSingoliPagamenti>
    <datiSingoliPagamenti>
        <identificativoUnivocoVersamento>RF201070</identificativoUnivocoVersamento>
        <identificativoUnivocoRiscossione>0000000055577</identificativoUnivocoRiscossione>
        <singoloImportoPagato>150</singoloImportoPagato>
        <codiceEsitoSingoloPagamento>0</codiceEsitoSingoloPagamento>
        <dataEsitoSingoloPagamento>2016-04-07</dataEsitoSingoloPagamento>
    </datiSingoliPagamenti>
    <datiSingoliPagamenti>
        <identificativoUnivocoVersamento>RF521076</identificativoUnivocoVersamento>
        <identificativoUnivocoRiscossione>0000000055583</identificativoUnivocoRiscossione>
        <singoloImportoPagato>15</singoloImportoPagato>
        <codiceEsitoSingoloPagamento>0</codiceEsitoSingoloPagamento>
        <dataEsitoSingoloPagamento>2016-04-07</dataEsitoSingoloPagamento>
    </datiSingoliPagamenti>
    <datiSingoliPagamenti>
        <identificativoUnivocoVersamento>RF441026</identificativoUnivocoVersamento>
        <identificativoUnivocoRiscossione>0000000055551</identificativoUnivocoRiscossione>
        <singoloImportoPagato>100</singoloImportoPagato>
        <codiceEsitoSingoloPagamento>0</codiceEsitoSingoloPagamento>
        <dataEsitoSingoloPagamento>2016-04-07</dataEsitoSingoloPagamento>
    </datiSingoliPagamenti>
    <datiSingoliPagamenti>
        <identificativoUnivocoVersamento>RF761032</identificativoUnivocoVersamento>
        <identificativoUnivocoRiscossione>0000000055553</identificativoUnivocoRiscossione>
        <singoloImportoPagato>60</singoloImportoPagato>
        <codiceEsitoSingoloPagamento>0</codiceEsitoSingoloPagamento>
        <dataEsitoSingoloPagamento>2016-04-07</dataEsitoSingoloPagamento>
    </datiSingoliPagamenti>
    <datiSingoliPagamenti>
        <identificativoUnivocoVersamento>RF221034</identificativoUnivocoVersamento>
        <identificativoUnivocoRiscossione>0000000055554</identificativoUnivocoRiscossione>
        <singoloImportoPagato>90</singoloImportoPagato>
        <codiceEsitoSingoloPagamento>0</codiceEsitoSingoloPagamento>
        <dataEsitoSingoloPagamento>2016-04-07</dataEsitoSingoloPagamento>
    </datiSingoliPagamenti>
    <datiSingoliPagamenti>
        <identificativoUnivocoVersamento>RF971042</identificativoUnivocoVersamento>
        <identificativoUnivocoRiscossione>0000000055562</identificativoUnivocoRiscossione>
        <singoloImportoPagato>15</singoloImportoPagato>
        <codiceEsitoSingoloPagamento>0</codiceEsitoSingoloPagamento>
        <dataEsitoSingoloPagamento>2016-04-07</dataEsitoSingoloPagamento>
    </datiSingoliPagamenti>
    <datiSingoliPagamenti>
        <identificativoUnivocoVersamento>RF701043</identificativoUnivocoVersamento>
        <identificativoUnivocoRiscossione>0000000055563</identificativoUnivocoRiscossione>
        <singoloImportoPagato>150</singoloImportoPagato>
        <codiceEsitoSingoloPagamento>0</codiceEsitoSingoloPagamento>
        <dataEsitoSingoloPagamento>2016-04-07</dataEsitoSingoloPagamento>
    </datiSingoliPagamenti>
    <datiSingoliPagamenti>
        <identificativoUnivocoVersamento>RF101056</identificativoUnivocoVersamento>
        <identificativoUnivocoRiscossione>0000000055569</identificativoUnivocoRiscossione>
        <singoloImportoPagato>45</singoloImportoPagato>
        <codiceEsitoSingoloPagamento>0</codiceEsitoSingoloPagamento>
        <dataEsitoSingoloPagamento>2016-04-07</dataEsitoSingoloPagamento>
    </datiSingoliPagamenti>
    <datiSingoliPagamenti>
        <identificativoUnivocoVersamento>RF24901</identificativoUnivocoVersamento>
        <identificativoUnivocoRiscossione>0000000055501</identificativoUnivocoRiscossione>
        <singoloImportoPagato>32</singoloImportoPagato>
        <codiceEsitoSingoloPagamento>0</codiceEsitoSingoloPagamento>
        <dataEsitoSingoloPagamento>2016-04-07</dataEsitoSingoloPagamento>
    </datiSingoliPagamenti>
    <datiSingoliPagamenti>
        <identificativoUnivocoVersamento>RF94902</identificativoUnivocoVersamento>
        <identificativoUnivocoRiscossione>0000000055502</identificativoUnivocoRiscossione>
        <singoloImportoPagato>60</singoloImportoPagato>
        <codiceEsitoSingoloPagamento>0</codiceEsitoSingoloPagamento>
        <dataEsitoSingoloPagamento>2016-04-07</dataEsitoSingoloPagamento>
    </datiSingoliPagamenti>
    <datiSingoliPagamenti>
        <identificativoUnivocoVersamento>RF67903</identificativoUnivocoVersamento>
        <identificativoUnivocoRiscossione>0000000055503</identificativoUnivocoRiscossione>
        <singoloImportoPagato>150</singoloImportoPagato>
        <codiceEsitoSingoloPagamento>0</codiceEsitoSingoloPagamento>
        <dataEsitoSingoloPagamento>2016-04-07</dataEsitoSingoloPagamento>
    </datiSingoliPagamenti>
    <datiSingoliPagamenti>
        <identificativoUnivocoVersamento>RF18912</identificativoUnivocoVersamento>
        <identificativoUnivocoRiscossione>0000000055507</identificativoUnivocoRiscossione>
        <singoloImportoPagato>300</singoloImportoPagato>
        <codiceEsitoSingoloPagamento>0</codiceEsitoSingoloPagamento>
        <dataEsitoSingoloPagamento>2016-04-07</dataEsitoSingoloPagamento>
    </datiSingoliPagamenti>
    <datiSingoliPagamenti>
        <identificativoUnivocoVersamento>RF23919</identificativoUnivocoVersamento>
        <identificativoUnivocoRiscossione>0000000055511</identificativoUnivocoRiscossione>
        <singoloImportoPagato>15</singoloImportoPagato>
        <codiceEsitoSingoloPagamento>0</codiceEsitoSingoloPagamento>
        <dataEsitoSingoloPagamento>2016-04-07</dataEsitoSingoloPagamento>
    </datiSingoliPagamenti>
    <datiSingoliPagamenti>
        <identificativoUnivocoVersamento>RF28926</identificativoUnivocoVersamento>
        <identificativoUnivocoRiscossione>0000000055512</identificativoUnivocoRiscossione>
        <singoloImportoPagato>15</singoloImportoPagato>
        <codiceEsitoSingoloPagamento>0</codiceEsitoSingoloPagamento>
        <dataEsitoSingoloPagamento>2016-04-07</dataEsitoSingoloPagamento>
    </datiSingoliPagamenti>
    <datiSingoliPagamenti>
        <identificativoUnivocoVersamento>RF54943</identificativoUnivocoVersamento>
        <identificativoUnivocoRiscossione>0000000055516</identificativoUnivocoRiscossione>
        <singoloImportoPagato>60</singoloImportoPagato>
        <codiceEsitoSingoloPagamento>0</codiceEsitoSingoloPagamento>
        <dataEsitoSingoloPagamento>2016-04-07</dataEsitoSingoloPagamento>
    </datiSingoliPagamenti>
    <datiSingoliPagamenti>
        <identificativoUnivocoVersamento>RF05952</identificativoUnivocoVersamento>
        <identificativoUnivocoRiscossione>0000000055517</identificativoUnivocoRiscossione>
        <singoloImportoPagato>150</singoloImportoPagato>
        <codiceEsitoSingoloPagamento>0</codiceEsitoSingoloPagamento>
        <dataEsitoSingoloPagamento>2016-04-07</dataEsitoSingoloPagamento>
    </datiSingoliPagamenti>
    <datiSingoliPagamenti>
        <identificativoUnivocoVersamento>RF04970</identificativoUnivocoVersamento>
        <identificativoUnivocoRiscossione>0000000055523</identificativoUnivocoRiscossione>
        <singoloImportoPagato>30</singoloImportoPagato>
        <codiceEsitoSingoloPagamento>0</codiceEsitoSingoloPagamento>
        <dataEsitoSingoloPagamento>2016-04-07</dataEsitoSingoloPagamento>
    </datiSingoliPagamenti>
    <datiSingoliPagamenti>
        <identificativoUnivocoVersamento>RF47972</identificativoUnivocoVersamento>
        <identificativoUnivocoRiscossione>0000000055524</identificativoUnivocoRiscossione>
        <singoloImportoPagato>90</singoloImportoPagato>
        <codiceEsitoSingoloPagamento>0</codiceEsitoSingoloPagamento>
        <dataEsitoSingoloPagamento>2016-04-07</dataEsitoSingoloPagamento>
    </datiSingoliPagamenti>
    <datiSingoliPagamenti>
        <identificativoUnivocoVersamento>RF95981</identificativoUnivocoVersamento>
        <identificativoUnivocoRiscossione>0000000055528</identificativoUnivocoRiscossione>
        <singoloImportoPagato>15</singoloImportoPagato>
        <codiceEsitoSingoloPagamento>0</codiceEsitoSingoloPagamento>
        <dataEsitoSingoloPagamento>2016-04-07</dataEsitoSingoloPagamento>
    </datiSingoliPagamenti>
    <datiSingoliPagamenti>
        <identificativoUnivocoVersamento>RF68982</identificativoUnivocoVersamento>
        <identificativoUnivocoRiscossione>0000000055529</identificativoUnivocoRiscossione>
        <singoloImportoPagato>60</singoloImportoPagato>
        <codiceEsitoSingoloPagamento>0</codiceEsitoSingoloPagamento>
        <dataEsitoSingoloPagamento>2016-04-07</dataEsitoSingoloPagamento>
    </datiSingoliPagamenti>
    <datiSingoliPagamenti>
        <identificativoUnivocoVersamento>RF19991</identificativoUnivocoVersamento>
        <identificativoUnivocoRiscossione>0000000055533</identificativoUnivocoRiscossione>
        <singoloImportoPagato>60</singoloImportoPagato>
        <codiceEsitoSingoloPagamento>0</codiceEsitoSingoloPagamento>
        <dataEsitoSingoloPagamento>2016-04-07</dataEsitoSingoloPagamento>
    </datiSingoliPagamenti>
    <datiSingoliPagamenti>
        <identificativoUnivocoVersamento>RF35994</identificativoUnivocoVersamento>
        <identificativoUnivocoRiscossione>0000000055535</identificativoUnivocoRiscossione>
        <singoloImportoPagato>15</singoloImportoPagato>
        <codiceEsitoSingoloPagamento>0</codiceEsitoSingoloPagamento>
        <dataEsitoSingoloPagamento>2016-04-07</dataEsitoSingoloPagamento>
    </datiSingoliPagamenti>
    <datiSingoliPagamenti>
        <identificativoUnivocoVersamento>RF291005</identificativoUnivocoVersamento>
        <identificativoUnivocoRiscossione>0000000055542</identificativoUnivocoRiscossione>
        <singoloImportoPagato>100</singoloImportoPagato>
        <codiceEsitoSingoloPagamento>0</codiceEsitoSingoloPagamento>
        <dataEsitoSingoloPagamento>2016-04-07</dataEsitoSingoloPagamento>
    </datiSingoliPagamenti>
    <datiSingoliPagamenti>
        <identificativoUnivocoVersamento>RF071013</identificativoUnivocoVersamento>
        <identificativoUnivocoRiscossione>0000000055546</identificativoUnivocoRiscossione>
        <singoloImportoPagato>15</singoloImportoPagato>
        <codiceEsitoSingoloPagamento>0</codiceEsitoSingoloPagamento>
        <dataEsitoSingoloPagamento>2016-04-07</dataEsitoSingoloPagamento>
    </datiSingoliPagamenti>
    <datiSingoliPagamenti>
        <identificativoUnivocoVersamento>RF231016</identificativoUnivocoVersamento>
        <identificativoUnivocoRiscossione>0000000055548</identificativoUnivocoRiscossione>
        <singoloImportoPagato>15</singoloImportoPagato>
        <codiceEsitoSingoloPagamento>0</codiceEsitoSingoloPagamento>
        <dataEsitoSingoloPagamento>2016-04-07</dataEsitoSingoloPagamento>
    </datiSingoliPagamenti>
    <datiSingoliPagamenti>
        <identificativoUnivocoVersamento>RF08801</identificativoUnivocoVersamento>
        <identificativoUnivocoRiscossione>0000000055432</identificativoUnivocoRiscossione>
        <singoloImportoPagato>15</singoloImportoPagato>
        <codiceEsitoSingoloPagamento>0</codiceEsitoSingoloPagamento>
        <dataEsitoSingoloPagamento>2016-04-07</dataEsitoSingoloPagamento>
    </datiSingoliPagamenti>
    <datiSingoliPagamenti>
        <identificativoUnivocoVersamento>RF94805</identificativoUnivocoVersamento>
        <identificativoUnivocoRiscossione>0000000055437</identificativoUnivocoRiscossione>
        <singoloImportoPagato>15</singoloImportoPagato>
        <codiceEsitoSingoloPagamento>0</codiceEsitoSingoloPagamento>
        <dataEsitoSingoloPagamento>2016-04-07</dataEsitoSingoloPagamento>
    </datiSingoliPagamenti>
    <datiSingoliPagamenti>
        <identificativoUnivocoVersamento>RF67806</identificativoUnivocoVersamento>
        <identificativoUnivocoRiscossione>0000000055438</identificativoUnivocoRiscossione>
        <singoloImportoPagato>60</singoloImportoPagato>
        <codiceEsitoSingoloPagamento>0</codiceEsitoSingoloPagamento>
        <dataEsitoSingoloPagamento>2016-04-07</dataEsitoSingoloPagamento>
    </datiSingoliPagamenti>
    <datiSingoliPagamenti>
        <identificativoUnivocoVersamento>RF18815</identificativoUnivocoVersamento>
        <identificativoUnivocoRiscossione>0000000055445</identificativoUnivocoRiscossione>
        <singoloImportoPagato>60</singoloImportoPagato>
        <codiceEsitoSingoloPagamento>0</codiceEsitoSingoloPagamento>
        <dataEsitoSingoloPagamento>2016-04-07</dataEsitoSingoloPagamento>
    </datiSingoliPagamenti>
    <datiSingoliPagamenti>
        <identificativoUnivocoVersamento>RF77820</identificativoUnivocoVersamento>
        <identificativoUnivocoRiscossione>0000000055447</identificativoUnivocoRiscossione>
        <singoloImportoPagato>15</singoloImportoPagato>
        <codiceEsitoSingoloPagamento>0</codiceEsitoSingoloPagamento>
        <dataEsitoSingoloPagamento>2016-04-07</dataEsitoSingoloPagamento>
    </datiSingoliPagamenti>
    <datiSingoliPagamenti>
        <identificativoUnivocoVersamento>RF23822</identificativoUnivocoVersamento>
        <identificativoUnivocoRiscossione>0000000055448</identificativoUnivocoRiscossione>
        <singoloImportoPagato>15</singoloImportoPagato>
        <codiceEsitoSingoloPagamento>0</codiceEsitoSingoloPagamento>
        <dataEsitoSingoloPagamento>2016-04-07</dataEsitoSingoloPagamento>
    </datiSingoliPagamenti>
    <datiSingoliPagamenti>
        <identificativoUnivocoVersamento>RF93823</identificativoUnivocoVersamento>
        <identificativoUnivocoRiscossione>0000000055449</identificativoUnivocoRiscossione>
        <singoloImportoPagato>15</singoloImportoPagato>
        <codiceEsitoSingoloPagamento>0</codiceEsitoSingoloPagamento>
        <dataEsitoSingoloPagamento>2016-04-07</dataEsitoSingoloPagamento>
    </datiSingoliPagamenti>
    <datiSingoliPagamenti>
        <identificativoUnivocoVersamento>RF55828</identificativoUnivocoVersamento>
        <identificativoUnivocoRiscossione>0000000055454</identificativoUnivocoRiscossione>
        <singoloImportoPagato>60</singoloImportoPagato>
        <codiceEsitoSingoloPagamento>0</codiceEsitoSingoloPagamento>
        <dataEsitoSingoloPagamento>2016-04-07</dataEsitoSingoloPagamento>
    </datiSingoliPagamenti>
    <datiSingoliPagamenti>
        <identificativoUnivocoVersamento>RF44832</identificativoUnivocoVersamento>
        <identificativoUnivocoRiscossione>0000000055456</identificativoUnivocoRiscossione>
        <singoloImportoPagato>75</singoloImportoPagato>
        <codiceEsitoSingoloPagamento>0</codiceEsitoSingoloPagamento>
        <dataEsitoSingoloPagamento>2016-04-07</dataEsitoSingoloPagamento>
    </datiSingoliPagamenti>
</FlussoRiversamento>
