<?xml version="1.0" encoding="UTF-8"?>
<pay_i:FlussoRiversamento xmlns:pay_i="http://www.digitpa.gov.it/schemas/2011/Pagamenti/" xmlns:xsi="http://www.w3.org/2001/XMLSchema-instance" xsi:schemaLocation="/opt/proctele/resources/FlussoRiversamento_1_0_2.xsd"><pay_i:versioneOggetto>1.0</pay_i:versioneOggetto><pay_i:identificativoFlusso>160412007</pay_i:identificativoFlusso><pay_i:dataOraFlusso>2016-04-13T15:19:32</pay_i:dataOraFlusso><pay_i:identificativoUnivocoRegolamento>0306927449020704489999999999IT</pay_i:identificativoUnivocoRegolamento><pay_i:dataRegolamento>2016-04-12</pay_i:dataRegolamento><pay_i:istitutoMittente><pay_i:identificativoUnivocoMittente><pay_i:tipoIdentificativoUnivoco>B</pay_i:tipoIdentificativoUnivoco><pay_i:codiceIdentificativoUnivoco>BCITITMM</pay_i:codiceIdentificativoUnivoco></pay_i:identificativoUnivocoMittente><pay_i:denominazioneMittente>Intesa Sanpaolo</pay_i:denominazioneMittente></pay_i:istitutoMittente><pay_i:istitutoRicevente><pay_i:identificativoUnivocoRicevente><pay_i:tipoIdentificativoUnivoco>G</pay_i:tipoIdentificativoUnivoco><pay_i:codiceIdentificativoUnivoco>00569890379</pay_i:codiceIdentificativoUnivoco></pay_i:identificativoUnivocoRicevente><pay_i:denominazioneRicevente>[99988          ] ERVET </pay_i:denominazioneRicevente></pay_i:istitutoRicevente><pay_i:numeroTotalePagamenti>41</pay_i:numeroTotalePagamenti><pay_i:importoTotalePagamenti>2990.00</pay_i:importoTotalePagamenti><pay_i:datiSingoliPagamenti><pay_i:identificativoUnivocoVersamento>RF921617</pay_i:identificativoUnivocoVersamento><pay_i:identificativoUnivocoRiscossione>146038210458800721</pay_i:identificativoUnivocoRiscossione><pay_i:singoloImportoPagato>30</pay_i:singoloImportoPagato><pay_i:codiceEsitoSingoloPagamento>0</pay_i:codiceEsitoSingoloPagamento><pay_i:dataEsitoSingoloPagamento>2016-04-11</pay_i:dataEsitoSingoloPagamento></pay_i:datiSingoliPagamenti><pay_i:datiSingoliPagamenti><pay_i:identificativoUnivocoVersamento>RF371637</pay_i:identificativoUnivocoVersamento><pay_i:identificativoUnivocoRiscossione>146038288806700781</pay_i:identificativoUnivocoRiscossione><pay_i:singoloImportoPagato>30</pay_i:singoloImportoPagato><pay_i:codiceEsitoSingoloPagamento>0</pay_i:codiceEsitoSingoloPagamento><pay_i:dataEsitoSingoloPagamento>2016-04-11</pay_i:dataEsitoSingoloPagamento></pay_i:datiSingoliPagamenti><pay_i:datiSingoliPagamenti><pay_i:identificativoUnivocoVersamento>RF691643</pay_i:identificativoUnivocoVersamento><pay_i:identificativoUnivocoRiscossione>146038298736400791</pay_i:identificativoUnivocoRiscossione><pay_i:singoloImportoPagato>150</pay_i:singoloImportoPagato><pay_i:codiceEsitoSingoloPagamento>0</pay_i:codiceEsitoSingoloPagamento><pay_i:dataEsitoSingoloPagamento>2016-04-11</pay_i:dataEsitoSingoloPagamento></pay_i:datiSingoliPagamenti><pay_i:datiSingoliPagamenti><pay_i:identificativoUnivocoVersamento>RF091656</pay_i:identificativoUnivocoVersamento><pay_i:identificativoUnivocoRiscossione>146038347236000811</pay_i:identificativoUnivocoRiscossione><pay_i:singoloImportoPagato>30</pay_i:singoloImportoPagato><pay_i:codiceEsitoSingoloPagamento>0</pay_i:codiceEsitoSingoloPagamento><pay_i:dataEsitoSingoloPagamento>2016-04-11</pay_i:dataEsitoSingoloPagamento></pay_i:datiSingoliPagamenti><pay_i:datiSingoliPagamenti><pay_i:identificativoUnivocoVersamento>RF431626</pay_i:identificativoUnivocoVersamento><pay_i:identificativoUnivocoRiscossione>146038238561100751</pay_i:identificativoUnivocoRiscossione><pay_i:singoloImportoPagato>60</pay_i:singoloImportoPagato><pay_i:codiceEsitoSingoloPagamento>0</pay_i:codiceEsitoSingoloPagamento><pay_i:dataEsitoSingoloPagamento>2016-04-11</pay_i:dataEsitoSingoloPagamento></pay_i:datiSingoliPagamenti><pay_i:datiSingoliPagamenti><pay_i:identificativoUnivocoVersamento>RF391698</pay_i:identificativoUnivocoVersamento><pay_i:identificativoUnivocoRiscossione>146038472857801001</pay_i:identificativoUnivocoRiscossione><pay_i:singoloImportoPagato>45</pay_i:singoloImportoPagato><pay_i:codiceEsitoSingoloPagamento>0</pay_i:codiceEsitoSingoloPagamento><pay_i:dataEsitoSingoloPagamento>2016-04-11</pay_i:dataEsitoSingoloPagamento></pay_i:datiSingoliPagamenti><pay_i:datiSingoliPagamenti><pay_i:identificativoUnivocoVersamento>RF811718</pay_i:identificativoUnivocoVersamento><pay_i:identificativoUnivocoRiscossione>146038550970101081</pay_i:identificativoUnivocoRiscossione><pay_i:singoloImportoPagato>15</pay_i:singoloImportoPagato><pay_i:codiceEsitoSingoloPagamento>0</pay_i:codiceEsitoSingoloPagamento><pay_i:dataEsitoSingoloPagamento>2016-04-11</pay_i:dataEsitoSingoloPagamento></pay_i:datiSingoliPagamenti><pay_i:datiSingoliPagamenti><pay_i:identificativoUnivocoVersamento>RF641733</pay_i:identificativoUnivocoVersamento><pay_i:identificativoUnivocoRiscossione>146038631446401171</pay_i:identificativoUnivocoRiscossione><pay_i:singoloImportoPagato>60</pay_i:singoloImportoPagato><pay_i:codiceEsitoSingoloPagamento>0</pay_i:codiceEsitoSingoloPagamento><pay_i:dataEsitoSingoloPagamento>2016-04-11</pay_i:dataEsitoSingoloPagamento></pay_i:datiSingoliPagamenti><pay_i:datiSingoliPagamenti><pay_i:identificativoUnivocoVersamento>RF471748</pay_i:identificativoUnivocoVersamento><pay_i:identificativoUnivocoRiscossione>146038733082701261</pay_i:identificativoUnivocoRiscossione><pay_i:singoloImportoPagato>45</pay_i:singoloImportoPagato><pay_i:codiceEsitoSingoloPagamento>0</pay_i:codiceEsitoSingoloPagamento><pay_i:dataEsitoSingoloPagamento>2016-04-11</pay_i:dataEsitoSingoloPagamento></pay_i:datiSingoliPagamenti><pay_i:datiSingoliPagamenti><pay_i:identificativoUnivocoVersamento>RF901750</pay_i:identificativoUnivocoVersamento><pay_i:identificativoUnivocoRiscossione>146038736056601271</pay_i:identificativoUnivocoRiscossione><pay_i:singoloImportoPagato>30</pay_i:singoloImportoPagato><pay_i:codiceEsitoSingoloPagamento>0</pay_i:codiceEsitoSingoloPagamento><pay_i:dataEsitoSingoloPagamento>2016-04-11</pay_i:dataEsitoSingoloPagamento></pay_i:datiSingoliPagamenti><pay_i:datiSingoliPagamenti><pay_i:identificativoUnivocoVersamento>RF351770</pay_i:identificativoUnivocoVersamento><pay_i:identificativoUnivocoRiscossione>146038922033801471</pay_i:identificativoUnivocoRiscossione><pay_i:singoloImportoPagato>450</pay_i:singoloImportoPagato><pay_i:codiceEsitoSingoloPagamento>0</pay_i:codiceEsitoSingoloPagamento><pay_i:dataEsitoSingoloPagamento>2016-04-11</pay_i:dataEsitoSingoloPagamento></pay_i:datiSingoliPagamenti><pay_i:datiSingoliPagamenti><pay_i:identificativoUnivocoVersamento>RF021782</pay_i:identificativoUnivocoVersamento><pay_i:identificativoUnivocoRiscossione>146039025696301541</pay_i:identificativoUnivocoRiscossione><pay_i:singoloImportoPagato>45</pay_i:singoloImportoPagato><pay_i:codiceEsitoSingoloPagamento>0</pay_i:codiceEsitoSingoloPagamento><pay_i:dataEsitoSingoloPagamento>2016-04-11</pay_i:dataEsitoSingoloPagamento></pay_i:datiSingoliPagamenti><pay_i:datiSingoliPagamenti><pay_i:identificativoUnivocoVersamento>RF491809</pay_i:identificativoUnivocoVersamento><pay_i:identificativoUnivocoRiscossione>146039191858500321</pay_i:identificativoUnivocoRiscossione><pay_i:singoloImportoPagato>15</pay_i:singoloImportoPagato><pay_i:codiceEsitoSingoloPagamento>0</pay_i:codiceEsitoSingoloPagamento><pay_i:dataEsitoSingoloPagamento>2016-04-11</pay_i:dataEsitoSingoloPagamento></pay_i:datiSingoliPagamenti><pay_i:datiSingoliPagamenti><pay_i:identificativoUnivocoVersamento>RF811815</pay_i:identificativoUnivocoVersamento><pay_i:identificativoUnivocoRiscossione>146039248242200351</pay_i:identificativoUnivocoRiscossione><pay_i:singoloImportoPagato>45</pay_i:singoloImportoPagato><pay_i:codiceEsitoSingoloPagamento>0</pay_i:codiceEsitoSingoloPagamento><pay_i:dataEsitoSingoloPagamento>2016-04-11</pay_i:dataEsitoSingoloPagamento></pay_i:datiSingoliPagamenti><pay_i:datiSingoliPagamenti><pay_i:identificativoUnivocoVersamento>RF271817</pay_i:identificativoUnivocoVersamento><pay_i:identificativoUnivocoRiscossione>146039327857601741</pay_i:identificativoUnivocoRiscossione><pay_i:singoloImportoPagato>30</pay_i:singoloImportoPagato><pay_i:codiceEsitoSingoloPagamento>0</pay_i:codiceEsitoSingoloPagamento><pay_i:dataEsitoSingoloPagamento>2016-04-11</pay_i:dataEsitoSingoloPagamento></pay_i:datiSingoliPagamenti><pay_i:datiSingoliPagamenti><pay_i:identificativoUnivocoVersamento>RF151839</pay_i:identificativoUnivocoVersamento><pay_i:identificativoUnivocoRiscossione>146039536443601851</pay_i:identificativoUnivocoRiscossione><pay_i:singoloImportoPagato>300</pay_i:singoloImportoPagato><pay_i:codiceEsitoSingoloPagamento>0</pay_i:codiceEsitoSingoloPagamento><pay_i:dataEsitoSingoloPagamento>2016-04-11</pay_i:dataEsitoSingoloPagamento></pay_i:datiSingoliPagamenti><pay_i:datiSingoliPagamenti><pay_i:identificativoUnivocoVersamento>RF521852</pay_i:identificativoUnivocoVersamento><pay_i:identificativoUnivocoRiscossione>146039704705501941</pay_i:identificativoUnivocoRiscossione><pay_i:singoloImportoPagato>150</pay_i:singoloImportoPagato><pay_i:codiceEsitoSingoloPagamento>0</pay_i:codiceEsitoSingoloPagamento><pay_i:dataEsitoSingoloPagamento>2016-04-11</pay_i:dataEsitoSingoloPagamento></pay_i:datiSingoliPagamenti><pay_i:datiSingoliPagamenti><pay_i:identificativoUnivocoVersamento>RF861628</pay_i:identificativoUnivocoVersamento><pay_i:identificativoUnivocoRiscossione>146038245461900761</pay_i:identificativoUnivocoRiscossione><pay_i:singoloImportoPagato>150</pay_i:singoloImportoPagato><pay_i:codiceEsitoSingoloPagamento>0</pay_i:codiceEsitoSingoloPagamento><pay_i:dataEsitoSingoloPagamento>2016-04-11</pay_i:dataEsitoSingoloPagamento></pay_i:datiSingoliPagamenti><pay_i:datiSingoliPagamenti><pay_i:identificativoUnivocoVersamento>RF641636</pay_i:identificativoUnivocoVersamento><pay_i:identificativoUnivocoRiscossione>146038288346200771</pay_i:identificativoUnivocoRiscossione><pay_i:singoloImportoPagato>15</pay_i:singoloImportoPagato><pay_i:codiceEsitoSingoloPagamento>0</pay_i:codiceEsitoSingoloPagamento><pay_i:dataEsitoSingoloPagamento>2016-04-11</pay_i:dataEsitoSingoloPagamento></pay_i:datiSingoliPagamenti><pay_i:datiSingoliPagamenti><pay_i:identificativoUnivocoVersamento>RF801833</pay_i:identificativoUnivocoVersamento><pay_i:identificativoUnivocoRiscossione>146039500603301821</pay_i:identificativoUnivocoRiscossione><pay_i:singoloImportoPagato>150</pay_i:singoloImportoPagato><pay_i:codiceEsitoSingoloPagamento>0</pay_i:codiceEsitoSingoloPagamento><pay_i:dataEsitoSingoloPagamento>2016-04-11</pay_i:dataEsitoSingoloPagamento></pay_i:datiSingoliPagamenti><pay_i:datiSingoliPagamenti><pay_i:identificativoUnivocoVersamento>RF471845</pay_i:identificativoUnivocoVersamento><pay_i:identificativoUnivocoRiscossione>146039593596701891</pay_i:identificativoUnivocoRiscossione><pay_i:singoloImportoPagato>30</pay_i:singoloImportoPagato><pay_i:codiceEsitoSingoloPagamento>0</pay_i:codiceEsitoSingoloPagamento><pay_i:dataEsitoSingoloPagamento>2016-04-11</pay_i:dataEsitoSingoloPagamento></pay_i:datiSingoliPagamenti><pay_i:datiSingoliPagamenti><pay_i:identificativoUnivocoVersamento>RF621769</pay_i:identificativoUnivocoVersamento><pay_i:identificativoUnivocoRiscossione>146038913901401461</pay_i:identificativoUnivocoRiscossione><pay_i:singoloImportoPagato>100</pay_i:singoloImportoPagato><pay_i:codiceEsitoSingoloPagamento>0</pay_i:codiceEsitoSingoloPagamento><pay_i:dataEsitoSingoloPagamento>2016-04-11</pay_i:dataEsitoSingoloPagamento></pay_i:datiSingoliPagamenti><pay_i:datiSingoliPagamenti><pay_i:identificativoUnivocoVersamento>RF931599</pay_i:identificativoUnivocoVersamento><pay_i:identificativoUnivocoRiscossione>146038132154000641</pay_i:identificativoUnivocoRiscossione><pay_i:singoloImportoPagato>15</pay_i:singoloImportoPagato><pay_i:codiceEsitoSingoloPagamento>0</pay_i:codiceEsitoSingoloPagamento><pay_i:dataEsitoSingoloPagamento>2016-04-11</pay_i:dataEsitoSingoloPagamento></pay_i:datiSingoliPagamenti><pay_i:datiSingoliPagamenti><pay_i:identificativoUnivocoVersamento>RF281605</pay_i:identificativoUnivocoVersamento><pay_i:identificativoUnivocoRiscossione>146038159957100661</pay_i:identificativoUnivocoRiscossione><pay_i:singoloImportoPagato>30</pay_i:singoloImportoPagato><pay_i:codiceEsitoSingoloPagamento>0</pay_i:codiceEsitoSingoloPagamento><pay_i:dataEsitoSingoloPagamento>2016-04-11</pay_i:dataEsitoSingoloPagamento></pay_i:datiSingoliPagamenti><pay_i:datiSingoliPagamenti><pay_i:identificativoUnivocoVersamento>RF341691</pay_i:identificativoUnivocoVersamento><pay_i:identificativoUnivocoRiscossione>146038451615100941</pay_i:identificativoUnivocoRiscossione><pay_i:singoloImportoPagato>15</pay_i:singoloImportoPagato><pay_i:codiceEsitoSingoloPagamento>0</pay_i:codiceEsitoSingoloPagamento><pay_i:dataEsitoSingoloPagamento>2016-04-11</pay_i:dataEsitoSingoloPagamento></pay_i:datiSingoliPagamenti><pay_i:datiSingoliPagamenti><pay_i:identificativoUnivocoVersamento>RF491712</pay_i:identificativoUnivocoVersamento><pay_i:identificativoUnivocoRiscossione>146038526899401051</pay_i:identificativoUnivocoRiscossione><pay_i:singoloImportoPagato>45</pay_i:singoloImportoPagato><pay_i:codiceEsitoSingoloPagamento>0</pay_i:codiceEsitoSingoloPagamento><pay_i:dataEsitoSingoloPagamento>2016-04-11</pay_i:dataEsitoSingoloPagamento></pay_i:datiSingoliPagamenti><pay_i:datiSingoliPagamenti><pay_i:identificativoUnivocoVersamento>RF541719</pay_i:identificativoUnivocoVersamento><pay_i:identificativoUnivocoRiscossione>146038563632700231</pay_i:identificativoUnivocoRiscossione><pay_i:singoloImportoPagato>90</pay_i:singoloImportoPagato><pay_i:codiceEsitoSingoloPagamento>0</pay_i:codiceEsitoSingoloPagamento><pay_i:dataEsitoSingoloPagamento>2016-04-11</pay_i:dataEsitoSingoloPagamento></pay_i:datiSingoliPagamenti><pay_i:datiSingoliPagamenti><pay_i:identificativoUnivocoVersamento>RF161724</pay_i:identificativoUnivocoVersamento><pay_i:identificativoUnivocoRiscossione>146038569778601111</pay_i:identificativoUnivocoRiscossione><pay_i:singoloImportoPagato>15</pay_i:singoloImportoPagato><pay_i:codiceEsitoSingoloPagamento>0</pay_i:codiceEsitoSingoloPagamento><pay_i:dataEsitoSingoloPagamento>2016-04-11</pay_i:dataEsitoSingoloPagamento></pay_i:datiSingoliPagamenti><pay_i:datiSingoliPagamenti><pay_i:identificativoUnivocoVersamento>RF261738</pay_i:identificativoUnivocoVersamento><pay_i:identificativoUnivocoRiscossione>146038675201401221</pay_i:identificativoUnivocoRiscossione><pay_i:singoloImportoPagato>15</pay_i:singoloImportoPagato><pay_i:codiceEsitoSingoloPagamento>0</pay_i:codiceEsitoSingoloPagamento><pay_i:dataEsitoSingoloPagamento>2016-04-11</pay_i:dataEsitoSingoloPagamento></pay_i:datiSingoliPagamenti><pay_i:datiSingoliPagamenti><pay_i:identificativoUnivocoVersamento>RF521755</pay_i:identificativoUnivocoVersamento><pay_i:identificativoUnivocoRiscossione>146038783812901311</pay_i:identificativoUnivocoRiscossione><pay_i:singoloImportoPagato>60</pay_i:singoloImportoPagato><pay_i:codiceEsitoSingoloPagamento>0</pay_i:codiceEsitoSingoloPagamento><pay_i:dataEsitoSingoloPagamento>2016-04-11</pay_i:dataEsitoSingoloPagamento></pay_i:datiSingoliPagamenti><pay_i:datiSingoliPagamenti><pay_i:identificativoUnivocoVersamento>RF681758</pay_i:identificativoUnivocoVersamento><pay_i:identificativoUnivocoRiscossione>146038798621001331</pay_i:identificativoUnivocoRiscossione><pay_i:singoloImportoPagato>15</pay_i:singoloImportoPagato><pay_i:codiceEsitoSingoloPagamento>0</pay_i:codiceEsitoSingoloPagamento><pay_i:dataEsitoSingoloPagamento>2016-04-11</pay_i:dataEsitoSingoloPagamento></pay_i:datiSingoliPagamenti><pay_i:datiSingoliPagamenti><pay_i:identificativoUnivocoVersamento>RF161821</pay_i:identificativoUnivocoVersamento><pay_i:identificativoUnivocoRiscossione>146039381744800421</pay_i:identificativoUnivocoRiscossione><pay_i:singoloImportoPagato>60</pay_i:singoloImportoPagato><pay_i:codiceEsitoSingoloPagamento>0</pay_i:codiceEsitoSingoloPagamento><pay_i:dataEsitoSingoloPagamento>2016-04-11</pay_i:dataEsitoSingoloPagamento></pay_i:datiSingoliPagamenti><pay_i:datiSingoliPagamenti><pay_i:identificativoUnivocoVersamento>RF751826</pay_i:identificativoUnivocoVersamento><pay_i:identificativoUnivocoRiscossione>146039447536401811</pay_i:identificativoUnivocoRiscossione><pay_i:singoloImportoPagato>15</pay_i:singoloImportoPagato><pay_i:codiceEsitoSingoloPagamento>0</pay_i:codiceEsitoSingoloPagamento><pay_i:dataEsitoSingoloPagamento>2016-04-11</pay_i:dataEsitoSingoloPagamento></pay_i:datiSingoliPagamenti><pay_i:datiSingoliPagamenti><pay_i:identificativoUnivocoVersamento>RF071886</pay_i:identificativoUnivocoVersamento><pay_i:identificativoUnivocoRiscossione>146040364125002181</pay_i:identificativoUnivocoRiscossione><pay_i:singoloImportoPagato>15</pay_i:singoloImportoPagato><pay_i:codiceEsitoSingoloPagamento>0</pay_i:codiceEsitoSingoloPagamento><pay_i:dataEsitoSingoloPagamento>2016-04-11</pay_i:dataEsitoSingoloPagamento></pay_i:datiSingoliPagamenti><pay_i:datiSingoliPagamenti><pay_i:identificativoUnivocoVersamento>RF511676</pay_i:identificativoUnivocoVersamento><pay_i:identificativoUnivocoRiscossione>146038413988500881</pay_i:identificativoUnivocoRiscossione><pay_i:singoloImportoPagato>150</pay_i:singoloImportoPagato><pay_i:codiceEsitoSingoloPagamento>0</pay_i:codiceEsitoSingoloPagamento><pay_i:dataEsitoSingoloPagamento>2016-04-11</pay_i:dataEsitoSingoloPagamento></pay_i:datiSingoliPagamenti><pay_i:datiSingoliPagamenti><pay_i:identificativoUnivocoVersamento>RF931793</pay_i:identificativoUnivocoVersamento><pay_i:identificativoUnivocoRiscossione>146039091943201601</pay_i:identificativoUnivocoRiscossione><pay_i:singoloImportoPagato>150</pay_i:singoloImportoPagato><pay_i:codiceEsitoSingoloPagamento>0</pay_i:codiceEsitoSingoloPagamento><pay_i:dataEsitoSingoloPagamento>2016-04-11</pay_i:dataEsitoSingoloPagamento></pay_i:datiSingoliPagamenti><pay_i:datiSingoliPagamenti><pay_i:identificativoUnivocoVersamento>RF281799</pay_i:identificativoUnivocoVersamento><pay_i:identificativoUnivocoRiscossione>146039112716001641</pay_i:identificativoUnivocoRiscossione><pay_i:singoloImportoPagato>70</pay_i:singoloImportoPagato><pay_i:codiceEsitoSingoloPagamento>0</pay_i:codiceEsitoSingoloPagamento><pay_i:dataEsitoSingoloPagamento>2016-04-11</pay_i:dataEsitoSingoloPagamento></pay_i:datiSingoliPagamenti><pay_i:datiSingoliPagamenti><pay_i:identificativoUnivocoVersamento>RF561877</pay_i:identificativoUnivocoVersamento><pay_i:identificativoUnivocoRiscossione>146040111839000471</pay_i:identificativoUnivocoRiscossione><pay_i:singoloImportoPagato>15</pay_i:singoloImportoPagato><pay_i:codiceEsitoSingoloPagamento>0</pay_i:codiceEsitoSingoloPagamento><pay_i:dataEsitoSingoloPagamento>2016-04-11</pay_i:dataEsitoSingoloPagamento></pay_i:datiSingoliPagamenti><pay_i:datiSingoliPagamenti><pay_i:identificativoUnivocoVersamento>RF451881</pay_i:identificativoUnivocoVersamento><pay_i:identificativoUnivocoRiscossione>146040250966302151</pay_i:identificativoUnivocoRiscossione><pay_i:singoloImportoPagato>15</pay_i:singoloImportoPagato><pay_i:codiceEsitoSingoloPagamento>0</pay_i:codiceEsitoSingoloPagamento><pay_i:dataEsitoSingoloPagamento>2016-04-11</pay_i:dataEsitoSingoloPagamento></pay_i:datiSingoliPagamenti><pay_i:datiSingoliPagamenti><pay_i:identificativoUnivocoVersamento>RF661891</pay_i:identificativoUnivocoVersamento><pay_i:identificativoUnivocoRiscossione>146040392019102191</pay_i:identificativoUnivocoRiscossione><pay_i:singoloImportoPagato>30</pay_i:singoloImportoPagato><pay_i:codiceEsitoSingoloPagamento>0</pay_i:codiceEsitoSingoloPagamento><pay_i:dataEsitoSingoloPagamento>2016-04-11</pay_i:dataEsitoSingoloPagamento></pay_i:datiSingoliPagamenti><pay_i:datiSingoliPagamenti><pay_i:identificativoUnivocoVersamento>RF921908</pay_i:identificativoUnivocoVersamento><pay_i:identificativoUnivocoRiscossione>146041101247502351</pay_i:identificativoUnivocoRiscossione><pay_i:singoloImportoPagato>195</pay_i:singoloImportoPagato><pay_i:codiceEsitoSingoloPagamento>0</pay_i:codiceEsitoSingoloPagamento><pay_i:dataEsitoSingoloPagamento>2016-04-11</pay_i:dataEsitoSingoloPagamento></pay_i:datiSingoliPagamenti></pay_i:FlussoRiversamento>
