<?xml version="1.0" encoding="UTF-8" standalone="yes"?><FlussoRiversamento xmlns="http://www.digitpa.gov.it/schemas/2011/Pagamenti/"><versioneOggetto>1.0</versioneOggetto><identificativoFlusso>e0dfc0196a1c414eb01ca2ace519f76b</identificativoFlusso><dataOraFlusso>2016-04-13T12:30:25.017+02:00</dataOraFlusso><identificativoUnivocoRegolamento>1201161040111907</identificativoUnivocoRegolamento><dataRegolamento>2016-04-13</dataRegolamento><istitutoMittente><identificativoUnivocoMittente><tipoIdentificativoUnivoco>G</tipoIdentificativoUnivoco><codiceIdentificativoUnivoco>IT00348170101</codiceIdentificativoUnivoco></identificativoUnivocoMittente><denominazioneMittente>UniCredit S.p.A.</denominazioneMittente></istitutoMittente><istitutoRicevente><identificativoUnivocoRicevente><tipoIdentificativoUnivoco>G</tipoIdentificativoUnivoco><codiceIdentificativoUnivoco>00569890379</codiceIdentificativoUnivoco></identificativoUnivocoRicevente><denominazioneRicevente>[99988          ] ERVET </denominazioneRicevente></istitutoRicevente><numeroTotalePagamenti>195</numeroTotalePagamenti><importoTotalePagamenti>12329.7</importoTotalePagamenti><datiSingoliPagamenti><identificativoUnivocoVersamento>RF371831</identificativoUnivocoVersamento><identificativoUnivocoRiscossione>00102324071113787144</identificativoUnivocoRiscossione><singoloImportoPagato>45</singoloImportoPagato><codiceEsitoSingoloPagamento>0</codiceEsitoSingoloPagamento><dataEsitoSingoloPagamento>2016-04-11</dataEsitoSingoloPagamento></datiSingoliPagamenti><datiSingoliPagamenti><identificativoUnivocoVersamento>RF131875</identificativoUnivocoVersamento><identificativoUnivocoRiscossione>00102741860113789994</identificativoUnivocoRiscossione><singoloImportoPagato>200</singoloImportoPagato><codiceEsitoSingoloPagamento>0</codiceEsitoSingoloPagamento><dataEsitoSingoloPagamento>2016-04-11</dataEsitoSingoloPagamento></datiSingoliPagamenti><datiSingoliPagamenti><identificativoUnivocoVersamento>RF701916</identificativoUnivocoVersamento><identificativoUnivocoRiscossione>00103291328113794514</identificativoUnivocoRiscossione><singoloImportoPagato>15</singoloImportoPagato><codiceEsitoSingoloPagamento>0</codiceEsitoSingoloPagamento><dataEsitoSingoloPagamento>2016-04-12</dataEsitoSingoloPagamento></datiSingoliPagamenti><datiSingoliPagamenti><identificativoUnivocoVersamento>RF102026</identificativoUnivocoVersamento><identificativoUnivocoRiscossione>00103238680113801290</identificativoUnivocoRiscossione><singoloImportoPagato>90</singoloImportoPagato><codiceEsitoSingoloPagamento>0</codiceEsitoSingoloPagamento><dataEsitoSingoloPagamento>2016-04-12</dataEsitoSingoloPagamento></datiSingoliPagamenti><datiSingoliPagamenti><identificativoUnivocoVersamento>RF742038</identificativoUnivocoVersamento><identificativoUnivocoRiscossione>00103924203113801550</identificativoUnivocoRiscossione><singoloImportoPagato>15</singoloImportoPagato><codiceEsitoSingoloPagamento>0</codiceEsitoSingoloPagamento><dataEsitoSingoloPagamento>2016-04-12</dataEsitoSingoloPagamento></datiSingoliPagamenti><datiSingoliPagamenti><identificativoUnivocoVersamento>RF582035</identificativoUnivocoVersamento><identificativoUnivocoRiscossione>00103967014113801456</identificativoUnivocoRiscossione><singoloImportoPagato>15</singoloImportoPagato><codiceEsitoSingoloPagamento>0</codiceEsitoSingoloPagamento><dataEsitoSingoloPagamento>2016-04-12</dataEsitoSingoloPagamento></datiSingoliPagamenti><datiSingoliPagamenti><identificativoUnivocoVersamento>RF942066</identificativoUnivocoVersamento><identificativoUnivocoRiscossione>00103587654113802493</identificativoUnivocoRiscossione><singoloImportoPagato>100</singoloImportoPagato><codiceEsitoSingoloPagamento>0</codiceEsitoSingoloPagamento><dataEsitoSingoloPagamento>2016-04-12</dataEsitoSingoloPagamento></datiSingoliPagamenti><datiSingoliPagamenti><identificativoUnivocoVersamento>RF142148</identificativoUnivocoVersamento><identificativoUnivocoRiscossione>00103147011113806434</identificativoUnivocoRiscossione><singoloImportoPagato>15</singoloImportoPagato><codiceEsitoSingoloPagamento>0</codiceEsitoSingoloPagamento><dataEsitoSingoloPagamento>2016-04-12</dataEsitoSingoloPagamento></datiSingoliPagamenti><datiSingoliPagamenti><identificativoUnivocoVersamento>RF332291</identificativoUnivocoVersamento><identificativoUnivocoRiscossione>00103625935113814307</identificativoUnivocoRiscossione><singoloImportoPagato>30</singoloImportoPagato><codiceEsitoSingoloPagamento>0</codiceEsitoSingoloPagamento><dataEsitoSingoloPagamento>2016-04-12</dataEsitoSingoloPagamento></datiSingoliPagamenti><datiSingoliPagamenti><identificativoUnivocoVersamento>RF052310</identificativoUnivocoVersamento><identificativoUnivocoRiscossione>00103787904113815330</identificativoUnivocoRiscossione><singoloImportoPagato>150</singoloImportoPagato><codiceEsitoSingoloPagamento>0</codiceEsitoSingoloPagamento><dataEsitoSingoloPagamento>2016-04-12</dataEsitoSingoloPagamento></datiSingoliPagamenti><datiSingoliPagamenti><identificativoUnivocoVersamento>RF832361</identificativoUnivocoVersamento><identificativoUnivocoRiscossione>00103508877113818647</identificativoUnivocoRiscossione><singoloImportoPagato>75</singoloImportoPagato><codiceEsitoSingoloPagamento>0</codiceEsitoSingoloPagamento><dataEsitoSingoloPagamento>2016-04-12</dataEsitoSingoloPagamento></datiSingoliPagamenti><datiSingoliPagamenti><identificativoUnivocoVersamento>RF882368</identificativoUnivocoVersamento><identificativoUnivocoRiscossione>00103702649113819166</identificativoUnivocoRiscossione><singoloImportoPagato>17</singoloImportoPagato><codiceEsitoSingoloPagamento>0</codiceEsitoSingoloPagamento><dataEsitoSingoloPagamento>2016-04-12</dataEsitoSingoloPagamento></datiSingoliPagamenti><datiSingoliPagamenti><identificativoUnivocoVersamento>RF502373</identificativoUnivocoVersamento><identificativoUnivocoRiscossione>00103571282113820095</identificativoUnivocoRiscossione><singoloImportoPagato>60</singoloImportoPagato><codiceEsitoSingoloPagamento>0</codiceEsitoSingoloPagamento><dataEsitoSingoloPagamento>2016-04-12</dataEsitoSingoloPagamento></datiSingoliPagamenti><datiSingoliPagamenti><identificativoUnivocoVersamento>RF391892</identificativoUnivocoVersamento><identificativoUnivocoRiscossione>00102341573113791372</identificativoUnivocoRiscossione><singoloImportoPagato>15</singoloImportoPagato><codiceEsitoSingoloPagamento>0</codiceEsitoSingoloPagamento><dataEsitoSingoloPagamento>2016-04-11</dataEsitoSingoloPagamento></datiSingoliPagamenti><datiSingoliPagamenti><identificativoUnivocoVersamento>RF551992</identificativoUnivocoVersamento><identificativoUnivocoRiscossione>00103992745113800131</identificativoUnivocoRiscossione><singoloImportoPagato>15</singoloImportoPagato><codiceEsitoSingoloPagamento>0</codiceEsitoSingoloPagamento><dataEsitoSingoloPagamento>2016-04-12</dataEsitoSingoloPagamento></datiSingoliPagamenti><datiSingoliPagamenti><identificativoUnivocoVersamento>RF292169</identificativoUnivocoVersamento><identificativoUnivocoRiscossione>00103682788113807414</identificativoUnivocoRiscossione><singoloImportoPagato>60</singoloImportoPagato><codiceEsitoSingoloPagamento>0</codiceEsitoSingoloPagamento><dataEsitoSingoloPagamento>2016-04-12</dataEsitoSingoloPagamento></datiSingoliPagamenti><datiSingoliPagamenti><identificativoUnivocoVersamento>RF731959</identificativoUnivocoVersamento><identificativoUnivocoRiscossione>00103185456113798752</identificativoUnivocoRiscossione><singoloImportoPagato>200</singoloImportoPagato><codiceEsitoSingoloPagamento>0</codiceEsitoSingoloPagamento><dataEsitoSingoloPagamento>2016-04-12</dataEsitoSingoloPagamento></datiSingoliPagamenti><datiSingoliPagamenti><identificativoUnivocoVersamento>RF912120</identificativoUnivocoVersamento><identificativoUnivocoRiscossione>00103341454113805500</identificativoUnivocoRiscossione><singoloImportoPagato>30</singoloImportoPagato><codiceEsitoSingoloPagamento>0</codiceEsitoSingoloPagamento><dataEsitoSingoloPagamento>2016-04-12</dataEsitoSingoloPagamento></datiSingoliPagamenti><datiSingoliPagamenti><identificativoUnivocoVersamento>RF682243</identificativoUnivocoVersamento><identificativoUnivocoRiscossione>00103818716113811882</identificativoUnivocoRiscossione><singoloImportoPagato>30</singoloImportoPagato><codiceEsitoSingoloPagamento>0</codiceEsitoSingoloPagamento><dataEsitoSingoloPagamento>2016-04-12</dataEsitoSingoloPagamento></datiSingoliPagamenti><datiSingoliPagamenti><identificativoUnivocoVersamento>RF442287</identificativoUnivocoVersamento><identificativoUnivocoRiscossione>00103363832113813910</identificativoUnivocoRiscossione><singoloImportoPagato>45</singoloImportoPagato><codiceEsitoSingoloPagamento>0</codiceEsitoSingoloPagamento><dataEsitoSingoloPagamento>2016-04-12</dataEsitoSingoloPagamento></datiSingoliPagamenti><datiSingoliPagamenti><identificativoUnivocoVersamento>RF912023</identificativoUnivocoVersamento><identificativoUnivocoRiscossione>00103850538113801144</identificativoUnivocoRiscossione><singoloImportoPagato>50</singoloImportoPagato><codiceEsitoSingoloPagamento>0</codiceEsitoSingoloPagamento><dataEsitoSingoloPagamento>2016-04-12</dataEsitoSingoloPagamento></datiSingoliPagamenti><datiSingoliPagamenti><identificativoUnivocoVersamento>RF272108</identificativoUnivocoVersamento><identificativoUnivocoRiscossione>00103283764113804397</identificativoUnivocoRiscossione><singoloImportoPagato>29</singoloImportoPagato><codiceEsitoSingoloPagamento>0</codiceEsitoSingoloPagamento><dataEsitoSingoloPagamento>2016-04-12</dataEsitoSingoloPagamento></datiSingoliPagamenti><datiSingoliPagamenti><identificativoUnivocoVersamento>RF612272</identificativoUnivocoVersamento><identificativoUnivocoRiscossione>00103905517113813145</identificativoUnivocoRiscossione><singoloImportoPagato>105</singoloImportoPagato><codiceEsitoSingoloPagamento>0</codiceEsitoSingoloPagamento><dataEsitoSingoloPagamento>2016-04-12</dataEsitoSingoloPagamento></datiSingoliPagamenti><datiSingoliPagamenti><identificativoUnivocoVersamento>RF151645</identificativoUnivocoVersamento><identificativoUnivocoRiscossione>00102702610113779450</identificativoUnivocoRiscossione><singoloImportoPagato>150</singoloImportoPagato><codiceEsitoSingoloPagamento>0</codiceEsitoSingoloPagamento><dataEsitoSingoloPagamento>2016-04-11</dataEsitoSingoloPagamento></datiSingoliPagamenti><datiSingoliPagamenti><identificativoUnivocoVersamento>RF181688</identificativoUnivocoVersamento><identificativoUnivocoRiscossione>00102996756113780441</identificativoUnivocoRiscossione><singoloImportoPagato>60</singoloImportoPagato><codiceEsitoSingoloPagamento>0</codiceEsitoSingoloPagamento><dataEsitoSingoloPagamento>2016-04-11</dataEsitoSingoloPagamento></datiSingoliPagamenti><datiSingoliPagamenti><identificativoUnivocoVersamento>RF551701</identificativoUnivocoVersamento><identificativoUnivocoRiscossione>00102172427113780817</identificativoUnivocoRiscossione><singoloImportoPagato>15</singoloImportoPagato><codiceEsitoSingoloPagamento>0</codiceEsitoSingoloPagamento><dataEsitoSingoloPagamento>2016-04-11</dataEsitoSingoloPagamento></datiSingoliPagamenti><datiSingoliPagamenti><identificativoUnivocoVersamento>RF381716</identificativoUnivocoVersamento><identificativoUnivocoRiscossione>00102856365113781171</identificativoUnivocoRiscossione><singoloImportoPagato>60</singoloImportoPagato><codiceEsitoSingoloPagamento>0</codiceEsitoSingoloPagamento><dataEsitoSingoloPagamento>2016-04-11</dataEsitoSingoloPagamento></datiSingoliPagamenti><datiSingoliPagamenti><identificativoUnivocoVersamento>RF851743</identificativoUnivocoVersamento><identificativoUnivocoRiscossione>00102786063113782043</identificativoUnivocoRiscossione><singoloImportoPagato>45</singoloImportoPagato><codiceEsitoSingoloPagamento>0</codiceEsitoSingoloPagamento><dataEsitoSingoloPagamento>2016-04-11</dataEsitoSingoloPagamento></datiSingoliPagamenti><datiSingoliPagamenti><identificativoUnivocoVersamento>RF951854</identificativoUnivocoVersamento><identificativoUnivocoRiscossione>00102486266113788281</identificativoUnivocoRiscossione><singoloImportoPagato>120</singoloImportoPagato><codiceEsitoSingoloPagamento>0</codiceEsitoSingoloPagamento><dataEsitoSingoloPagamento>2016-04-11</dataEsitoSingoloPagamento></datiSingoliPagamenti><datiSingoliPagamenti><identificativoUnivocoVersamento>RF221907</identificativoUnivocoVersamento><identificativoUnivocoRiscossione>00102250233113793983</identificativoUnivocoRiscossione><singoloImportoPagato>15</singoloImportoPagato><codiceEsitoSingoloPagamento>0</codiceEsitoSingoloPagamento><dataEsitoSingoloPagamento>2016-04-11</dataEsitoSingoloPagamento></datiSingoliPagamenti><datiSingoliPagamenti><identificativoUnivocoVersamento>RF591920</identificativoUnivocoVersamento><identificativoUnivocoRiscossione>00103232964113796892</identificativoUnivocoRiscossione><singoloImportoPagato>15</singoloImportoPagato><codiceEsitoSingoloPagamento>0</codiceEsitoSingoloPagamento><dataEsitoSingoloPagamento>2016-04-12</dataEsitoSingoloPagamento></datiSingoliPagamenti><datiSingoliPagamenti><identificativoUnivocoVersamento>RF832167</identificativoUnivocoVersamento><identificativoUnivocoRiscossione>00103452247113807224</identificativoUnivocoRiscossione><singoloImportoPagato>15</singoloImportoPagato><codiceEsitoSingoloPagamento>0</codiceEsitoSingoloPagamento><dataEsitoSingoloPagamento>2016-04-12</dataEsitoSingoloPagamento></datiSingoliPagamenti><datiSingoliPagamenti><identificativoUnivocoVersamento>RF211731</identificativoUnivocoVersamento><identificativoUnivocoRiscossione>00102843356113781672</identificativoUnivocoRiscossione><singoloImportoPagato>50</singoloImportoPagato><codiceEsitoSingoloPagamento>0</codiceEsitoSingoloPagamento><dataEsitoSingoloPagamento>2016-04-11</dataEsitoSingoloPagamento></datiSingoliPagamenti><datiSingoliPagamenti><identificativoUnivocoVersamento>RF751632</identificativoUnivocoVersamento><identificativoUnivocoRiscossione>00102709301113779140</identificativoUnivocoRiscossione><singoloImportoPagato>15</singoloImportoPagato><codiceEsitoSingoloPagamento>0</codiceEsitoSingoloPagamento><dataEsitoSingoloPagamento>2016-04-11</dataEsitoSingoloPagamento></datiSingoliPagamenti><datiSingoliPagamenti><identificativoUnivocoVersamento>RF911635</identificativoUnivocoVersamento><identificativoUnivocoRiscossione>00102709248113779254</identificativoUnivocoRiscossione><singoloImportoPagato>30</singoloImportoPagato><codiceEsitoSingoloPagamento>0</codiceEsitoSingoloPagamento><dataEsitoSingoloPagamento>2016-04-11</dataEsitoSingoloPagamento></datiSingoliPagamenti><datiSingoliPagamenti><identificativoUnivocoVersamento>RF701722</identificativoUnivocoVersamento><identificativoUnivocoRiscossione>00102726780113781334</identificativoUnivocoRiscossione><singoloImportoPagato>15</singoloImportoPagato><codiceEsitoSingoloPagamento>0</codiceEsitoSingoloPagamento><dataEsitoSingoloPagamento>2016-04-11</dataEsitoSingoloPagamento></datiSingoliPagamenti><datiSingoliPagamenti><identificativoUnivocoVersamento>RF282381</identificativoUnivocoVersamento><identificativoUnivocoRiscossione>00103359827113822270</identificativoUnivocoRiscossione><singoloImportoPagato>150</singoloImportoPagato><codiceEsitoSingoloPagamento>0</codiceEsitoSingoloPagamento><dataEsitoSingoloPagamento>2016-04-12</dataEsitoSingoloPagamento></datiSingoliPagamenti><datiSingoliPagamenti><identificativoUnivocoVersamento>RF821603</identificativoUnivocoVersamento><identificativoUnivocoRiscossione>00102804888113778136</identificativoUnivocoRiscossione><singoloImportoPagato>30</singoloImportoPagato><codiceEsitoSingoloPagamento>0</codiceEsitoSingoloPagamento><dataEsitoSingoloPagamento>2016-04-11</dataEsitoSingoloPagamento></datiSingoliPagamenti><datiSingoliPagamenti><identificativoUnivocoVersamento>RF981606</identificativoUnivocoVersamento><identificativoUnivocoRiscossione>00102890718113778313</identificativoUnivocoRiscossione><singoloImportoPagato>15</singoloImportoPagato><codiceEsitoSingoloPagamento>0</codiceEsitoSingoloPagamento><dataEsitoSingoloPagamento>2016-04-11</dataEsitoSingoloPagamento></datiSingoliPagamenti><datiSingoliPagamenti><identificativoUnivocoVersamento>RF391601</identificativoUnivocoVersamento><identificativoUnivocoRiscossione>00102728115113778086</identificativoUnivocoRiscossione><singoloImportoPagato>30</singoloImportoPagato><codiceEsitoSingoloPagamento>0</codiceEsitoSingoloPagamento><dataEsitoSingoloPagamento>2016-04-11</dataEsitoSingoloPagamento></datiSingoliPagamenti><datiSingoliPagamenti><identificativoUnivocoVersamento>RF461766</identificativoUnivocoVersamento><identificativoUnivocoRiscossione>00102564797113782933</identificativoUnivocoRiscossione><singoloImportoPagato>15</singoloImportoPagato><codiceEsitoSingoloPagamento>0</codiceEsitoSingoloPagamento><dataEsitoSingoloPagamento>2016-04-11</dataEsitoSingoloPagamento></datiSingoliPagamenti><datiSingoliPagamenti><identificativoUnivocoVersamento>RF322018</identificativoUnivocoVersamento><identificativoUnivocoRiscossione>00103857475113800896</identificativoUnivocoRiscossione><singoloImportoPagato>30</singoloImportoPagato><codiceEsitoSingoloPagamento>0</codiceEsitoSingoloPagamento><dataEsitoSingoloPagamento>2016-04-12</dataEsitoSingoloPagamento></datiSingoliPagamenti><datiSingoliPagamenti><identificativoUnivocoVersamento>RF902041</identificativoUnivocoVersamento><identificativoUnivocoRiscossione>00103598930113801714</identificativoUnivocoRiscossione><singoloImportoPagato>15</singoloImportoPagato><codiceEsitoSingoloPagamento>0</codiceEsitoSingoloPagamento><dataEsitoSingoloPagamento>2016-04-12</dataEsitoSingoloPagamento></datiSingoliPagamenti><datiSingoliPagamenti><identificativoUnivocoVersamento>RF782063</identificativoUnivocoVersamento><identificativoUnivocoRiscossione>00103127741113802452</identificativoUnivocoRiscossione><singoloImportoPagato>75</singoloImportoPagato><codiceEsitoSingoloPagamento>0</codiceEsitoSingoloPagamento><dataEsitoSingoloPagamento>2016-04-12</dataEsitoSingoloPagamento></datiSingoliPagamenti><datiSingoliPagamenti><identificativoUnivocoVersamento>RF252144</identificativoUnivocoVersamento><identificativoUnivocoRiscossione>00103756433113806375</identificativoUnivocoRiscossione><singoloImportoPagato>45</singoloImportoPagato><codiceEsitoSingoloPagamento>0</codiceEsitoSingoloPagamento><dataEsitoSingoloPagamento>2016-04-12</dataEsitoSingoloPagamento></datiSingoliPagamenti><datiSingoliPagamenti><identificativoUnivocoVersamento>RF692031</identificativoUnivocoVersamento><identificativoUnivocoRiscossione>00103368134113801443</identificativoUnivocoRiscossione><singoloImportoPagato>15</singoloImportoPagato><codiceEsitoSingoloPagamento>0</codiceEsitoSingoloPagamento><dataEsitoSingoloPagamento>2016-04-12</dataEsitoSingoloPagamento></datiSingoliPagamenti><datiSingoliPagamenti><identificativoUnivocoVersamento>RF982091</identificativoUnivocoVersamento><identificativoUnivocoRiscossione>00103678950113803595</identificativoUnivocoRiscossione><singoloImportoPagato>15</singoloImportoPagato><codiceEsitoSingoloPagamento>0</codiceEsitoSingoloPagamento><dataEsitoSingoloPagamento>2016-04-12</dataEsitoSingoloPagamento></datiSingoliPagamenti><datiSingoliPagamenti><identificativoUnivocoVersamento>RF842343</identificativoUnivocoVersamento><identificativoUnivocoRiscossione>00103254893113816876</identificativoUnivocoRiscossione><singoloImportoPagato>200</singoloImportoPagato><codiceEsitoSingoloPagamento>0</codiceEsitoSingoloPagamento><dataEsitoSingoloPagamento>2016-04-12</dataEsitoSingoloPagamento></datiSingoliPagamenti><datiSingoliPagamenti><identificativoUnivocoVersamento>RF781578</identificativoUnivocoVersamento><identificativoUnivocoRiscossione>00102575448113777626</identificativoUnivocoRiscossione><singoloImportoPagato>150</singoloImportoPagato><codiceEsitoSingoloPagamento>0</codiceEsitoSingoloPagamento><dataEsitoSingoloPagamento>2016-04-11</dataEsitoSingoloPagamento></datiSingoliPagamenti><datiSingoliPagamenti><identificativoUnivocoVersamento>RF192252</identificativoUnivocoVersamento><identificativoUnivocoRiscossione>00103243932113812421</identificativoUnivocoRiscossione><singoloImportoPagato>15</singoloImportoPagato><codiceEsitoSingoloPagamento>0</codiceEsitoSingoloPagamento><dataEsitoSingoloPagamento>2016-04-12</dataEsitoSingoloPagamento></datiSingoliPagamenti><datiSingoliPagamenti><identificativoUnivocoVersamento>RF402262</identificativoUnivocoVersamento><identificativoUnivocoRiscossione>00103651115113812764</identificativoUnivocoRiscossione><singoloImportoPagato>100</singoloImportoPagato><codiceEsitoSingoloPagamento>0</codiceEsitoSingoloPagamento><dataEsitoSingoloPagamento>2016-04-12</dataEsitoSingoloPagamento></datiSingoliPagamenti><datiSingoliPagamenti><identificativoUnivocoVersamento>RF202331</identificativoUnivocoVersamento><identificativoUnivocoRiscossione>00103732756113816075</identificativoUnivocoRiscossione><singoloImportoPagato>60</singoloImportoPagato><codiceEsitoSingoloPagamento>0</codiceEsitoSingoloPagamento><dataEsitoSingoloPagamento>2016-04-12</dataEsitoSingoloPagamento></datiSingoliPagamenti><datiSingoliPagamenti><identificativoUnivocoVersamento>RF712286</identificativoUnivocoVersamento><identificativoUnivocoRiscossione>00103380086113813907</identificativoUnivocoRiscossione><singoloImportoPagato>15</singoloImportoPagato><codiceEsitoSingoloPagamento>0</codiceEsitoSingoloPagamento><dataEsitoSingoloPagamento>2016-04-12</dataEsitoSingoloPagamento></datiSingoliPagamenti><datiSingoliPagamenti><identificativoUnivocoVersamento>RF652297</identificativoUnivocoVersamento><identificativoUnivocoRiscossione>00103913663113814576</identificativoUnivocoRiscossione><singoloImportoPagato>30</singoloImportoPagato><codiceEsitoSingoloPagamento>0</codiceEsitoSingoloPagamento><dataEsitoSingoloPagamento>2016-04-12</dataEsitoSingoloPagamento></datiSingoliPagamenti><datiSingoliPagamenti><identificativoUnivocoVersamento>RF712383</identificativoUnivocoVersamento><identificativoUnivocoRiscossione>00103197447113822740</identificativoUnivocoRiscossione><singoloImportoPagato>60</singoloImportoPagato><codiceEsitoSingoloPagamento>0</codiceEsitoSingoloPagamento><dataEsitoSingoloPagamento>2016-04-12</dataEsitoSingoloPagamento></datiSingoliPagamenti><datiSingoliPagamenti><identificativoUnivocoVersamento>RF272399</identificativoUnivocoVersamento><identificativoUnivocoRiscossione>00103546878113825705</identificativoUnivocoRiscossione><singoloImportoPagato>45</singoloImportoPagato><codiceEsitoSingoloPagamento>0</codiceEsitoSingoloPagamento><dataEsitoSingoloPagamento>2016-04-12</dataEsitoSingoloPagamento></datiSingoliPagamenti><datiSingoliPagamenti><identificativoUnivocoVersamento>RF641927</identificativoUnivocoVersamento><identificativoUnivocoRiscossione>00103692861113797462</identificativoUnivocoRiscossione><singoloImportoPagato>60</singoloImportoPagato><codiceEsitoSingoloPagamento>0</codiceEsitoSingoloPagamento><dataEsitoSingoloPagamento>2016-04-12</dataEsitoSingoloPagamento></datiSingoliPagamenti><datiSingoliPagamenti><identificativoUnivocoVersamento>RF452075</identificativoUnivocoVersamento><identificativoUnivocoRiscossione>00103656013113802877</identificativoUnivocoRiscossione><singoloImportoPagato>15</singoloImportoPagato><codiceEsitoSingoloPagamento>0</codiceEsitoSingoloPagamento><dataEsitoSingoloPagamento>2016-04-12</dataEsitoSingoloPagamento></datiSingoliPagamenti><datiSingoliPagamenti><identificativoUnivocoVersamento>RF372219</identificativoUnivocoVersamento><identificativoUnivocoRiscossione>00103274806113810762</identificativoUnivocoRiscossione><singoloImportoPagato>45</singoloImportoPagato><codiceEsitoSingoloPagamento>0</codiceEsitoSingoloPagamento><dataEsitoSingoloPagamento>2016-04-12</dataEsitoSingoloPagamento></datiSingoliPagamenti><datiSingoliPagamenti><identificativoUnivocoVersamento>RF482312</identificativoUnivocoVersamento><identificativoUnivocoRiscossione>00103368331113815494</identificativoUnivocoRiscossione><singoloImportoPagato>285</singoloImportoPagato><codiceEsitoSingoloPagamento>0</codiceEsitoSingoloPagamento><dataEsitoSingoloPagamento>2016-04-12</dataEsitoSingoloPagamento></datiSingoliPagamenti><datiSingoliPagamenti><identificativoUnivocoVersamento>RF622351</identificativoUnivocoVersamento><identificativoUnivocoRiscossione>00103399630113817425</identificativoUnivocoRiscossione><singoloImportoPagato>15</singoloImportoPagato><codiceEsitoSingoloPagamento>0</codiceEsitoSingoloPagamento><dataEsitoSingoloPagamento>2016-04-12</dataEsitoSingoloPagamento></datiSingoliPagamenti><datiSingoliPagamenti><identificativoUnivocoVersamento>RF392183</identificativoUnivocoVersamento><identificativoUnivocoRiscossione>00103328936113808484</identificativoUnivocoRiscossione><singoloImportoPagato>75</singoloImportoPagato><codiceEsitoSingoloPagamento>0</codiceEsitoSingoloPagamento><dataEsitoSingoloPagamento>2016-04-12</dataEsitoSingoloPagamento></datiSingoliPagamenti><datiSingoliPagamenti><identificativoUnivocoVersamento>RF082256</identificativoUnivocoVersamento><identificativoUnivocoRiscossione>00103851180113812465</identificativoUnivocoRiscossione><singoloImportoPagato>30</singoloImportoPagato><codiceEsitoSingoloPagamento>0</codiceEsitoSingoloPagamento><dataEsitoSingoloPagamento>2016-04-12</dataEsitoSingoloPagamento></datiSingoliPagamenti><datiSingoliPagamenti><identificativoUnivocoVersamento>RF851937</identificativoUnivocoVersamento><identificativoUnivocoRiscossione>00103519845113798045</identificativoUnivocoRiscossione><singoloImportoPagato>30</singoloImportoPagato><codiceEsitoSingoloPagamento>0</codiceEsitoSingoloPagamento><dataEsitoSingoloPagamento>2016-04-12</dataEsitoSingoloPagamento></datiSingoliPagamenti><datiSingoliPagamenti><identificativoUnivocoVersamento>RF771984</identificativoUnivocoVersamento><identificativoUnivocoRiscossione>00103756798113799703</identificativoUnivocoRiscossione><singoloImportoPagato>150</singoloImportoPagato><codiceEsitoSingoloPagamento>0</codiceEsitoSingoloPagamento><dataEsitoSingoloPagamento>2016-04-12</dataEsitoSingoloPagamento></datiSingoliPagamenti><datiSingoliPagamenti><identificativoUnivocoVersamento>RF632042</identificativoUnivocoVersamento><identificativoUnivocoRiscossione>00103245213113801692</identificativoUnivocoRiscossione><singoloImportoPagato>15</singoloImportoPagato><codiceEsitoSingoloPagamento>0</codiceEsitoSingoloPagamento><dataEsitoSingoloPagamento>2016-04-12</dataEsitoSingoloPagamento></datiSingoliPagamenti><datiSingoliPagamenti><identificativoUnivocoVersamento>RF652200</identificativoUnivocoVersamento><identificativoUnivocoRiscossione>00103769758113809804</identificativoUnivocoRiscossione><singoloImportoPagato>15</singoloImportoPagato><codiceEsitoSingoloPagamento>0</codiceEsitoSingoloPagamento><dataEsitoSingoloPagamento>2016-04-12</dataEsitoSingoloPagamento></datiSingoliPagamenti><datiSingoliPagamenti><identificativoUnivocoVersamento>RF831585</identificativoUnivocoVersamento><identificativoUnivocoRiscossione>00102613819113777744</identificativoUnivocoRiscossione><singoloImportoPagato>15</singoloImportoPagato><codiceEsitoSingoloPagamento>0</codiceEsitoSingoloPagamento><dataEsitoSingoloPagamento>2016-04-11</dataEsitoSingoloPagamento></datiSingoliPagamenti><datiSingoliPagamenti><identificativoUnivocoVersamento>RF711607</identificativoUnivocoVersamento><identificativoUnivocoRiscossione>00102237829113778582</identificativoUnivocoRiscossione><singoloImportoPagato>15</singoloImportoPagato><codiceEsitoSingoloPagamento>0</codiceEsitoSingoloPagamento><dataEsitoSingoloPagamento>2016-04-11</dataEsitoSingoloPagamento></datiSingoliPagamenti><datiSingoliPagamenti><identificativoUnivocoVersamento>RF601611</identificativoUnivocoVersamento><identificativoUnivocoRiscossione>00102104688113778506</identificativoUnivocoRiscossione><singoloImportoPagato>15</singoloImportoPagato><codiceEsitoSingoloPagamento>0</codiceEsitoSingoloPagamento><dataEsitoSingoloPagamento>2016-04-11</dataEsitoSingoloPagamento></datiSingoliPagamenti><datiSingoliPagamenti><identificativoUnivocoVersamento>RF761614</identificativoUnivocoVersamento><identificativoUnivocoRiscossione>00102570138113778604</identificativoUnivocoRiscossione><singoloImportoPagato>30</singoloImportoPagato><codiceEsitoSingoloPagamento>0</codiceEsitoSingoloPagamento><dataEsitoSingoloPagamento>2016-04-11</dataEsitoSingoloPagamento></datiSingoliPagamenti><datiSingoliPagamenti><identificativoUnivocoVersamento>RF651618</identificativoUnivocoVersamento><identificativoUnivocoRiscossione>00102199807113778710</identificativoUnivocoRiscossione><singoloImportoPagato>45</singoloImportoPagato><codiceEsitoSingoloPagamento>0</codiceEsitoSingoloPagamento><dataEsitoSingoloPagamento>2016-04-11</dataEsitoSingoloPagamento></datiSingoliPagamenti><datiSingoliPagamenti><identificativoUnivocoVersamento>RF271720</identificativoUnivocoVersamento><identificativoUnivocoRiscossione>00102176093113781251</identificativoUnivocoRiscossione><singoloImportoPagato>100</singoloImportoPagato><codiceEsitoSingoloPagamento>0</codiceEsitoSingoloPagamento><dataEsitoSingoloPagamento>2016-04-11</dataEsitoSingoloPagamento></datiSingoliPagamenti><datiSingoliPagamenti><identificativoUnivocoVersamento>RF041746</identificativoUnivocoVersamento><identificativoUnivocoRiscossione>00102876667113782315</identificativoUnivocoRiscossione><singoloImportoPagato>30</singoloImportoPagato><codiceEsitoSingoloPagamento>0</codiceEsitoSingoloPagamento><dataEsitoSingoloPagamento>2016-04-11</dataEsitoSingoloPagamento></datiSingoliPagamenti><datiSingoliPagamenti><identificativoUnivocoVersamento>RF031764</identificativoUnivocoVersamento><identificativoUnivocoRiscossione>00102444571113782857</identificativoUnivocoRiscossione><singoloImportoPagato>15</singoloImportoPagato><codiceEsitoSingoloPagamento>0</codiceEsitoSingoloPagamento><dataEsitoSingoloPagamento>2016-04-11</dataEsitoSingoloPagamento></datiSingoliPagamenti><datiSingoliPagamenti><identificativoUnivocoVersamento>RF401777</identificativoUnivocoVersamento><identificativoUnivocoRiscossione>00102253027113783672</identificativoUnivocoRiscossione><singoloImportoPagato>15</singoloImportoPagato><codiceEsitoSingoloPagamento>0</codiceEsitoSingoloPagamento><dataEsitoSingoloPagamento>2016-04-11</dataEsitoSingoloPagamento></datiSingoliPagamenti><datiSingoliPagamenti><identificativoUnivocoVersamento>RF501694</identificativoUnivocoVersamento><identificativoUnivocoRiscossione>00102282969113780511</identificativoUnivocoRiscossione><singoloImportoPagato>90</singoloImportoPagato><codiceEsitoSingoloPagamento>0</codiceEsitoSingoloPagamento><dataEsitoSingoloPagamento>2016-04-11</dataEsitoSingoloPagamento></datiSingoliPagamenti><datiSingoliPagamenti><identificativoUnivocoVersamento>RF191767</identificativoUnivocoVersamento><identificativoUnivocoRiscossione>00102228585113783000</identificativoUnivocoRiscossione><singoloImportoPagato>60</singoloImportoPagato><codiceEsitoSingoloPagamento>0</codiceEsitoSingoloPagamento><dataEsitoSingoloPagamento>2016-04-11</dataEsitoSingoloPagamento></datiSingoliPagamenti><datiSingoliPagamenti><identificativoUnivocoVersamento>RF881786</identificativoUnivocoVersamento><identificativoUnivocoRiscossione>00102656839113783966</identificativoUnivocoRiscossione><singoloImportoPagato>45</singoloImportoPagato><codiceEsitoSingoloPagamento>0</codiceEsitoSingoloPagamento><dataEsitoSingoloPagamento>2016-04-11</dataEsitoSingoloPagamento></datiSingoliPagamenti><datiSingoliPagamenti><identificativoUnivocoVersamento>RF611787</identificativoUnivocoVersamento><identificativoUnivocoRiscossione>00102705871113784007</identificativoUnivocoRiscossione><singoloImportoPagato>60</singoloImportoPagato><codiceEsitoSingoloPagamento>0</codiceEsitoSingoloPagamento><dataEsitoSingoloPagamento>2016-04-11</dataEsitoSingoloPagamento></datiSingoliPagamenti><datiSingoliPagamenti><identificativoUnivocoVersamento>RF341594</identificativoUnivocoVersamento><identificativoUnivocoRiscossione>00102464311113777956</identificativoUnivocoRiscossione><singoloImportoPagato>15</singoloImportoPagato><codiceEsitoSingoloPagamento>0</codiceEsitoSingoloPagamento><dataEsitoSingoloPagamento>2016-04-11</dataEsitoSingoloPagamento></datiSingoliPagamenti><datiSingoliPagamenti><identificativoUnivocoVersamento>RF391795</identificativoUnivocoVersamento><identificativoUnivocoRiscossione>00102354059113784524</identificativoUnivocoRiscossione><singoloImportoPagato>45</singoloImportoPagato><codiceEsitoSingoloPagamento>0</codiceEsitoSingoloPagamento><dataEsitoSingoloPagamento>2016-04-11</dataEsitoSingoloPagamento></datiSingoliPagamenti><datiSingoliPagamenti><identificativoUnivocoVersamento>RF041843</identificativoUnivocoVersamento><identificativoUnivocoRiscossione>00102896582113787750</identificativoUnivocoRiscossione><singoloImportoPagato>75</singoloImportoPagato><codiceEsitoSingoloPagamento>0</codiceEsitoSingoloPagamento><dataEsitoSingoloPagamento>2016-04-11</dataEsitoSingoloPagamento></datiSingoliPagamenti><datiSingoliPagamenti><identificativoUnivocoVersamento>RF022073</identificativoUnivocoVersamento><identificativoUnivocoRiscossione>00103947698113802831</identificativoUnivocoRiscossione><singoloImportoPagato>150</singoloImportoPagato><codiceEsitoSingoloPagamento>0</codiceEsitoSingoloPagamento><dataEsitoSingoloPagamento>2016-04-12</dataEsitoSingoloPagamento></datiSingoliPagamenti><datiSingoliPagamenti><identificativoUnivocoVersamento>RF722074</identificativoUnivocoVersamento><identificativoUnivocoRiscossione>00103117608113802824</identificativoUnivocoRiscossione><singoloImportoPagato>30</singoloImportoPagato><codiceEsitoSingoloPagamento>0</codiceEsitoSingoloPagamento><dataEsitoSingoloPagamento>2016-04-12</dataEsitoSingoloPagamento></datiSingoliPagamenti><datiSingoliPagamenti><identificativoUnivocoVersamento>RF561683</identificativoUnivocoVersamento><identificativoUnivocoRiscossione>00102849371113780270</identificativoUnivocoRiscossione><singoloImportoPagato>45</singoloImportoPagato><codiceEsitoSingoloPagamento>0</codiceEsitoSingoloPagamento><dataEsitoSingoloPagamento>2016-04-11</dataEsitoSingoloPagamento></datiSingoliPagamenti><datiSingoliPagamenti><identificativoUnivocoVersamento>RF251756</identificativoUnivocoVersamento><identificativoUnivocoRiscossione>00102471137113782585</identificativoUnivocoRiscossione><singoloImportoPagato>30</singoloImportoPagato><codiceEsitoSingoloPagamento>0</codiceEsitoSingoloPagamento><dataEsitoSingoloPagamento>2016-04-11</dataEsitoSingoloPagamento></datiSingoliPagamenti><datiSingoliPagamenti><identificativoUnivocoVersamento>RF912314</identificativoUnivocoVersamento><identificativoUnivocoRiscossione>00103608558113815540</identificativoUnivocoRiscossione><singoloImportoPagato>150</singoloImportoPagato><codiceEsitoSingoloPagamento>0</codiceEsitoSingoloPagamento><dataEsitoSingoloPagamento>2016-04-12</dataEsitoSingoloPagamento></datiSingoliPagamenti><datiSingoliPagamenti><identificativoUnivocoVersamento>RF032346</identificativoUnivocoVersamento><identificativoUnivocoRiscossione>00103569632113817077</identificativoUnivocoRiscossione><singoloImportoPagato>75</singoloImportoPagato><codiceEsitoSingoloPagamento>0</codiceEsitoSingoloPagamento><dataEsitoSingoloPagamento>2016-04-12</dataEsitoSingoloPagamento></datiSingoliPagamenti><datiSingoliPagamenti><identificativoUnivocoVersamento>RF232374</identificativoUnivocoVersamento><identificativoUnivocoRiscossione>00103444470113820327</identificativoUnivocoRiscossione><singoloImportoPagato>30</singoloImportoPagato><codiceEsitoSingoloPagamento>0</codiceEsitoSingoloPagamento><dataEsitoSingoloPagamento>2016-04-12</dataEsitoSingoloPagamento></datiSingoliPagamenti><datiSingoliPagamenti><identificativoUnivocoVersamento>RF152130</identificativoUnivocoVersamento><identificativoUnivocoRiscossione>00103168714113805881</identificativoUnivocoRiscossione><singoloImportoPagato>15</singoloImportoPagato><codiceEsitoSingoloPagamento>0</codiceEsitoSingoloPagamento><dataEsitoSingoloPagamento>2016-04-12</dataEsitoSingoloPagamento></datiSingoliPagamenti><datiSingoliPagamenti><identificativoUnivocoVersamento>RF852131</identificativoUnivocoVersamento><identificativoUnivocoRiscossione>00103248416113805911</identificativoUnivocoRiscossione><singoloImportoPagato>150</singoloImportoPagato><codiceEsitoSingoloPagamento>0</codiceEsitoSingoloPagamento><dataEsitoSingoloPagamento>2016-04-12</dataEsitoSingoloPagamento></datiSingoliPagamenti><datiSingoliPagamenti><identificativoUnivocoVersamento>RF152227</identificativoUnivocoVersamento><identificativoUnivocoRiscossione>00103269119113811245</identificativoUnivocoRiscossione><singoloImportoPagato>45</singoloImportoPagato><codiceEsitoSingoloPagamento>0</codiceEsitoSingoloPagamento><dataEsitoSingoloPagamento>2016-04-12</dataEsitoSingoloPagamento></datiSingoliPagamenti><datiSingoliPagamenti><identificativoUnivocoVersamento>RF421838</identificativoUnivocoVersamento><identificativoUnivocoRiscossione>00102353885113787460</identificativoUnivocoRiscossione><singoloImportoPagato>30</singoloImportoPagato><codiceEsitoSingoloPagamento>0</codiceEsitoSingoloPagamento><dataEsitoSingoloPagamento>2016-04-11</dataEsitoSingoloPagamento></datiSingoliPagamenti><datiSingoliPagamenti><identificativoUnivocoVersamento>RF021879</identificativoUnivocoVersamento><identificativoUnivocoRiscossione>00102627193113790602</identificativoUnivocoRiscossione><singoloImportoPagato>100</singoloImportoPagato><codiceEsitoSingoloPagamento>0</codiceEsitoSingoloPagamento><dataEsitoSingoloPagamento>2016-04-11</dataEsitoSingoloPagamento></datiSingoliPagamenti><datiSingoliPagamenti><identificativoUnivocoVersamento>RF821894</identificativoUnivocoVersamento><identificativoUnivocoRiscossione>00102470632113791504</identificativoUnivocoRiscossione><singoloImportoPagato>45</singoloImportoPagato><codiceEsitoSingoloPagamento>0</codiceEsitoSingoloPagamento><dataEsitoSingoloPagamento>2016-04-11</dataEsitoSingoloPagamento></datiSingoliPagamenti><datiSingoliPagamenti><identificativoUnivocoVersamento>RF441996</identificativoUnivocoVersamento><identificativoUnivocoRiscossione>00103752979113800202</identificativoUnivocoRiscossione><singoloImportoPagato>15</singoloImportoPagato><codiceEsitoSingoloPagamento>0</codiceEsitoSingoloPagamento><dataEsitoSingoloPagamento>2016-04-12</dataEsitoSingoloPagamento></datiSingoliPagamenti><datiSingoliPagamenti><identificativoUnivocoVersamento>RF402165</identificativoUnivocoVersamento><identificativoUnivocoRiscossione>00103714650113807090</identificativoUnivocoRiscossione><singoloImportoPagato>120</singoloImportoPagato><codiceEsitoSingoloPagamento>0</codiceEsitoSingoloPagamento><dataEsitoSingoloPagamento>2016-04-12</dataEsitoSingoloPagamento></datiSingoliPagamenti><datiSingoliPagamenti><identificativoUnivocoVersamento>RF722171</identificativoUnivocoVersamento><identificativoUnivocoRiscossione>00103986852113807457</identificativoUnivocoRiscossione><singoloImportoPagato>15</singoloImportoPagato><codiceEsitoSingoloPagamento>0</codiceEsitoSingoloPagamento><dataEsitoSingoloPagamento>2016-04-12</dataEsitoSingoloPagamento></datiSingoliPagamenti><datiSingoliPagamenti><identificativoUnivocoVersamento>RF822379</identificativoUnivocoVersamento><identificativoUnivocoRiscossione>00103677322113821494</identificativoUnivocoRiscossione><singoloImportoPagato>50</singoloImportoPagato><codiceEsitoSingoloPagamento>0</codiceEsitoSingoloPagamento><dataEsitoSingoloPagamento>2016-04-12</dataEsitoSingoloPagamento></datiSingoliPagamenti><datiSingoliPagamenti><identificativoUnivocoVersamento>RF621866</identificativoUnivocoVersamento><identificativoUnivocoRiscossione>00102662214113789164</identificativoUnivocoRiscossione><singoloImportoPagato>180</singoloImportoPagato><codiceEsitoSingoloPagamento>0</codiceEsitoSingoloPagamento><dataEsitoSingoloPagamento>2016-04-11</dataEsitoSingoloPagamento></datiSingoliPagamenti><datiSingoliPagamenti><identificativoUnivocoVersamento>RF241871</identificativoUnivocoVersamento><identificativoUnivocoRiscossione>00102245897113789681</identificativoUnivocoRiscossione><singoloImportoPagato>60</singoloImportoPagato><codiceEsitoSingoloPagamento>0</codiceEsitoSingoloPagamento><dataEsitoSingoloPagamento>2016-04-11</dataEsitoSingoloPagamento></datiSingoliPagamenti><datiSingoliPagamenti><identificativoUnivocoVersamento>RF551604</identificativoUnivocoVersamento><identificativoUnivocoRiscossione>00102826183113778204</identificativoUnivocoRiscossione><singoloImportoPagato>150</singoloImportoPagato><codiceEsitoSingoloPagamento>0</codiceEsitoSingoloPagamento><dataEsitoSingoloPagamento>2016-04-11</dataEsitoSingoloPagamento></datiSingoliPagamenti><datiSingoliPagamenti><identificativoUnivocoVersamento>RF211634</identificativoUnivocoVersamento><identificativoUnivocoRiscossione>00102235070113779235</identificativoUnivocoRiscossione><singoloImportoPagato>30</singoloImportoPagato><codiceEsitoSingoloPagamento>0</codiceEsitoSingoloPagamento><dataEsitoSingoloPagamento>2016-04-11</dataEsitoSingoloPagamento></datiSingoliPagamenti><datiSingoliPagamenti><identificativoUnivocoVersamento>RF931696</identificativoUnivocoVersamento><identificativoUnivocoRiscossione>00102181871113780575</identificativoUnivocoRiscossione><singoloImportoPagato>15</singoloImportoPagato><codiceEsitoSingoloPagamento>0</codiceEsitoSingoloPagamento><dataEsitoSingoloPagamento>2016-04-11</dataEsitoSingoloPagamento></datiSingoliPagamenti><datiSingoliPagamenti><identificativoUnivocoVersamento>RF441705</identificativoUnivocoVersamento><identificativoUnivocoRiscossione>00102948781113780927</identificativoUnivocoRiscossione><singoloImportoPagato>150</singoloImportoPagato><codiceEsitoSingoloPagamento>0</codiceEsitoSingoloPagamento><dataEsitoSingoloPagamento>2016-04-11</dataEsitoSingoloPagamento></datiSingoliPagamenti><datiSingoliPagamenti><identificativoUnivocoVersamento>RF561780</identificativoUnivocoVersamento><identificativoUnivocoRiscossione>00102980712113783683</identificativoUnivocoRiscossione><singoloImportoPagato>150</singoloImportoPagato><codiceEsitoSingoloPagamento>0</codiceEsitoSingoloPagamento><dataEsitoSingoloPagamento>2016-04-11</dataEsitoSingoloPagamento></datiSingoliPagamenti><datiSingoliPagamenti><identificativoUnivocoVersamento>RF291781</identificativoUnivocoVersamento><identificativoUnivocoRiscossione>00102189305113783916</identificativoUnivocoRiscossione><singoloImportoPagato>15</singoloImportoPagato><codiceEsitoSingoloPagamento>0</codiceEsitoSingoloPagamento><dataEsitoSingoloPagamento>2016-04-11</dataEsitoSingoloPagamento></datiSingoliPagamenti><datiSingoliPagamenti><identificativoUnivocoVersamento>RF451784</identificativoUnivocoVersamento><identificativoUnivocoRiscossione>00102903750113783972</identificativoUnivocoRiscossione><singoloImportoPagato>45</singoloImportoPagato><codiceEsitoSingoloPagamento>0</codiceEsitoSingoloPagamento><dataEsitoSingoloPagamento>2016-04-11</dataEsitoSingoloPagamento></datiSingoliPagamenti><datiSingoliPagamenti><identificativoUnivocoVersamento>RF161918</identificativoUnivocoVersamento><identificativoUnivocoRiscossione>00103856769113794817</identificativoUnivocoRiscossione><singoloImportoPagato>150</singoloImportoPagato><codiceEsitoSingoloPagamento>0</codiceEsitoSingoloPagamento><dataEsitoSingoloPagamento>2016-04-12</dataEsitoSingoloPagamento></datiSingoliPagamenti><datiSingoliPagamenti><identificativoUnivocoVersamento>RF202137</identificativoUnivocoVersamento><identificativoUnivocoRiscossione>00103691358113806065</identificativoUnivocoRiscossione><singoloImportoPagato>90</singoloImportoPagato><codiceEsitoSingoloPagamento>0</codiceEsitoSingoloPagamento><dataEsitoSingoloPagamento>2016-04-12</dataEsitoSingoloPagamento></datiSingoliPagamenti><datiSingoliPagamenti><identificativoUnivocoVersamento>RF362334</identificativoUnivocoVersamento><identificativoUnivocoRiscossione>00103104803113816372</identificativoUnivocoRiscossione><singoloImportoPagato>15</singoloImportoPagato><codiceEsitoSingoloPagamento>0</codiceEsitoSingoloPagamento><dataEsitoSingoloPagamento>2016-04-12</dataEsitoSingoloPagamento></datiSingoliPagamenti><datiSingoliPagamenti><identificativoUnivocoVersamento>RF942357</identificativoUnivocoVersamento><identificativoUnivocoRiscossione>00103200813113818213</identificativoUnivocoRiscossione><singoloImportoPagato>30</singoloImportoPagato><codiceEsitoSingoloPagamento>0</codiceEsitoSingoloPagamento><dataEsitoSingoloPagamento>2016-04-12</dataEsitoSingoloPagamento></datiSingoliPagamenti><datiSingoliPagamenti><identificativoUnivocoVersamento>RF772372</identificativoUnivocoVersamento><identificativoUnivocoRiscossione>00103900866113819877</identificativoUnivocoRiscossione><singoloImportoPagato>60</singoloImportoPagato><codiceEsitoSingoloPagamento>0</codiceEsitoSingoloPagamento><dataEsitoSingoloPagamento>2016-04-12</dataEsitoSingoloPagamento></datiSingoliPagamenti><datiSingoliPagamenti><identificativoUnivocoVersamento>RF222392</identificativoUnivocoVersamento><identificativoUnivocoRiscossione>00103457048113824601</identificativoUnivocoRiscossione><singoloImportoPagato>45</singoloImportoPagato><codiceEsitoSingoloPagamento>0</codiceEsitoSingoloPagamento><dataEsitoSingoloPagamento>2016-04-12</dataEsitoSingoloPagamento></datiSingoliPagamenti><datiSingoliPagamenti><identificativoUnivocoVersamento>RF741650</identificativoUnivocoVersamento><identificativoUnivocoRiscossione>00102541972113779591</identificativoUnivocoRiscossione><singoloImportoPagato>15</singoloImportoPagato><codiceEsitoSingoloPagamento>0</codiceEsitoSingoloPagamento><dataEsitoSingoloPagamento>2016-04-11</dataEsitoSingoloPagamento></datiSingoliPagamenti><datiSingoliPagamenti><identificativoUnivocoVersamento>RF601708</identificativoUnivocoVersamento><identificativoUnivocoRiscossione>00102401660113780945</identificativoUnivocoRiscossione><singoloImportoPagato>90</singoloImportoPagato><codiceEsitoSingoloPagamento>0</codiceEsitoSingoloPagamento><dataEsitoSingoloPagamento>2016-04-11</dataEsitoSingoloPagamento></datiSingoliPagamenti><datiSingoliPagamenti><identificativoUnivocoVersamento>RF711801</identificativoUnivocoVersamento><identificativoUnivocoRiscossione>00102536551113784815</identificativoUnivocoRiscossione><singoloImportoPagato>15</singoloImportoPagato><codiceEsitoSingoloPagamento>0</codiceEsitoSingoloPagamento><dataEsitoSingoloPagamento>2016-04-11</dataEsitoSingoloPagamento></datiSingoliPagamenti><datiSingoliPagamenti><identificativoUnivocoVersamento>RF171803</identificativoUnivocoVersamento><identificativoUnivocoRiscossione>00102864929113784845</identificativoUnivocoRiscossione><singoloImportoPagato>30</singoloImportoPagato><codiceEsitoSingoloPagamento>0</codiceEsitoSingoloPagamento><dataEsitoSingoloPagamento>2016-04-11</dataEsitoSingoloPagamento></datiSingoliPagamenti><datiSingoliPagamenti><identificativoUnivocoVersamento>RF221810</identificativoUnivocoVersamento><identificativoUnivocoRiscossione>00102719499113785533</identificativoUnivocoRiscossione><singoloImportoPagato>15</singoloImportoPagato><codiceEsitoSingoloPagamento>0</codiceEsitoSingoloPagamento><dataEsitoSingoloPagamento>2016-04-11</dataEsitoSingoloPagamento></datiSingoliPagamenti><datiSingoliPagamenti><identificativoUnivocoVersamento>RF632139</identificativoUnivocoVersamento><identificativoUnivocoRiscossione>00103632616113806212</identificativoUnivocoRiscossione><singoloImportoPagato>60</singoloImportoPagato><codiceEsitoSingoloPagamento>0</codiceEsitoSingoloPagamento><dataEsitoSingoloPagamento>2016-04-12</dataEsitoSingoloPagamento></datiSingoliPagamenti><datiSingoliPagamenti><identificativoUnivocoVersamento>RF762196</identificativoUnivocoVersamento><identificativoUnivocoRiscossione>00103510644113809460</identificativoUnivocoRiscossione><singoloImportoPagato>30</singoloImportoPagato><codiceEsitoSingoloPagamento>0</codiceEsitoSingoloPagamento><dataEsitoSingoloPagamento>2016-04-12</dataEsitoSingoloPagamento></datiSingoliPagamenti><datiSingoliPagamenti><identificativoUnivocoVersamento>RF802221</identificativoUnivocoVersamento><identificativoUnivocoRiscossione>00103111300113810790</identificativoUnivocoRiscossione><singoloImportoPagato>100</singoloImportoPagato><codiceEsitoSingoloPagamento>0</codiceEsitoSingoloPagamento><dataEsitoSingoloPagamento>2016-04-12</dataEsitoSingoloPagamento></datiSingoliPagamenti><datiSingoliPagamenti><identificativoUnivocoVersamento>RF832264</identificativoUnivocoVersamento><identificativoUnivocoRiscossione>00103725290113812885</identificativoUnivocoRiscossione><singoloImportoPagato>120</singoloImportoPagato><codiceEsitoSingoloPagamento>0</codiceEsitoSingoloPagamento><dataEsitoSingoloPagamento>2016-04-12</dataEsitoSingoloPagamento></datiSingoliPagamenti><datiSingoliPagamenti><identificativoUnivocoVersamento>RF902332</identificativoUnivocoVersamento><identificativoUnivocoRiscossione>00103537679113816106</identificativoUnivocoRiscossione><singoloImportoPagato>15</singoloImportoPagato><codiceEsitoSingoloPagamento>0</codiceEsitoSingoloPagamento><dataEsitoSingoloPagamento>2016-04-12</dataEsitoSingoloPagamento></datiSingoliPagamenti><datiSingoliPagamenti><identificativoUnivocoVersamento>RF841664</identificativoUnivocoVersamento><identificativoUnivocoRiscossione>00102122269113779885</identificativoUnivocoRiscossione><singoloImportoPagato>60</singoloImportoPagato><codiceEsitoSingoloPagamento>0</codiceEsitoSingoloPagamento><dataEsitoSingoloPagamento>2016-04-11</dataEsitoSingoloPagamento></datiSingoliPagamenti><datiSingoliPagamenti><identificativoUnivocoVersamento>RF981897</identificativoUnivocoVersamento><identificativoUnivocoRiscossione>00102677644113791814</identificativoUnivocoRiscossione><singoloImportoPagato>15</singoloImportoPagato><codiceEsitoSingoloPagamento>0</codiceEsitoSingoloPagamento><dataEsitoSingoloPagamento>2016-04-11</dataEsitoSingoloPagamento></datiSingoliPagamenti><datiSingoliPagamenti><identificativoUnivocoVersamento>RF871901</identificativoUnivocoVersamento><identificativoUnivocoRiscossione>00102614185113792591</identificativoUnivocoRiscossione><singoloImportoPagato>15</singoloImportoPagato><codiceEsitoSingoloPagamento>0</codiceEsitoSingoloPagamento><dataEsitoSingoloPagamento>2016-04-11</dataEsitoSingoloPagamento></datiSingoliPagamenti><datiSingoliPagamenti><identificativoUnivocoVersamento>RF491906</identificativoUnivocoVersamento><identificativoUnivocoRiscossione>00102949283113793255</identificativoUnivocoRiscossione><singoloImportoPagato>150</singoloImportoPagato><codiceEsitoSingoloPagamento>0</codiceEsitoSingoloPagamento><dataEsitoSingoloPagamento>2016-04-11</dataEsitoSingoloPagamento></datiSingoliPagamenti><datiSingoliPagamenti><identificativoUnivocoVersamento>RF842149</identificativoUnivocoVersamento><identificativoUnivocoRiscossione>00103166502113806443</identificativoUnivocoRiscossione><singoloImportoPagato>15</singoloImportoPagato><codiceEsitoSingoloPagamento>0</codiceEsitoSingoloPagamento><dataEsitoSingoloPagamento>2016-04-12</dataEsitoSingoloPagamento></datiSingoliPagamenti><datiSingoliPagamenti><identificativoUnivocoVersamento>RF521658</identificativoUnivocoVersamento><identificativoUnivocoRiscossione>00102143975113779725</identificativoUnivocoRiscossione><singoloImportoPagato>30</singoloImportoPagato><codiceEsitoSingoloPagamento>0</codiceEsitoSingoloPagamento><dataEsitoSingoloPagamento>2016-04-11</dataEsitoSingoloPagamento></datiSingoliPagamenti><datiSingoliPagamenti><identificativoUnivocoVersamento>RF711704</identificativoUnivocoVersamento><identificativoUnivocoRiscossione>00102204834113780826</identificativoUnivocoRiscossione><singoloImportoPagato>45</singoloImportoPagato><codiceEsitoSingoloPagamento>0</codiceEsitoSingoloPagamento><dataEsitoSingoloPagamento>2016-04-11</dataEsitoSingoloPagamento></datiSingoliPagamenti><datiSingoliPagamenti><identificativoUnivocoVersamento>RF441802</identificativoUnivocoVersamento><identificativoUnivocoRiscossione>00102763102113784806</identificativoUnivocoRiscossione><singoloImportoPagato>45</singoloImportoPagato><codiceEsitoSingoloPagamento>0</codiceEsitoSingoloPagamento><dataEsitoSingoloPagamento>2016-04-11</dataEsitoSingoloPagamento></datiSingoliPagamenti><datiSingoliPagamenti><identificativoUnivocoVersamento>RF211925</identificativoUnivocoVersamento><identificativoUnivocoRiscossione>00103175936113797054</identificativoUnivocoRiscossione><singoloImportoPagato>200</singoloImportoPagato><codiceEsitoSingoloPagamento>0</codiceEsitoSingoloPagamento><dataEsitoSingoloPagamento>2016-04-12</dataEsitoSingoloPagamento></datiSingoliPagamenti><datiSingoliPagamenti><identificativoUnivocoVersamento>RF932084</identificativoUnivocoVersamento><identificativoUnivocoRiscossione>00103873166113803252</identificativoUnivocoRiscossione><singoloImportoPagato>45</singoloImportoPagato><codiceEsitoSingoloPagamento>0</codiceEsitoSingoloPagamento><dataEsitoSingoloPagamento>2016-04-12</dataEsitoSingoloPagamento></datiSingoliPagamenti><datiSingoliPagamenti><identificativoUnivocoVersamento>RF701625</identificativoUnivocoVersamento><identificativoUnivocoRiscossione>00102409356113778881</identificativoUnivocoRiscossione><singoloImportoPagato>105</singoloImportoPagato><codiceEsitoSingoloPagamento>0</codiceEsitoSingoloPagamento><dataEsitoSingoloPagamento>2016-04-11</dataEsitoSingoloPagamento></datiSingoliPagamenti><datiSingoliPagamenti><identificativoUnivocoVersamento>RF971721</identificativoUnivocoVersamento><identificativoUnivocoRiscossione>00102176846113781282</identificativoUnivocoRiscossione><singoloImportoPagato>45</singoloImportoPagato><codiceEsitoSingoloPagamento>0</codiceEsitoSingoloPagamento><dataEsitoSingoloPagamento>2016-04-11</dataEsitoSingoloPagamento></datiSingoliPagamenti><datiSingoliPagamenti><identificativoUnivocoVersamento>RF061807</identificativoUnivocoVersamento><identificativoUnivocoRiscossione>00102203165113785287</identificativoUnivocoRiscossione><singoloImportoPagato>15</singoloImportoPagato><codiceEsitoSingoloPagamento>0</codiceEsitoSingoloPagamento><dataEsitoSingoloPagamento>2016-04-11</dataEsitoSingoloPagamento></datiSingoliPagamenti><datiSingoliPagamenti><identificativoUnivocoVersamento>RF921811</identificativoUnivocoVersamento><identificativoUnivocoRiscossione>00102581260113785565</identificativoUnivocoRiscossione><singoloImportoPagato>15</singoloImportoPagato><codiceEsitoSingoloPagamento>0</codiceEsitoSingoloPagamento><dataEsitoSingoloPagamento>2016-04-11</dataEsitoSingoloPagamento></datiSingoliPagamenti><datiSingoliPagamenti><identificativoUnivocoVersamento>RF591823</identificativoUnivocoVersamento><identificativoUnivocoRiscossione>00102374374113786564</identificativoUnivocoRiscossione><singoloImportoPagato>100</singoloImportoPagato><codiceEsitoSingoloPagamento>0</codiceEsitoSingoloPagamento><dataEsitoSingoloPagamento>2016-04-11</dataEsitoSingoloPagamento></datiSingoliPagamenti><datiSingoliPagamenti><identificativoUnivocoVersamento>RF211828</identificativoUnivocoVersamento><identificativoUnivocoRiscossione>00102623181113787047</identificativoUnivocoRiscossione><singoloImportoPagato>15</singoloImportoPagato><codiceEsitoSingoloPagamento>0</codiceEsitoSingoloPagamento><dataEsitoSingoloPagamento>2016-04-11</dataEsitoSingoloPagamento></datiSingoliPagamenti><datiSingoliPagamenti><identificativoUnivocoVersamento>RF401583</identificativoUnivocoVersamento><identificativoUnivocoRiscossione>00102710660113777711</identificativoUnivocoRiscossione><singoloImportoPagato>150</singoloImportoPagato><codiceEsitoSingoloPagamento>0</codiceEsitoSingoloPagamento><dataEsitoSingoloPagamento>2016-04-11</dataEsitoSingoloPagamento></datiSingoliPagamenti><datiSingoliPagamenti><identificativoUnivocoVersamento>RF781675</identificativoUnivocoVersamento><identificativoUnivocoRiscossione>00102799704113780104</identificativoUnivocoRiscossione><singoloImportoPagato>15</singoloImportoPagato><codiceEsitoSingoloPagamento>0</codiceEsitoSingoloPagamento><dataEsitoSingoloPagamento>2016-04-11</dataEsitoSingoloPagamento></datiSingoliPagamenti><datiSingoliPagamenti><identificativoUnivocoVersamento>RF731765</identificativoUnivocoVersamento><identificativoUnivocoRiscossione>00102660195113782916</identificativoUnivocoRiscossione><singoloImportoPagato>100</singoloImportoPagato><codiceEsitoSingoloPagamento>0</codiceEsitoSingoloPagamento><dataEsitoSingoloPagamento>2016-04-11</dataEsitoSingoloPagamento></datiSingoliPagamenti><datiSingoliPagamenti><identificativoUnivocoVersamento>RF671776</identificativoUnivocoVersamento><identificativoUnivocoRiscossione>00102420224113783473</identificativoUnivocoRiscossione><singoloImportoPagato>15</singoloImportoPagato><codiceEsitoSingoloPagamento>0</codiceEsitoSingoloPagamento><dataEsitoSingoloPagamento>2016-04-11</dataEsitoSingoloPagamento></datiSingoliPagamenti><datiSingoliPagamenti><identificativoUnivocoVersamento>RF051825</identificativoUnivocoVersamento><identificativoUnivocoRiscossione>00102144679113786794</identificativoUnivocoRiscossione><singoloImportoPagato>15</singoloImportoPagato><codiceEsitoSingoloPagamento>0</codiceEsitoSingoloPagamento><dataEsitoSingoloPagamento>2016-04-11</dataEsitoSingoloPagamento></datiSingoliPagamenti><datiSingoliPagamenti><identificativoUnivocoVersamento>RF042134</identificativoUnivocoVersamento><identificativoUnivocoRiscossione>00103826886113806030</identificativoUnivocoRiscossione><singoloImportoPagato>60</singoloImportoPagato><codiceEsitoSingoloPagamento>0</codiceEsitoSingoloPagamento><dataEsitoSingoloPagamento>2016-04-12</dataEsitoSingoloPagamento></datiSingoliPagamenti><datiSingoliPagamenti><identificativoUnivocoVersamento>RF922199</identificativoUnivocoVersamento><identificativoUnivocoRiscossione>00103170636113809575</identificativoUnivocoRiscossione><singoloImportoPagato>48.7</singoloImportoPagato><codiceEsitoSingoloPagamento>0</codiceEsitoSingoloPagamento><dataEsitoSingoloPagamento>2016-04-12</dataEsitoSingoloPagamento></datiSingoliPagamenti><datiSingoliPagamenti><identificativoUnivocoVersamento>RF692225</identificativoUnivocoVersamento><identificativoUnivocoRiscossione>00103919882113811091</identificativoUnivocoRiscossione><singoloImportoPagato>75</singoloImportoPagato><codiceEsitoSingoloPagamento>0</codiceEsitoSingoloPagamento><dataEsitoSingoloPagamento>2016-04-12</dataEsitoSingoloPagamento></datiSingoliPagamenti><datiSingoliPagamenti><identificativoUnivocoVersamento>RF642315</identificativoUnivocoVersamento><identificativoUnivocoRiscossione>00103691254113815576</identificativoUnivocoRiscossione><singoloImportoPagato>150</singoloImportoPagato><codiceEsitoSingoloPagamento>0</codiceEsitoSingoloPagamento><dataEsitoSingoloPagamento>2016-04-12</dataEsitoSingoloPagamento></datiSingoliPagamenti><datiSingoliPagamenti><identificativoUnivocoVersamento>RF582326</identificativoUnivocoVersamento><identificativoUnivocoRiscossione>00103758390113816055</identificativoUnivocoRiscossione><singoloImportoPagato>15</singoloImportoPagato><codiceEsitoSingoloPagamento>0</codiceEsitoSingoloPagamento><dataEsitoSingoloPagamento>2016-04-12</dataEsitoSingoloPagamento></datiSingoliPagamenti><datiSingoliPagamenti><identificativoUnivocoVersamento>RF812203</identificativoUnivocoVersamento><identificativoUnivocoRiscossione>00103467105113809982</identificativoUnivocoRiscossione><singoloImportoPagato>15</singoloImportoPagato><codiceEsitoSingoloPagamento>0</codiceEsitoSingoloPagamento><dataEsitoSingoloPagamento>2016-04-12</dataEsitoSingoloPagamento></datiSingoliPagamenti><datiSingoliPagamenti><identificativoUnivocoVersamento>RF862210</identificativoUnivocoVersamento><identificativoUnivocoRiscossione>00103196211113810413</identificativoUnivocoRiscossione><singoloImportoPagato>20</singoloImportoPagato><codiceEsitoSingoloPagamento>0</codiceEsitoSingoloPagamento><dataEsitoSingoloPagamento>2016-04-12</dataEsitoSingoloPagamento></datiSingoliPagamenti><datiSingoliPagamenti><identificativoUnivocoVersamento>RF512258</identificativoUnivocoVersamento><identificativoUnivocoRiscossione>00103836704113812585</identificativoUnivocoRiscossione><singoloImportoPagato>30</singoloImportoPagato><codiceEsitoSingoloPagamento>0</codiceEsitoSingoloPagamento><dataEsitoSingoloPagamento>2016-04-12</dataEsitoSingoloPagamento></datiSingoliPagamenti><datiSingoliPagamenti><identificativoUnivocoVersamento>RF382298</identificativoUnivocoVersamento><identificativoUnivocoRiscossione>00103762881113814626</identificativoUnivocoRiscossione><singoloImportoPagato>120</singoloImportoPagato><codiceEsitoSingoloPagamento>0</codiceEsitoSingoloPagamento><dataEsitoSingoloPagamento>2016-04-12</dataEsitoSingoloPagamento></datiSingoliPagamenti><datiSingoliPagamenti><identificativoUnivocoVersamento>RF702401</identificativoUnivocoVersamento><identificativoUnivocoRiscossione>00103581168113825874</identificativoUnivocoRiscossione><singoloImportoPagato>15</singoloImportoPagato><codiceEsitoSingoloPagamento>0</codiceEsitoSingoloPagamento><dataEsitoSingoloPagamento>2016-04-12</dataEsitoSingoloPagamento></datiSingoliPagamenti><datiSingoliPagamenti><identificativoUnivocoVersamento>RF092238</identificativoUnivocoVersamento><identificativoUnivocoRiscossione>00103216800113811693</identificativoUnivocoRiscossione><singoloImportoPagato>100</singoloImportoPagato><codiceEsitoSingoloPagamento>0</codiceEsitoSingoloPagamento><dataEsitoSingoloPagamento>2016-04-12</dataEsitoSingoloPagamento></datiSingoliPagamenti><datiSingoliPagamenti><identificativoUnivocoVersamento>RF682146</identificativoUnivocoVersamento><identificativoUnivocoRiscossione>00103615737113806422</identificativoUnivocoRiscossione><singoloImportoPagato>150</singoloImportoPagato><codiceEsitoSingoloPagamento>0</codiceEsitoSingoloPagamento><dataEsitoSingoloPagamento>2016-04-12</dataEsitoSingoloPagamento></datiSingoliPagamenti><datiSingoliPagamenti><identificativoUnivocoVersamento>RF972206</identificativoUnivocoVersamento><identificativoUnivocoRiscossione>00103340369113810083</identificativoUnivocoRiscossione><singoloImportoPagato>150</singoloImportoPagato><codiceEsitoSingoloPagamento>0</codiceEsitoSingoloPagamento><dataEsitoSingoloPagamento>2016-04-12</dataEsitoSingoloPagamento></datiSingoliPagamenti><datiSingoliPagamenti><identificativoUnivocoVersamento>RF762293</identificativoUnivocoVersamento><identificativoUnivocoRiscossione>00103165588113814403</identificativoUnivocoRiscossione><singoloImportoPagato>15</singoloImportoPagato><codiceEsitoSingoloPagamento>0</codiceEsitoSingoloPagamento><dataEsitoSingoloPagamento>2016-04-12</dataEsitoSingoloPagamento></datiSingoliPagamenti><datiSingoliPagamenti><identificativoUnivocoVersamento>RF192349</identificativoUnivocoVersamento><identificativoUnivocoRiscossione>00103902152113817242</identificativoUnivocoRiscossione><singoloImportoPagato>15</singoloImportoPagato><codiceEsitoSingoloPagamento>0</codiceEsitoSingoloPagamento><dataEsitoSingoloPagamento>2016-04-12</dataEsitoSingoloPagamento></datiSingoliPagamenti><datiSingoliPagamenti><identificativoUnivocoVersamento>RF132360</identificativoUnivocoVersamento><identificativoUnivocoRiscossione>00103665822113818540</identificativoUnivocoRiscossione><singoloImportoPagato>15</singoloImportoPagato><codiceEsitoSingoloPagamento>0</codiceEsitoSingoloPagamento><dataEsitoSingoloPagamento>2016-04-12</dataEsitoSingoloPagamento></datiSingoliPagamenti><datiSingoliPagamenti><identificativoUnivocoVersamento>RF941872</identificativoUnivocoVersamento><identificativoUnivocoRiscossione>00102154272113789762</identificativoUnivocoRiscossione><singoloImportoPagato>30</singoloImportoPagato><codiceEsitoSingoloPagamento>0</codiceEsitoSingoloPagamento><dataEsitoSingoloPagamento>2016-04-11</dataEsitoSingoloPagamento></datiSingoliPagamenti><datiSingoliPagamenti><identificativoUnivocoVersamento>RF021588</identificativoUnivocoVersamento><identificativoUnivocoRiscossione>00102772462113777845</identificativoUnivocoRiscossione><singoloImportoPagato>150</singoloImportoPagato><codiceEsitoSingoloPagamento>0</codiceEsitoSingoloPagamento><dataEsitoSingoloPagamento>2016-04-11</dataEsitoSingoloPagamento></datiSingoliPagamenti><datiSingoliPagamenti><identificativoUnivocoVersamento>RF441608</identificativoUnivocoVersamento><identificativoUnivocoRiscossione>00102647439113778461</identificativoUnivocoRiscossione><singoloImportoPagato>30</singoloImportoPagato><codiceEsitoSingoloPagamento>0</codiceEsitoSingoloPagamento><dataEsitoSingoloPagamento>2016-04-11</dataEsitoSingoloPagamento></datiSingoliPagamenti><datiSingoliPagamenti><identificativoUnivocoVersamento>RF871610</identificativoUnivocoVersamento><identificativoUnivocoRiscossione>00102738644113778446</identificativoUnivocoRiscossione><singoloImportoPagato>60</singoloImportoPagato><codiceEsitoSingoloPagamento>0</codiceEsitoSingoloPagamento><dataEsitoSingoloPagamento>2016-04-11</dataEsitoSingoloPagamento></datiSingoliPagamenti><datiSingoliPagamenti><identificativoUnivocoVersamento>RF051631</identificativoUnivocoVersamento><identificativoUnivocoRiscossione>00102532764113779136</identificativoUnivocoRiscossione><singoloImportoPagato>150</singoloImportoPagato><codiceEsitoSingoloPagamento>0</codiceEsitoSingoloPagamento><dataEsitoSingoloPagamento>2016-04-11</dataEsitoSingoloPagamento></datiSingoliPagamenti><datiSingoliPagamenti><identificativoUnivocoVersamento>RF711898</identificativoUnivocoVersamento><identificativoUnivocoRiscossione>00102696319113791836</identificativoUnivocoRiscossione><singoloImportoPagato>15</singoloImportoPagato><codiceEsitoSingoloPagamento>0</codiceEsitoSingoloPagamento><dataEsitoSingoloPagamento>2016-04-11</dataEsitoSingoloPagamento></datiSingoliPagamenti><datiSingoliPagamenti><identificativoUnivocoVersamento>RF072080</identificativoUnivocoVersamento><identificativoUnivocoRiscossione>00103314745113803130</identificativoUnivocoRiscossione><singoloImportoPagato>15</singoloImportoPagato><codiceEsitoSingoloPagamento>0</codiceEsitoSingoloPagamento><dataEsitoSingoloPagamento>2016-04-12</dataEsitoSingoloPagamento></datiSingoliPagamenti><datiSingoliPagamenti><identificativoUnivocoVersamento>RF672164</identificativoUnivocoVersamento><identificativoUnivocoRiscossione>00103958413113807053</identificativoUnivocoRiscossione><singoloImportoPagato>15</singoloImportoPagato><codiceEsitoSingoloPagamento>0</codiceEsitoSingoloPagamento><dataEsitoSingoloPagamento>2016-04-12</dataEsitoSingoloPagamento></datiSingoliPagamenti><datiSingoliPagamenti><identificativoUnivocoVersamento>RF312230</identificativoUnivocoVersamento><identificativoUnivocoRiscossione>00103684585113811461</identificativoUnivocoRiscossione><singoloImportoPagato>200</singoloImportoPagato><codiceEsitoSingoloPagamento>0</codiceEsitoSingoloPagamento><dataEsitoSingoloPagamento>2016-04-12</dataEsitoSingoloPagamento></datiSingoliPagamenti><datiSingoliPagamenti><identificativoUnivocoVersamento>RF512064</identificativoUnivocoVersamento><identificativoUnivocoRiscossione>00103790066113802461</identificativoUnivocoRiscossione><singoloImportoPagato>150</singoloImportoPagato><codiceEsitoSingoloPagamento>0</codiceEsitoSingoloPagamento><dataEsitoSingoloPagamento>2016-04-12</dataEsitoSingoloPagamento></datiSingoliPagamenti><datiSingoliPagamenti><identificativoUnivocoVersamento>RF382201</identificativoUnivocoVersamento><identificativoUnivocoRiscossione>00103730401113809870</identificativoUnivocoRiscossione><singoloImportoPagato>150</singoloImportoPagato><codiceEsitoSingoloPagamento>0</codiceEsitoSingoloPagamento><dataEsitoSingoloPagamento>2016-04-12</dataEsitoSingoloPagamento></datiSingoliPagamenti><datiSingoliPagamenti><identificativoUnivocoVersamento>RF902235</identificativoUnivocoVersamento><identificativoUnivocoRiscossione>00103993987113811631</identificativoUnivocoRiscossione><singoloImportoPagato>150</singoloImportoPagato><codiceEsitoSingoloPagamento>0</codiceEsitoSingoloPagamento><dataEsitoSingoloPagamento>2016-04-12</dataEsitoSingoloPagamento></datiSingoliPagamenti><datiSingoliPagamenti><identificativoUnivocoVersamento>RF672261</identificativoUnivocoVersamento><identificativoUnivocoRiscossione>00103653078113812733</identificativoUnivocoRiscossione><singoloImportoPagato>15</singoloImportoPagato><codiceEsitoSingoloPagamento>0</codiceEsitoSingoloPagamento><dataEsitoSingoloPagamento>2016-04-12</dataEsitoSingoloPagamento></datiSingoliPagamenti><datiSingoliPagamenti><identificativoUnivocoVersamento>RF852325</identificativoUnivocoVersamento><identificativoUnivocoRiscossione>00103425017113816003</identificativoUnivocoRiscossione><singoloImportoPagato>60</singoloImportoPagato><codiceEsitoSingoloPagamento>0</codiceEsitoSingoloPagamento><dataEsitoSingoloPagamento>2016-04-12</dataEsitoSingoloPagamento></datiSingoliPagamenti><datiSingoliPagamenti><identificativoUnivocoVersamento>RF742329</identificativoUnivocoVersamento><identificativoUnivocoRiscossione>00103163170113816035</identificativoUnivocoRiscossione><singoloImportoPagato>15</singoloImportoPagato><codiceEsitoSingoloPagamento>0</codiceEsitoSingoloPagamento><dataEsitoSingoloPagamento>2016-04-12</dataEsitoSingoloPagamento></datiSingoliPagamenti><datiSingoliPagamenti><identificativoUnivocoVersamento>RF302345</identificativoUnivocoVersamento><identificativoUnivocoRiscossione>00103369202113817054</identificativoUnivocoRiscossione><singoloImportoPagato>30</singoloImportoPagato><codiceEsitoSingoloPagamento>0</codiceEsitoSingoloPagamento><dataEsitoSingoloPagamento>2016-04-12</dataEsitoSingoloPagamento></datiSingoliPagamenti><datiSingoliPagamenti><identificativoUnivocoVersamento>RF982382</identificativoUnivocoVersamento><identificativoUnivocoRiscossione>00103308713113822386</identificativoUnivocoRiscossione><singoloImportoPagato>300</singoloImportoPagato><codiceEsitoSingoloPagamento>0</codiceEsitoSingoloPagamento><dataEsitoSingoloPagamento>2016-04-12</dataEsitoSingoloPagamento></datiSingoliPagamenti><datiSingoliPagamenti><identificativoUnivocoVersamento>RF291587</identificativoUnivocoVersamento><identificativoUnivocoRiscossione>00102943900113777796</identificativoUnivocoRiscossione><singoloImportoPagato>30</singoloImportoPagato><codiceEsitoSingoloPagamento>0</codiceEsitoSingoloPagamento><dataEsitoSingoloPagamento>2016-04-11</dataEsitoSingoloPagamento></datiSingoliPagamenti><datiSingoliPagamenti><identificativoUnivocoVersamento>RF881592</identificativoUnivocoVersamento><identificativoUnivocoRiscossione>00102542705113777862</identificativoUnivocoRiscossione><singoloImportoPagato>45</singoloImportoPagato><codiceEsitoSingoloPagamento>0</codiceEsitoSingoloPagamento><dataEsitoSingoloPagamento>2016-04-11</dataEsitoSingoloPagamento></datiSingoliPagamenti><datiSingoliPagamenti><identificativoUnivocoVersamento>RF951757</identificativoUnivocoVersamento><identificativoUnivocoRiscossione>00102576178113782601</identificativoUnivocoRiscossione><singoloImportoPagato>150</singoloImportoPagato><codiceEsitoSingoloPagamento>0</codiceEsitoSingoloPagamento><dataEsitoSingoloPagamento>2016-04-11</dataEsitoSingoloPagamento></datiSingoliPagamenti><datiSingoliPagamenti><identificativoUnivocoVersamento>RF141760</identificativoUnivocoVersamento><identificativoUnivocoRiscossione>00102613611113782656</identificativoUnivocoRiscossione><singoloImportoPagato>30</singoloImportoPagato><codiceEsitoSingoloPagamento>0</codiceEsitoSingoloPagamento><dataEsitoSingoloPagamento>2016-04-11</dataEsitoSingoloPagamento></datiSingoliPagamenti><datiSingoliPagamenti><identificativoUnivocoVersamento>RF781966</identificativoUnivocoVersamento><identificativoUnivocoRiscossione>00103698300113799084</identificativoUnivocoRiscossione><singoloImportoPagato>120</singoloImportoPagato><codiceEsitoSingoloPagamento>0</codiceEsitoSingoloPagamento><dataEsitoSingoloPagamento>2016-04-12</dataEsitoSingoloPagamento></datiSingoliPagamenti><datiSingoliPagamenti><identificativoUnivocoVersamento>RF482021</identificativoUnivocoVersamento><identificativoUnivocoRiscossione>00103651074113801070</identificativoUnivocoRiscossione><singoloImportoPagato>30</singoloImportoPagato><codiceEsitoSingoloPagamento>0</codiceEsitoSingoloPagamento><dataEsitoSingoloPagamento>2016-04-12</dataEsitoSingoloPagamento></datiSingoliPagamenti><datiSingoliPagamenti><identificativoUnivocoVersamento>RF132069</identificativoUnivocoVersamento><identificativoUnivocoRiscossione>00103355063113802607</identificativoUnivocoRiscossione><singoloImportoPagato>15</singoloImportoPagato><codiceEsitoSingoloPagamento>0</codiceEsitoSingoloPagamento><dataEsitoSingoloPagamento>2016-04-12</dataEsitoSingoloPagamento></datiSingoliPagamenti><datiSingoliPagamenti><identificativoUnivocoVersamento>RF482118</identificativoUnivocoVersamento><identificativoUnivocoRiscossione>00103402106113805227</identificativoUnivocoRiscossione><singoloImportoPagato>15</singoloImportoPagato><codiceEsitoSingoloPagamento>0</codiceEsitoSingoloPagamento><dataEsitoSingoloPagamento>2016-04-12</dataEsitoSingoloPagamento></datiSingoliPagamenti><datiSingoliPagamenti><identificativoUnivocoVersamento>RF201846</identificativoUnivocoVersamento><identificativoUnivocoRiscossione>00102124959113788041</identificativoUnivocoRiscossione><singoloImportoPagato>15</singoloImportoPagato><codiceEsitoSingoloPagamento>0</codiceEsitoSingoloPagamento><dataEsitoSingoloPagamento>2016-04-11</dataEsitoSingoloPagamento></datiSingoliPagamenti><datiSingoliPagamenti><identificativoUnivocoVersamento>RF232180</identificativoUnivocoVersamento><identificativoUnivocoRiscossione>00103937718113808220</identificativoUnivocoRiscossione><singoloImportoPagato>240</singoloImportoPagato><codiceEsitoSingoloPagamento>0</codiceEsitoSingoloPagamento><dataEsitoSingoloPagamento>2016-04-12</dataEsitoSingoloPagamento></datiSingoliPagamenti><datiSingoliPagamenti><identificativoUnivocoVersamento>RF772178</identificativoUnivocoVersamento><identificativoUnivocoRiscossione>00103166266113808141</identificativoUnivocoRiscossione><singoloImportoPagato>100</singoloImportoPagato><codiceEsitoSingoloPagamento>0</codiceEsitoSingoloPagamento><dataEsitoSingoloPagamento>2016-04-12</dataEsitoSingoloPagamento></datiSingoliPagamenti><datiSingoliPagamenti><identificativoUnivocoVersamento>RF952339</identificativoUnivocoVersamento><identificativoUnivocoRiscossione>00103432531113816633</identificativoUnivocoRiscossione><singoloImportoPagato>100</singoloImportoPagato><codiceEsitoSingoloPagamento>0</codiceEsitoSingoloPagamento><dataEsitoSingoloPagamento>2016-04-12</dataEsitoSingoloPagamento></datiSingoliPagamenti><datiSingoliPagamenti><identificativoUnivocoVersamento>RF722365</identificativoUnivocoVersamento><identificativoUnivocoRiscossione>00103973722113818754</identificativoUnivocoRiscossione><singoloImportoPagato>15</singoloImportoPagato><codiceEsitoSingoloPagamento>0</codiceEsitoSingoloPagamento><dataEsitoSingoloPagamento>2016-04-12</dataEsitoSingoloPagamento></datiSingoliPagamenti><datiSingoliPagamenti><identificativoUnivocoVersamento>RF511579</identificativoUnivocoVersamento><identificativoUnivocoRiscossione>00102262924113777637</identificativoUnivocoRiscossione><singoloImportoPagato>300</singoloImportoPagato><codiceEsitoSingoloPagamento>0</codiceEsitoSingoloPagamento><dataEsitoSingoloPagamento>2016-04-11</dataEsitoSingoloPagamento></datiSingoliPagamenti><datiSingoliPagamenti><identificativoUnivocoVersamento>RF241580</identificativoUnivocoVersamento><identificativoUnivocoRiscossione>00102716667113777662</identificativoUnivocoRiscossione><singoloImportoPagato>30</singoloImportoPagato><codiceEsitoSingoloPagamento>0</codiceEsitoSingoloPagamento><dataEsitoSingoloPagamento>2016-04-11</dataEsitoSingoloPagamento></datiSingoliPagamenti><datiSingoliPagamenti><identificativoUnivocoVersamento>RF961642</identificativoUnivocoVersamento><identificativoUnivocoRiscossione>00102110455113779382</identificativoUnivocoRiscossione><singoloImportoPagato>60</singoloImportoPagato><codiceEsitoSingoloPagamento>0</codiceEsitoSingoloPagamento><dataEsitoSingoloPagamento>2016-04-11</dataEsitoSingoloPagamento></datiSingoliPagamenti></FlussoRiversamento>