<?xml version="1.0" encoding="UTF-8" standalone="yes"?>
<FlussoRiversamento xmlns="http://www.digitpa.gov.it/schemas/2011/Pagamenti/">
    <versioneOggetto>1.0</versioneOggetto>
    <identificativoFlusso>SCT2016041320400741110</identificativoFlusso>
    <dataOraFlusso>2016-04-13T08:00:20</dataOraFlusso>
    <identificativoUnivocoRegolamento>204007411106AGID480160001600IT</identificativoUnivocoRegolamento>
    <dataRegolamento>2016-04-13</dataRegolamento>
    <istitutoMittente>
        <identificativoUnivocoMittente>
            <tipoIdentificativoUnivoco>A</tipoIdentificativoUnivoco>
            <codiceIdentificativoUnivoco>05000</codiceIdentificativoUnivoco>
        </identificativoUnivocoMittente>
        <denominazioneMittente>ICBPI</denominazioneMittente>
    </istitutoMittente>
    <istitutoRicevente>
        <identificativoUnivocoRicevente>
            <tipoIdentificativoUnivoco>G</tipoIdentificativoUnivoco>
            <codiceIdentificativoUnivoco>00569890379</codiceIdentificativoUnivoco>
        </identificativoUnivocoRicevente>
        <denominazioneRicevente>99988            ERVET</denominazioneRicevente>
    </istitutoRicevente>
    <numeroTotalePagamenti>73</numeroTotalePagamenti>
    <importoTotalePagamenti>4345</importoTotalePagamenti>
    <datiSingoliPagamenti>
        <identificativoUnivocoVersamento>RF371928</identificativoUnivocoVersamento>
        <identificativoUnivocoRiscossione>0000000056269</identificativoUnivocoRiscossione>
        <singoloImportoPagato>15</singoloImportoPagato>
        <codiceEsitoSingoloPagamento>0</codiceEsitoSingoloPagamento>
        <dataEsitoSingoloPagamento>2016-04-12</dataEsitoSingoloPagamento>
    </datiSingoliPagamenti>
    <datiSingoliPagamenti>
        <identificativoUnivocoVersamento>RF911926</identificativoUnivocoVersamento>
        <identificativoUnivocoRiscossione>0000000056267</identificativoUnivocoRiscossione>
        <singoloImportoPagato>75</singoloImportoPagato>
        <codiceEsitoSingoloPagamento>0</codiceEsitoSingoloPagamento>
        <dataEsitoSingoloPagamento>2016-04-12</dataEsitoSingoloPagamento>
    </datiSingoliPagamenti>
    <datiSingoliPagamenti>
        <identificativoUnivocoVersamento>RF582132</identificativoUnivocoVersamento>
        <identificativoUnivocoRiscossione>0000000056394</identificativoUnivocoRiscossione>
        <singoloImportoPagato>50</singoloImportoPagato>
        <codiceEsitoSingoloPagamento>0</codiceEsitoSingoloPagamento>
        <dataEsitoSingoloPagamento>2016-04-12</dataEsitoSingoloPagamento>
    </datiSingoliPagamenti>
    <datiSingoliPagamenti>
        <identificativoUnivocoVersamento>RF271914</identificativoUnivocoVersamento>
        <identificativoUnivocoRiscossione>0000000056263</identificativoUnivocoRiscossione>
        <singoloImportoPagato>15</singoloImportoPagato>
        <codiceEsitoSingoloPagamento>0</codiceEsitoSingoloPagamento>
        <dataEsitoSingoloPagamento>2016-04-12</dataEsitoSingoloPagamento>
    </datiSingoliPagamenti>
    <datiSingoliPagamenti>
        <identificativoUnivocoVersamento>RF431917</identificativoUnivocoVersamento>
        <identificativoUnivocoRiscossione>0000000056264</identificativoUnivocoRiscossione>
        <singoloImportoPagato>45</singoloImportoPagato>
        <codiceEsitoSingoloPagamento>0</codiceEsitoSingoloPagamento>
        <dataEsitoSingoloPagamento>2016-04-12</dataEsitoSingoloPagamento>
    </datiSingoliPagamenti>
    <datiSingoliPagamenti>
        <identificativoUnivocoVersamento>RF151936</identificativoUnivocoVersamento>
        <identificativoUnivocoRiscossione>0000000056275</identificativoUnivocoRiscossione>
        <singoloImportoPagato>15</singoloImportoPagato>
        <codiceEsitoSingoloPagamento>0</codiceEsitoSingoloPagamento>
        <dataEsitoSingoloPagamento>2016-04-12</dataEsitoSingoloPagamento>
    </datiSingoliPagamenti>
    <datiSingoliPagamenti>
        <identificativoUnivocoVersamento>RF041940</identificativoUnivocoVersamento>
        <identificativoUnivocoRiscossione>0000000056276</identificativoUnivocoRiscossione>
        <singoloImportoPagato>15</singoloImportoPagato>
        <codiceEsitoSingoloPagamento>0</codiceEsitoSingoloPagamento>
        <dataEsitoSingoloPagamento>2016-04-12</dataEsitoSingoloPagamento>
    </datiSingoliPagamenti>
    <datiSingoliPagamenti>
        <identificativoUnivocoVersamento>RF471942</identificativoUnivocoVersamento>
        <identificativoUnivocoRiscossione>0000000056277</identificativoUnivocoRiscossione>
        <singoloImportoPagato>45</singoloImportoPagato>
        <codiceEsitoSingoloPagamento>0</codiceEsitoSingoloPagamento>
        <dataEsitoSingoloPagamento>2016-04-12</dataEsitoSingoloPagamento>
    </datiSingoliPagamenti>
    <datiSingoliPagamenti>
        <identificativoUnivocoVersamento>RF631945</identificativoUnivocoVersamento>
        <identificativoUnivocoRiscossione>0000000056279</identificativoUnivocoRiscossione>
        <singoloImportoPagato>15</singoloImportoPagato>
        <codiceEsitoSingoloPagamento>0</codiceEsitoSingoloPagamento>
        <dataEsitoSingoloPagamento>2016-04-12</dataEsitoSingoloPagamento>
    </datiSingoliPagamenti>
    <datiSingoliPagamenti>
        <identificativoUnivocoVersamento>RF251950</identificativoUnivocoVersamento>
        <identificativoUnivocoRiscossione>0000000056281</identificativoUnivocoRiscossione>
        <singoloImportoPagato>90</singoloImportoPagato>
        <codiceEsitoSingoloPagamento>0</codiceEsitoSingoloPagamento>
        <dataEsitoSingoloPagamento>2016-04-12</dataEsitoSingoloPagamento>
    </datiSingoliPagamenti>
    <datiSingoliPagamenti>
        <identificativoUnivocoVersamento>RF141954</identificativoUnivocoVersamento>
        <identificativoUnivocoRiscossione>0000000056284</identificativoUnivocoRiscossione>
        <singoloImportoPagato>150</singoloImportoPagato>
        <codiceEsitoSingoloPagamento>0</codiceEsitoSingoloPagamento>
        <dataEsitoSingoloPagamento>2016-04-12</dataEsitoSingoloPagamento>
    </datiSingoliPagamenti>
    <datiSingoliPagamenti>
        <identificativoUnivocoVersamento>RF841955</identificativoUnivocoVersamento>
        <identificativoUnivocoRiscossione>0000000056285</identificativoUnivocoRiscossione>
        <singoloImportoPagato>150</singoloImportoPagato>
        <codiceEsitoSingoloPagamento>0</codiceEsitoSingoloPagamento>
        <dataEsitoSingoloPagamento>2016-04-12</dataEsitoSingoloPagamento>
    </datiSingoliPagamenti>
    <datiSingoliPagamenti>
        <identificativoUnivocoVersamento>RF571956</identificativoUnivocoVersamento>
        <identificativoUnivocoRiscossione>0000000056286</identificativoUnivocoRiscossione>
        <singoloImportoPagato>70</singoloImportoPagato>
        <codiceEsitoSingoloPagamento>0</codiceEsitoSingoloPagamento>
        <dataEsitoSingoloPagamento>2016-04-12</dataEsitoSingoloPagamento>
    </datiSingoliPagamenti>
    <datiSingoliPagamenti>
        <identificativoUnivocoVersamento>RF191961</identificativoUnivocoVersamento>
        <identificativoUnivocoRiscossione>0000000056287</identificativoUnivocoRiscossione>
        <singoloImportoPagato>120</singoloImportoPagato>
        <codiceEsitoSingoloPagamento>0</codiceEsitoSingoloPagamento>
        <dataEsitoSingoloPagamento>2016-04-12</dataEsitoSingoloPagamento>
    </datiSingoliPagamenti>
    <datiSingoliPagamenti>
        <identificativoUnivocoVersamento>RF621963</identificativoUnivocoVersamento>
        <identificativoUnivocoRiscossione>0000000056288</identificativoUnivocoRiscossione>
        <singoloImportoPagato>185</singoloImportoPagato>
        <codiceEsitoSingoloPagamento>0</codiceEsitoSingoloPagamento>
        <dataEsitoSingoloPagamento>2016-04-12</dataEsitoSingoloPagamento>
    </datiSingoliPagamenti>
    <datiSingoliPagamenti>
        <identificativoUnivocoVersamento>RF821991</identificativoUnivocoVersamento>
        <identificativoUnivocoRiscossione>0000000056301</identificativoUnivocoRiscossione>
        <singoloImportoPagato>30</singoloImportoPagato>
        <codiceEsitoSingoloPagamento>0</codiceEsitoSingoloPagamento>
        <dataEsitoSingoloPagamento>2016-04-12</dataEsitoSingoloPagamento>
    </datiSingoliPagamenti>
    <datiSingoliPagamenti>
        <identificativoUnivocoVersamento>RF652006</identificativoUnivocoVersamento>
        <identificativoUnivocoRiscossione>0000000056307</identificativoUnivocoRiscossione>
        <singoloImportoPagato>150</singoloImportoPagato>
        <codiceEsitoSingoloPagamento>0</codiceEsitoSingoloPagamento>
        <dataEsitoSingoloPagamento>2016-04-12</dataEsitoSingoloPagamento>
    </datiSingoliPagamenti>
    <datiSingoliPagamenti>
        <identificativoUnivocoVersamento>RF272011</identificativoUnivocoVersamento>
        <identificativoUnivocoRiscossione>0000000056313</identificativoUnivocoRiscossione>
        <singoloImportoPagato>15</singoloImportoPagato>
        <codiceEsitoSingoloPagamento>0</codiceEsitoSingoloPagamento>
        <dataEsitoSingoloPagamento>2016-04-12</dataEsitoSingoloPagamento>
    </datiSingoliPagamenti>
    <datiSingoliPagamenti>
        <identificativoUnivocoVersamento>RF372025</identificativoUnivocoVersamento>
        <identificativoUnivocoRiscossione>0000000056319</identificativoUnivocoRiscossione>
        <singoloImportoPagato>150</singoloImportoPagato>
        <codiceEsitoSingoloPagamento>0</codiceEsitoSingoloPagamento>
        <dataEsitoSingoloPagamento>2016-04-12</dataEsitoSingoloPagamento>
    </datiSingoliPagamenti>
    <datiSingoliPagamenti>
        <identificativoUnivocoVersamento>RF852034</identificativoUnivocoVersamento>
        <identificativoUnivocoRiscossione>0000000056322</identificativoUnivocoRiscossione>
        <singoloImportoPagato>60</singoloImportoPagato>
        <codiceEsitoSingoloPagamento>0</codiceEsitoSingoloPagamento>
        <dataEsitoSingoloPagamento>2016-04-12</dataEsitoSingoloPagamento>
    </datiSingoliPagamenti>
    <datiSingoliPagamenti>
        <identificativoUnivocoVersamento>RF752020</identificativoUnivocoVersamento>
        <identificativoUnivocoRiscossione>0000000056316</identificativoUnivocoRiscossione>
        <singoloImportoPagato>15</singoloImportoPagato>
        <codiceEsitoSingoloPagamento>0</codiceEsitoSingoloPagamento>
        <dataEsitoSingoloPagamento>2016-04-12</dataEsitoSingoloPagamento>
    </datiSingoliPagamenti>
    <datiSingoliPagamenti>
        <identificativoUnivocoVersamento>RF312036</identificativoUnivocoVersamento>
        <identificativoUnivocoRiscossione>0000000056326</identificativoUnivocoRiscossione>
        <singoloImportoPagato>15</singoloImportoPagato>
        <codiceEsitoSingoloPagamento>0</codiceEsitoSingoloPagamento>
        <dataEsitoSingoloPagamento>2016-04-12</dataEsitoSingoloPagamento>
    </datiSingoliPagamenti>
    <datiSingoliPagamenti>
        <identificativoUnivocoVersamento>RF362043</identificativoUnivocoVersamento>
        <identificativoUnivocoRiscossione>0000000056330</identificativoUnivocoRiscossione>
        <singoloImportoPagato>60</singoloImportoPagato>
        <codiceEsitoSingoloPagamento>0</codiceEsitoSingoloPagamento>
        <dataEsitoSingoloPagamento>2016-04-12</dataEsitoSingoloPagamento>
    </datiSingoliPagamenti>
    <datiSingoliPagamenti>
        <identificativoUnivocoVersamento>RF952048</identificativoUnivocoVersamento>
        <identificativoUnivocoRiscossione>0000000056332</identificativoUnivocoRiscossione>
        <singoloImportoPagato>15</singoloImportoPagato>
        <codiceEsitoSingoloPagamento>0</codiceEsitoSingoloPagamento>
        <dataEsitoSingoloPagamento>2016-04-12</dataEsitoSingoloPagamento>
    </datiSingoliPagamenti>
    <datiSingoliPagamenti>
        <identificativoUnivocoVersamento>RF302054</identificativoUnivocoVersamento>
        <identificativoUnivocoRiscossione>0000000056338</identificativoUnivocoRiscossione>
        <singoloImportoPagato>30</singoloImportoPagato>
        <codiceEsitoSingoloPagamento>0</codiceEsitoSingoloPagamento>
        <dataEsitoSingoloPagamento>2016-04-12</dataEsitoSingoloPagamento>
    </datiSingoliPagamenti>
    <datiSingoliPagamenti>
        <identificativoUnivocoVersamento>RF622060</identificativoUnivocoVersamento>
        <identificativoUnivocoRiscossione>0000000056341</identificativoUnivocoRiscossione>
        <singoloImportoPagato>30</singoloImportoPagato>
        <codiceEsitoSingoloPagamento>0</codiceEsitoSingoloPagamento>
        <dataEsitoSingoloPagamento>2016-04-12</dataEsitoSingoloPagamento>
    </datiSingoliPagamenti>
    <datiSingoliPagamenti>
        <identificativoUnivocoVersamento>RF672067</identificativoUnivocoVersamento>
        <identificativoUnivocoRiscossione>0000000056342</identificativoUnivocoRiscossione>
        <singoloImportoPagato>150</singoloImportoPagato>
        <codiceEsitoSingoloPagamento>0</codiceEsitoSingoloPagamento>
        <dataEsitoSingoloPagamento>2016-04-12</dataEsitoSingoloPagamento>
    </datiSingoliPagamenti>
    <datiSingoliPagamenti>
        <identificativoUnivocoVersamento>RF292072</identificativoUnivocoVersamento>
        <identificativoUnivocoRiscossione>0000000056343</identificativoUnivocoRiscossione>
        <singoloImportoPagato>90</singoloImportoPagato>
        <codiceEsitoSingoloPagamento>0</codiceEsitoSingoloPagamento>
        <dataEsitoSingoloPagamento>2016-04-12</dataEsitoSingoloPagamento>
    </datiSingoliPagamenti>
    <datiSingoliPagamenti>
        <identificativoUnivocoVersamento>RF182076</identificativoUnivocoVersamento>
        <identificativoUnivocoRiscossione>0000000056346</identificativoUnivocoRiscossione>
        <singoloImportoPagato>45</singoloImportoPagato>
        <codiceEsitoSingoloPagamento>0</codiceEsitoSingoloPagamento>
        <dataEsitoSingoloPagamento>2016-04-12</dataEsitoSingoloPagamento>
    </datiSingoliPagamenti>
    <datiSingoliPagamenti>
        <identificativoUnivocoVersamento>RF392086</identificativoUnivocoVersamento>
        <identificativoUnivocoRiscossione>0000000056357</identificativoUnivocoRiscossione>
        <singoloImportoPagato>15</singoloImportoPagato>
        <codiceEsitoSingoloPagamento>0</codiceEsitoSingoloPagamento>
        <dataEsitoSingoloPagamento>2016-04-12</dataEsitoSingoloPagamento>
    </datiSingoliPagamenti>
    <datiSingoliPagamenti>
        <identificativoUnivocoVersamento>RF822088</identificativoUnivocoVersamento>
        <identificativoUnivocoRiscossione>0000000056362</identificativoUnivocoRiscossione>
        <singoloImportoPagato>90</singoloImportoPagato>
        <codiceEsitoSingoloPagamento>0</codiceEsitoSingoloPagamento>
        <dataEsitoSingoloPagamento>2016-04-12</dataEsitoSingoloPagamento>
    </datiSingoliPagamenti>
    <datiSingoliPagamenti>
        <identificativoUnivocoVersamento>RF602096</identificativoUnivocoVersamento>
        <identificativoUnivocoRiscossione>0000000056369</identificativoUnivocoRiscossione>
        <singoloImportoPagato>75</singoloImportoPagato>
        <codiceEsitoSingoloPagamento>0</codiceEsitoSingoloPagamento>
        <dataEsitoSingoloPagamento>2016-04-12</dataEsitoSingoloPagamento>
    </datiSingoliPagamenti>
    <datiSingoliPagamenti>
        <identificativoUnivocoVersamento>RF222101</identificativoUnivocoVersamento>
        <identificativoUnivocoRiscossione>0000000056373</identificativoUnivocoRiscossione>
        <singoloImportoPagato>15</singoloImportoPagato>
        <codiceEsitoSingoloPagamento>0</codiceEsitoSingoloPagamento>
        <dataEsitoSingoloPagamento>2016-04-12</dataEsitoSingoloPagamento>
    </datiSingoliPagamenti>
    <datiSingoliPagamenti>
        <identificativoUnivocoVersamento>RF112105</identificativoUnivocoVersamento>
        <identificativoUnivocoRiscossione>0000000056377</identificativoUnivocoRiscossione>
        <singoloImportoPagato>100</singoloImportoPagato>
        <codiceEsitoSingoloPagamento>0</codiceEsitoSingoloPagamento>
        <dataEsitoSingoloPagamento>2016-04-12</dataEsitoSingoloPagamento>
    </datiSingoliPagamenti>
    <datiSingoliPagamenti>
        <identificativoUnivocoVersamento>RF542107</identificativoUnivocoVersamento>
        <identificativoUnivocoRiscossione>0000000056379</identificativoUnivocoRiscossione>
        <singoloImportoPagato>15</singoloImportoPagato>
        <codiceEsitoSingoloPagamento>0</codiceEsitoSingoloPagamento>
        <dataEsitoSingoloPagamento>2016-04-12</dataEsitoSingoloPagamento>
    </datiSingoliPagamenti>
    <datiSingoliPagamenti>
        <identificativoUnivocoVersamento>RF212119</identificativoUnivocoVersamento>
        <identificativoUnivocoRiscossione>0000000056389</identificativoUnivocoRiscossione>
        <singoloImportoPagato>150</singoloImportoPagato>
        <codiceEsitoSingoloPagamento>0</codiceEsitoSingoloPagamento>
        <dataEsitoSingoloPagamento>2016-04-12</dataEsitoSingoloPagamento>
    </datiSingoliPagamenti>
    <datiSingoliPagamenti>
        <identificativoUnivocoVersamento>RF692128</identificativoUnivocoVersamento>
        <identificativoUnivocoRiscossione>0000000056391</identificativoUnivocoRiscossione>
        <singoloImportoPagato>15</singoloImportoPagato>
        <codiceEsitoSingoloPagamento>0</codiceEsitoSingoloPagamento>
        <dataEsitoSingoloPagamento>2016-04-12</dataEsitoSingoloPagamento>
    </datiSingoliPagamenti>
    <datiSingoliPagamenti>
        <identificativoUnivocoVersamento>RF542204</identificativoUnivocoVersamento>
        <identificativoUnivocoRiscossione>0000000056432</identificativoUnivocoRiscossione>
        <singoloImportoPagato>50</singoloImportoPagato>
        <codiceEsitoSingoloPagamento>0</codiceEsitoSingoloPagamento>
        <dataEsitoSingoloPagamento>2016-04-12</dataEsitoSingoloPagamento>
    </datiSingoliPagamenti>
    <datiSingoliPagamenti>
        <identificativoUnivocoVersamento>RF532222</identificativoUnivocoVersamento>
        <identificativoUnivocoRiscossione>0000000056436</identificativoUnivocoRiscossione>
        <singoloImportoPagato>30</singoloImportoPagato>
        <codiceEsitoSingoloPagamento>0</codiceEsitoSingoloPagamento>
        <dataEsitoSingoloPagamento>2016-04-12</dataEsitoSingoloPagamento>
    </datiSingoliPagamenti>
    <datiSingoliPagamenti>
        <identificativoUnivocoVersamento>RF852228</identificativoUnivocoVersamento>
        <identificativoUnivocoRiscossione>0000000056440</identificativoUnivocoRiscossione>
        <singoloImportoPagato>90</singoloImportoPagato>
        <codiceEsitoSingoloPagamento>0</codiceEsitoSingoloPagamento>
        <dataEsitoSingoloPagamento>2016-04-12</dataEsitoSingoloPagamento>
    </datiSingoliPagamenti>
    <datiSingoliPagamenti>
        <identificativoUnivocoVersamento>RF732250</identificativoUnivocoVersamento>
        <identificativoUnivocoRiscossione>0000000056452</identificativoUnivocoRiscossione>
        <singoloImportoPagato>90</singoloImportoPagato>
        <codiceEsitoSingoloPagamento>0</codiceEsitoSingoloPagamento>
        <dataEsitoSingoloPagamento>2016-04-12</dataEsitoSingoloPagamento>
    </datiSingoliPagamenti>
    <datiSingoliPagamenti>
        <identificativoUnivocoVersamento>RF462251</identificativoUnivocoVersamento>
        <identificativoUnivocoRiscossione>0000000056454</identificativoUnivocoRiscossione>
        <singoloImportoPagato>15</singoloImportoPagato>
        <codiceEsitoSingoloPagamento>0</codiceEsitoSingoloPagamento>
        <dataEsitoSingoloPagamento>2016-04-12</dataEsitoSingoloPagamento>
    </datiSingoliPagamenti>
    <datiSingoliPagamenti>
        <identificativoUnivocoVersamento>RF622254</identificativoUnivocoVersamento>
        <identificativoUnivocoRiscossione>0000000056455</identificativoUnivocoRiscossione>
        <singoloImportoPagato>45</singoloImportoPagato>
        <codiceEsitoSingoloPagamento>0</codiceEsitoSingoloPagamento>
        <dataEsitoSingoloPagamento>2016-04-12</dataEsitoSingoloPagamento>
    </datiSingoliPagamenti>
    <datiSingoliPagamenti>
        <identificativoUnivocoVersamento>RF352255</identificativoUnivocoVersamento>
        <identificativoUnivocoRiscossione>0000000056456</identificativoUnivocoRiscossione>
        <singoloImportoPagato>60</singoloImportoPagato>
        <codiceEsitoSingoloPagamento>0</codiceEsitoSingoloPagamento>
        <dataEsitoSingoloPagamento>2016-04-12</dataEsitoSingoloPagamento>
    </datiSingoliPagamenti>
    <datiSingoliPagamenti>
        <identificativoUnivocoVersamento>RF022267</identificativoUnivocoVersamento>
        <identificativoUnivocoRiscossione>0000000056463</identificativoUnivocoRiscossione>
        <singoloImportoPagato>45</singoloImportoPagato>
        <codiceEsitoSingoloPagamento>0</codiceEsitoSingoloPagamento>
        <dataEsitoSingoloPagamento>2016-04-12</dataEsitoSingoloPagamento>
    </datiSingoliPagamenti>
    <datiSingoliPagamenti>
        <identificativoUnivocoVersamento>RF822282</identificativoUnivocoVersamento>
        <identificativoUnivocoRiscossione>0000000056471</identificativoUnivocoRiscossione>
        <singoloImportoPagato>30</singoloImportoPagato>
        <codiceEsitoSingoloPagamento>0</codiceEsitoSingoloPagamento>
        <dataEsitoSingoloPagamento>2016-04-12</dataEsitoSingoloPagamento>
    </datiSingoliPagamenti>
    <datiSingoliPagamenti>
        <identificativoUnivocoVersamento>RF922296</identificativoUnivocoVersamento>
        <identificativoUnivocoRiscossione>0000000056479</identificativoUnivocoRiscossione>
        <singoloImportoPagato>45</singoloImportoPagato>
        <codiceEsitoSingoloPagamento>0</codiceEsitoSingoloPagamento>
        <dataEsitoSingoloPagamento>2016-04-12</dataEsitoSingoloPagamento>
    </datiSingoliPagamenti>
    <datiSingoliPagamenti>
        <identificativoUnivocoVersamento>RF812300</identificativoUnivocoVersamento>
        <identificativoUnivocoRiscossione>0000000056481</identificativoUnivocoRiscossione>
        <singoloImportoPagato>60</singoloImportoPagato>
        <codiceEsitoSingoloPagamento>0</codiceEsitoSingoloPagamento>
        <dataEsitoSingoloPagamento>2016-04-12</dataEsitoSingoloPagamento>
    </datiSingoliPagamenti>
    <datiSingoliPagamenti>
        <identificativoUnivocoVersamento>RF972303</identificativoUnivocoVersamento>
        <identificativoUnivocoRiscossione>0000000056486</identificativoUnivocoRiscossione>
        <singoloImportoPagato>30</singoloImportoPagato>
        <codiceEsitoSingoloPagamento>0</codiceEsitoSingoloPagamento>
        <dataEsitoSingoloPagamento>2016-04-12</dataEsitoSingoloPagamento>
    </datiSingoliPagamenti>
    <datiSingoliPagamenti>
        <identificativoUnivocoVersamento>RF162306</identificativoUnivocoVersamento>
        <identificativoUnivocoRiscossione>0000000056489</identificativoUnivocoRiscossione>
        <singoloImportoPagato>15</singoloImportoPagato>
        <codiceEsitoSingoloPagamento>0</codiceEsitoSingoloPagamento>
        <dataEsitoSingoloPagamento>2016-04-12</dataEsitoSingoloPagamento>
    </datiSingoliPagamenti>
    <datiSingoliPagamenti>
        <identificativoUnivocoVersamento>RF862307</identificativoUnivocoVersamento>
        <identificativoUnivocoRiscossione>0000000056490</identificativoUnivocoRiscossione>
        <singoloImportoPagato>15</singoloImportoPagato>
        <codiceEsitoSingoloPagamento>0</codiceEsitoSingoloPagamento>
        <dataEsitoSingoloPagamento>2016-04-12</dataEsitoSingoloPagamento>
    </datiSingoliPagamenti>
    <datiSingoliPagamenti>
        <identificativoUnivocoVersamento>RF802318</identificativoUnivocoVersamento>
        <identificativoUnivocoRiscossione>0000000056495</identificativoUnivocoRiscossione>
        <singoloImportoPagato>15</singoloImportoPagato>
        <codiceEsitoSingoloPagamento>0</codiceEsitoSingoloPagamento>
        <dataEsitoSingoloPagamento>2016-04-12</dataEsitoSingoloPagamento>
    </datiSingoliPagamenti>
    <datiSingoliPagamenti>
        <identificativoUnivocoVersamento>RF532319</identificativoUnivocoVersamento>
        <identificativoUnivocoRiscossione>0000000056496</identificativoUnivocoRiscossione>
        <singoloImportoPagato>90</singoloImportoPagato>
        <codiceEsitoSingoloPagamento>0</codiceEsitoSingoloPagamento>
        <dataEsitoSingoloPagamento>2016-04-12</dataEsitoSingoloPagamento>
    </datiSingoliPagamenti>
    <datiSingoliPagamenti>
        <identificativoUnivocoVersamento>RF962321</identificativoUnivocoVersamento>
        <identificativoUnivocoRiscossione>0000000056497</identificativoUnivocoRiscossione>
        <singoloImportoPagato>15</singoloImportoPagato>
        <codiceEsitoSingoloPagamento>0</codiceEsitoSingoloPagamento>
        <dataEsitoSingoloPagamento>2016-04-12</dataEsitoSingoloPagamento>
    </datiSingoliPagamenti>
    <datiSingoliPagamenti>
        <identificativoUnivocoVersamento>RF472330</identificativoUnivocoVersamento>
        <identificativoUnivocoRiscossione>0000000056500</identificativoUnivocoRiscossione>
        <singoloImportoPagato>30</singoloImportoPagato>
        <codiceEsitoSingoloPagamento>0</codiceEsitoSingoloPagamento>
        <dataEsitoSingoloPagamento>2016-04-12</dataEsitoSingoloPagamento>
    </datiSingoliPagamenti>
    <datiSingoliPagamenti>
        <identificativoUnivocoVersamento>RF522337</identificativoUnivocoVersamento>
        <identificativoUnivocoRiscossione>0000000056502</identificativoUnivocoRiscossione>
        <singoloImportoPagato>120</singoloImportoPagato>
        <codiceEsitoSingoloPagamento>0</codiceEsitoSingoloPagamento>
        <dataEsitoSingoloPagamento>2016-04-12</dataEsitoSingoloPagamento>
    </datiSingoliPagamenti>
    <datiSingoliPagamenti>
        <identificativoUnivocoVersamento>RF412341</identificativoUnivocoVersamento>
        <identificativoUnivocoRiscossione>0000000056506</identificativoUnivocoRiscossione>
        <singoloImportoPagato>30</singoloImportoPagato>
        <codiceEsitoSingoloPagamento>0</codiceEsitoSingoloPagamento>
        <dataEsitoSingoloPagamento>2016-04-12</dataEsitoSingoloPagamento>
    </datiSingoliPagamenti>
    <datiSingoliPagamenti>
        <identificativoUnivocoVersamento>RF452366</identificativoUnivocoVersamento>
        <identificativoUnivocoRiscossione>0000000056517</identificativoUnivocoRiscossione>
        <singoloImportoPagato>100</singoloImportoPagato>
        <codiceEsitoSingoloPagamento>0</codiceEsitoSingoloPagamento>
        <dataEsitoSingoloPagamento>2016-04-12</dataEsitoSingoloPagamento>
    </datiSingoliPagamenti>
    <datiSingoliPagamenti>
        <identificativoUnivocoVersamento>RF182367</identificativoUnivocoVersamento>
        <identificativoUnivocoRiscossione>0000000056518</identificativoUnivocoRiscossione>
        <singoloImportoPagato>45</singoloImportoPagato>
        <codiceEsitoSingoloPagamento>0</codiceEsitoSingoloPagamento>
        <dataEsitoSingoloPagamento>2016-04-12</dataEsitoSingoloPagamento>
    </datiSingoliPagamenti>
    <datiSingoliPagamenti>
        <identificativoUnivocoVersamento>RF342370</identificativoUnivocoVersamento>
        <identificativoUnivocoRiscossione>0000000056519</identificativoUnivocoRiscossione>
        <singoloImportoPagato>30</singoloImportoPagato>
        <codiceEsitoSingoloPagamento>0</codiceEsitoSingoloPagamento>
        <dataEsitoSingoloPagamento>2016-04-12</dataEsitoSingoloPagamento>
    </datiSingoliPagamenti>
    <datiSingoliPagamenti>
        <identificativoUnivocoVersamento>RF792142</identificativoUnivocoVersamento>
        <identificativoUnivocoRiscossione>0000000056397</identificativoUnivocoRiscossione>
        <singoloImportoPagato>45</singoloImportoPagato>
        <codiceEsitoSingoloPagamento>0</codiceEsitoSingoloPagamento>
        <dataEsitoSingoloPagamento>2016-04-12</dataEsitoSingoloPagamento>
    </datiSingoliPagamenti>
    <datiSingoliPagamenti>
        <identificativoUnivocoVersamento>RF302151</identificativoUnivocoVersamento>
        <identificativoUnivocoRiscossione>0000000056399</identificativoUnivocoRiscossione>
        <singoloImportoPagato>50</singoloImportoPagato>
        <codiceEsitoSingoloPagamento>0</codiceEsitoSingoloPagamento>
        <dataEsitoSingoloPagamento>2016-04-12</dataEsitoSingoloPagamento>
    </datiSingoliPagamenti>
    <datiSingoliPagamenti>
        <identificativoUnivocoVersamento>RF032152</identificativoUnivocoVersamento>
        <identificativoUnivocoRiscossione>0000000056400</identificativoUnivocoRiscossione>
        <singoloImportoPagato>60</singoloImportoPagato>
        <codiceEsitoSingoloPagamento>0</codiceEsitoSingoloPagamento>
        <dataEsitoSingoloPagamento>2016-04-12</dataEsitoSingoloPagamento>
    </datiSingoliPagamenti>
    <datiSingoliPagamenti>
        <identificativoUnivocoVersamento>RF732153</identificativoUnivocoVersamento>
        <identificativoUnivocoRiscossione>0000000056401</identificativoUnivocoRiscossione>
        <singoloImportoPagato>150</singoloImportoPagato>
        <codiceEsitoSingoloPagamento>0</codiceEsitoSingoloPagamento>
        <dataEsitoSingoloPagamento>2016-04-12</dataEsitoSingoloPagamento>
    </datiSingoliPagamenti>
    <datiSingoliPagamenti>
        <identificativoUnivocoVersamento>RF242162</identificativoUnivocoVersamento>
        <identificativoUnivocoRiscossione>0000000056403</identificativoUnivocoRiscossione>
        <singoloImportoPagato>15</singoloImportoPagato>
        <codiceEsitoSingoloPagamento>0</codiceEsitoSingoloPagamento>
        <dataEsitoSingoloPagamento>2016-04-12</dataEsitoSingoloPagamento>
    </datiSingoliPagamenti>
    <datiSingoliPagamenti>
        <identificativoUnivocoVersamento>RF022170</identificativoUnivocoVersamento>
        <identificativoUnivocoRiscossione>0000000056408</identificativoUnivocoRiscossione>
        <singoloImportoPagato>60</singoloImportoPagato>
        <codiceEsitoSingoloPagamento>0</codiceEsitoSingoloPagamento>
        <dataEsitoSingoloPagamento>2016-04-12</dataEsitoSingoloPagamento>
    </datiSingoliPagamenti>
    <datiSingoliPagamenti>
        <identificativoUnivocoVersamento>RF452172</identificativoUnivocoVersamento>
        <identificativoUnivocoRiscossione>0000000056410</identificativoUnivocoRiscossione>
        <singoloImportoPagato>15</singoloImportoPagato>
        <codiceEsitoSingoloPagamento>0</codiceEsitoSingoloPagamento>
        <dataEsitoSingoloPagamento>2016-04-12</dataEsitoSingoloPagamento>
    </datiSingoliPagamenti>
    <datiSingoliPagamenti>
        <identificativoUnivocoVersamento>RF882174</identificativoUnivocoVersamento>
        <identificativoUnivocoRiscossione>0000000056416</identificativoUnivocoRiscossione>
        <singoloImportoPagato>60</singoloImportoPagato>
        <codiceEsitoSingoloPagamento>0</codiceEsitoSingoloPagamento>
        <dataEsitoSingoloPagamento>2016-04-12</dataEsitoSingoloPagamento>
    </datiSingoliPagamenti>
    <datiSingoliPagamenti>
        <identificativoUnivocoVersamento>RF982188</identificativoUnivocoVersamento>
        <identificativoUnivocoRiscossione>0000000056422</identificativoUnivocoRiscossione>
        <singoloImportoPagato>150</singoloImportoPagato>
        <codiceEsitoSingoloPagamento>0</codiceEsitoSingoloPagamento>
        <dataEsitoSingoloPagamento>2016-04-12</dataEsitoSingoloPagamento>
    </datiSingoliPagamenti>
    <datiSingoliPagamenti>
        <identificativoUnivocoVersamento>RF812397</identificativoUnivocoVersamento>
        <identificativoUnivocoRiscossione>0000000056560</identificativoUnivocoRiscossione>
        <singoloImportoPagato>15</singoloImportoPagato>
        <codiceEsitoSingoloPagamento>0</codiceEsitoSingoloPagamento>
        <dataEsitoSingoloPagamento>2016-04-12</dataEsitoSingoloPagamento>
    </datiSingoliPagamenti>
    <datiSingoliPagamenti>
        <identificativoUnivocoVersamento>RF492391</identificativoUnivocoVersamento>
        <identificativoUnivocoRiscossione>0000000056558</identificativoUnivocoRiscossione>
        <singoloImportoPagato>35</singoloImportoPagato>
        <codiceEsitoSingoloPagamento>0</codiceEsitoSingoloPagamento>
        <dataEsitoSingoloPagamento>2016-04-12</dataEsitoSingoloPagamento>
    </datiSingoliPagamenti>
    <datiSingoliPagamenti>
        <identificativoUnivocoVersamento>RF392377</identificativoUnivocoVersamento>
        <identificativoUnivocoRiscossione>0000000056529</identificativoUnivocoRiscossione>
        <singoloImportoPagato>150</singoloImportoPagato>
        <codiceEsitoSingoloPagamento>0</codiceEsitoSingoloPagamento>
        <dataEsitoSingoloPagamento>2016-04-12</dataEsitoSingoloPagamento>
    </datiSingoliPagamenti>
    <datiSingoliPagamenti>
        <identificativoUnivocoVersamento>RF932375</identificativoUnivocoVersamento>
        <identificativoUnivocoRiscossione>0000000056526</identificativoUnivocoRiscossione>
        <singoloImportoPagato>60</singoloImportoPagato>
        <codiceEsitoSingoloPagamento>0</codiceEsitoSingoloPagamento>
        <dataEsitoSingoloPagamento>2016-04-12</dataEsitoSingoloPagamento>
    </datiSingoliPagamenti>
</FlussoRiversamento>
