<?xml version="1.0" encoding="UTF-8"?>
<pay_i:FlussoRiversamento xmlns:pay_i="http://www.digitpa.gov.it/schemas/2011/Pagamenti/" xmlns:xsi="http://www.w3.org/2001/XMLSchema-instance" xsi:schemaLocation="/opt/proctele/resources/FlussoRiversamento_1_0_2.xsd"><pay_i:versioneOggetto>1.0</pay_i:versioneOggetto><pay_i:identificativoFlusso>160409007</pay_i:identificativoFlusso><pay_i:dataOraFlusso>2016-04-12T02:30:29</pay_i:dataOraFlusso><pay_i:identificativoUnivocoRegolamento>0306927406596302489999999999IT</pay_i:identificativoUnivocoRegolamento><pay_i:dataRegolamento>2016-04-09</pay_i:dataRegolamento><pay_i:istitutoMittente><pay_i:identificativoUnivocoMittente><pay_i:tipoIdentificativoUnivoco>B</pay_i:tipoIdentificativoUnivoco><pay_i:codiceIdentificativoUnivoco>BCITITMM</pay_i:codiceIdentificativoUnivoco></pay_i:identificativoUnivocoMittente><pay_i:denominazioneMittente>Intesa Sanpaolo</pay_i:denominazioneMittente></pay_i:istitutoMittente><pay_i:istitutoRicevente><pay_i:identificativoUnivocoRicevente><pay_i:tipoIdentificativoUnivoco>G</pay_i:tipoIdentificativoUnivoco><pay_i:codiceIdentificativoUnivoco>00569890379</pay_i:codiceIdentificativoUnivoco></pay_i:identificativoUnivocoRicevente><pay_i:denominazioneRicevente>[99988          ] ERVET </pay_i:denominazioneRicevente></pay_i:istitutoRicevente><pay_i:numeroTotalePagamenti>65</pay_i:numeroTotalePagamenti><pay_i:importoTotalePagamenti>4380.00</pay_i:importoTotalePagamenti><pay_i:datiSingoliPagamenti><pay_i:identificativoUnivocoVersamento>RF161142</pay_i:identificativoUnivocoVersamento><pay_i:identificativoUnivocoRiscossione>146009765103047841</pay_i:identificativoUnivocoRiscossione><pay_i:singoloImportoPagato>15</pay_i:singoloImportoPagato><pay_i:codiceEsitoSingoloPagamento>0</pay_i:codiceEsitoSingoloPagamento><pay_i:dataEsitoSingoloPagamento>2016-04-08</pay_i:dataEsitoSingoloPagamento></pay_i:datiSingoliPagamenti><pay_i:datiSingoliPagamenti><pay_i:identificativoUnivocoVersamento>RF681176</pay_i:identificativoUnivocoVersamento><pay_i:identificativoUnivocoRiscossione>146010031026047981</pay_i:identificativoUnivocoRiscossione><pay_i:singoloImportoPagato>15</pay_i:singoloImportoPagato><pay_i:codiceEsitoSingoloPagamento>0</pay_i:codiceEsitoSingoloPagamento><pay_i:dataEsitoSingoloPagamento>2016-04-08</pay_i:dataEsitoSingoloPagamento></pay_i:datiSingoliPagamenti><pay_i:datiSingoliPagamenti><pay_i:identificativoUnivocoVersamento>RF371249</pay_i:identificativoUnivocoVersamento><pay_i:identificativoUnivocoRiscossione>146010339972948281</pay_i:identificativoUnivocoRiscossione><pay_i:singoloImportoPagato>90</pay_i:singoloImportoPagato><pay_i:codiceEsitoSingoloPagamento>0</pay_i:codiceEsitoSingoloPagamento><pay_i:dataEsitoSingoloPagamento>2016-04-08</pay_i:dataEsitoSingoloPagamento></pay_i:datiSingoliPagamenti><pay_i:datiSingoliPagamenti><pay_i:identificativoUnivocoVersamento>RF041261</pay_i:identificativoUnivocoVersamento><pay_i:identificativoUnivocoRiscossione>146010410903722901</pay_i:identificativoUnivocoRiscossione><pay_i:singoloImportoPagato>15</pay_i:singoloImportoPagato><pay_i:codiceEsitoSingoloPagamento>0</pay_i:codiceEsitoSingoloPagamento><pay_i:dataEsitoSingoloPagamento>2016-04-08</pay_i:dataEsitoSingoloPagamento></pay_i:datiSingoliPagamenti><pay_i:datiSingoliPagamenti><pay_i:identificativoUnivocoVersamento>RF791269</pay_i:identificativoUnivocoVersamento><pay_i:identificativoUnivocoRiscossione>146010436375148371</pay_i:identificativoUnivocoRiscossione><pay_i:singoloImportoPagato>45</pay_i:singoloImportoPagato><pay_i:codiceEsitoSingoloPagamento>0</pay_i:codiceEsitoSingoloPagamento><pay_i:dataEsitoSingoloPagamento>2016-04-08</pay_i:dataEsitoSingoloPagamento></pay_i:datiSingoliPagamenti><pay_i:datiSingoliPagamenti><pay_i:identificativoUnivocoVersamento>RF191282</pay_i:identificativoUnivocoVersamento><pay_i:identificativoUnivocoRiscossione>146010471331048401</pay_i:identificativoUnivocoRiscossione><pay_i:singoloImportoPagato>15</pay_i:singoloImportoPagato><pay_i:codiceEsitoSingoloPagamento>0</pay_i:codiceEsitoSingoloPagamento><pay_i:dataEsitoSingoloPagamento>2016-04-08</pay_i:dataEsitoSingoloPagamento></pay_i:datiSingoliPagamenti><pay_i:datiSingoliPagamenti><pay_i:identificativoUnivocoVersamento>RF391310</pay_i:identificativoUnivocoVersamento><pay_i:identificativoUnivocoRiscossione>146010598629322961</pay_i:identificativoUnivocoRiscossione><pay_i:singoloImportoPagato>150</pay_i:singoloImportoPagato><pay_i:codiceEsitoSingoloPagamento>0</pay_i:codiceEsitoSingoloPagamento><pay_i:dataEsitoSingoloPagamento>2016-04-08</pay_i:dataEsitoSingoloPagamento></pay_i:datiSingoliPagamenti><pay_i:datiSingoliPagamenti><pay_i:identificativoUnivocoVersamento>RF441317</pay_i:identificativoUnivocoVersamento><pay_i:identificativoUnivocoRiscossione>146010642771148531</pay_i:identificativoUnivocoRiscossione><pay_i:singoloImportoPagato>90</pay_i:singoloImportoPagato><pay_i:codiceEsitoSingoloPagamento>0</pay_i:codiceEsitoSingoloPagamento><pay_i:dataEsitoSingoloPagamento>2016-04-08</pay_i:dataEsitoSingoloPagamento></pay_i:datiSingoliPagamenti><pay_i:datiSingoliPagamenti><pay_i:identificativoUnivocoVersamento>RF581356</pay_i:identificativoUnivocoVersamento><pay_i:identificativoUnivocoRiscossione>146010881383823041</pay_i:identificativoUnivocoRiscossione><pay_i:singoloImportoPagato>15</pay_i:singoloImportoPagato><pay_i:codiceEsitoSingoloPagamento>0</pay_i:codiceEsitoSingoloPagamento><pay_i:dataEsitoSingoloPagamento>2016-04-08</pay_i:dataEsitoSingoloPagamento></pay_i:datiSingoliPagamenti><pay_i:datiSingoliPagamenti><pay_i:identificativoUnivocoVersamento>RF791463</pay_i:identificativoUnivocoVersamento><pay_i:identificativoUnivocoRiscossione>146011934494549501</pay_i:identificativoUnivocoRiscossione><pay_i:singoloImportoPagato>100</pay_i:singoloImportoPagato><pay_i:codiceEsitoSingoloPagamento>0</pay_i:codiceEsitoSingoloPagamento><pay_i:dataEsitoSingoloPagamento>2016-04-08</pay_i:dataEsitoSingoloPagamento></pay_i:datiSingoliPagamenti><pay_i:datiSingoliPagamenti><pay_i:identificativoUnivocoVersamento>RF431529</pay_i:identificativoUnivocoVersamento><pay_i:identificativoUnivocoRiscossione>146012380330149721</pay_i:identificativoUnivocoRiscossione><pay_i:singoloImportoPagato>30</pay_i:singoloImportoPagato><pay_i:codiceEsitoSingoloPagamento>0</pay_i:codiceEsitoSingoloPagamento><pay_i:dataEsitoSingoloPagamento>2016-04-08</pay_i:dataEsitoSingoloPagamento></pay_i:datiSingoliPagamenti><pay_i:datiSingoliPagamenti><pay_i:identificativoUnivocoVersamento>RF251174</pay_i:identificativoUnivocoVersamento><pay_i:identificativoUnivocoRiscossione>146010036475748001</pay_i:identificativoUnivocoRiscossione><pay_i:singoloImportoPagato>45</pay_i:singoloImportoPagato><pay_i:codiceEsitoSingoloPagamento>0</pay_i:codiceEsitoSingoloPagamento><pay_i:dataEsitoSingoloPagamento>2016-04-08</pay_i:dataEsitoSingoloPagamento></pay_i:datiSingoliPagamenti><pay_i:datiSingoliPagamenti><pay_i:identificativoUnivocoVersamento>RF511191</pay_i:identificativoUnivocoVersamento><pay_i:identificativoUnivocoRiscossione>146010099311948051</pay_i:identificativoUnivocoRiscossione><pay_i:singoloImportoPagato>150</pay_i:singoloImportoPagato><pay_i:codiceEsitoSingoloPagamento>0</pay_i:codiceEsitoSingoloPagamento><pay_i:dataEsitoSingoloPagamento>2016-04-08</pay_i:dataEsitoSingoloPagamento></pay_i:datiSingoliPagamenti><pay_i:datiSingoliPagamenti><pay_i:identificativoUnivocoVersamento>RF131196</pay_i:identificativoUnivocoVersamento><pay_i:identificativoUnivocoRiscossione>146010108011448071</pay_i:identificativoUnivocoRiscossione><pay_i:singoloImportoPagato>50</pay_i:singoloImportoPagato><pay_i:codiceEsitoSingoloPagamento>0</pay_i:codiceEsitoSingoloPagamento><pay_i:dataEsitoSingoloPagamento>2016-04-08</pay_i:dataEsitoSingoloPagamento></pay_i:datiSingoliPagamenti><pay_i:datiSingoliPagamenti><pay_i:identificativoUnivocoVersamento>RF831197</pay_i:identificativoUnivocoVersamento><pay_i:identificativoUnivocoRiscossione>146010115639222831</pay_i:identificativoUnivocoRiscossione><pay_i:singoloImportoPagato>30</pay_i:singoloImportoPagato><pay_i:codiceEsitoSingoloPagamento>0</pay_i:codiceEsitoSingoloPagamento><pay_i:dataEsitoSingoloPagamento>2016-04-08</pay_i:dataEsitoSingoloPagamento></pay_i:datiSingoliPagamenti><pay_i:datiSingoliPagamenti><pay_i:identificativoUnivocoVersamento>RF781190</pay_i:identificativoUnivocoVersamento><pay_i:identificativoUnivocoRiscossione>146010165768448121</pay_i:identificativoUnivocoRiscossione><pay_i:singoloImportoPagato>15</pay_i:singoloImportoPagato><pay_i:codiceEsitoSingoloPagamento>0</pay_i:codiceEsitoSingoloPagamento><pay_i:dataEsitoSingoloPagamento>2016-04-08</pay_i:dataEsitoSingoloPagamento></pay_i:datiSingoliPagamenti><pay_i:datiSingoliPagamenti><pay_i:identificativoUnivocoVersamento>RF501209</pay_i:identificativoUnivocoVersamento><pay_i:identificativoUnivocoRiscossione>146010196634722851</pay_i:identificativoUnivocoRiscossione><pay_i:singoloImportoPagato>15</pay_i:singoloImportoPagato><pay_i:codiceEsitoSingoloPagamento>0</pay_i:codiceEsitoSingoloPagamento><pay_i:dataEsitoSingoloPagamento>2016-04-08</pay_i:dataEsitoSingoloPagamento></pay_i:datiSingoliPagamenti><pay_i:datiSingoliPagamenti><pay_i:identificativoUnivocoVersamento>RF821215</pay_i:identificativoUnivocoVersamento><pay_i:identificativoUnivocoRiscossione>146010213451348181</pay_i:identificativoUnivocoRiscossione><pay_i:singoloImportoPagato>150</pay_i:singoloImportoPagato><pay_i:codiceEsitoSingoloPagamento>0</pay_i:codiceEsitoSingoloPagamento><pay_i:dataEsitoSingoloPagamento>2016-04-08</pay_i:dataEsitoSingoloPagamento></pay_i:datiSingoliPagamenti><pay_i:datiSingoliPagamenti><pay_i:identificativoUnivocoVersamento>RF861240</pay_i:identificativoUnivocoVersamento><pay_i:identificativoUnivocoRiscossione>146010290798422881</pay_i:identificativoUnivocoRiscossione><pay_i:singoloImportoPagato>75</pay_i:singoloImportoPagato><pay_i:codiceEsitoSingoloPagamento>0</pay_i:codiceEsitoSingoloPagamento><pay_i:dataEsitoSingoloPagamento>2016-04-08</pay_i:dataEsitoSingoloPagamento></pay_i:datiSingoliPagamenti><pay_i:datiSingoliPagamenti><pay_i:identificativoUnivocoVersamento>RF841276</pay_i:identificativoUnivocoVersamento><pay_i:identificativoUnivocoRiscossione>146010460830948391</pay_i:identificativoUnivocoRiscossione><pay_i:singoloImportoPagato>15</pay_i:singoloImportoPagato><pay_i:codiceEsitoSingoloPagamento>0</pay_i:codiceEsitoSingoloPagamento><pay_i:dataEsitoSingoloPagamento>2016-04-08</pay_i:dataEsitoSingoloPagamento></pay_i:datiSingoliPagamenti><pay_i:datiSingoliPagamenti><pay_i:identificativoUnivocoVersamento>RF401292</pay_i:identificativoUnivocoVersamento><pay_i:identificativoUnivocoRiscossione>146010506966822931</pay_i:identificativoUnivocoRiscossione><pay_i:singoloImportoPagato>120</pay_i:singoloImportoPagato><pay_i:codiceEsitoSingoloPagamento>0</pay_i:codiceEsitoSingoloPagamento><pay_i:dataEsitoSingoloPagamento>2016-04-08</pay_i:dataEsitoSingoloPagamento></pay_i:datiSingoliPagamenti><pay_i:datiSingoliPagamenti><pay_i:identificativoUnivocoVersamento>RF171318</pay_i:identificativoUnivocoVersamento><pay_i:identificativoUnivocoRiscossione>146010621657948481</pay_i:identificativoUnivocoRiscossione><pay_i:singoloImportoPagato>75</pay_i:singoloImportoPagato><pay_i:codiceEsitoSingoloPagamento>0</pay_i:codiceEsitoSingoloPagamento><pay_i:dataEsitoSingoloPagamento>2016-04-08</pay_i:dataEsitoSingoloPagamento></pay_i:datiSingoliPagamenti><pay_i:datiSingoliPagamenti><pay_i:identificativoUnivocoVersamento>RF871319</pay_i:identificativoUnivocoVersamento><pay_i:identificativoUnivocoRiscossione>146010634538748501</pay_i:identificativoUnivocoRiscossione><pay_i:singoloImportoPagato>60</pay_i:singoloImportoPagato><pay_i:codiceEsitoSingoloPagamento>0</pay_i:codiceEsitoSingoloPagamento><pay_i:dataEsitoSingoloPagamento>2016-04-08</pay_i:dataEsitoSingoloPagamento></pay_i:datiSingoliPagamenti><pay_i:datiSingoliPagamenti><pay_i:identificativoUnivocoVersamento>RF761323</pay_i:identificativoUnivocoVersamento><pay_i:identificativoUnivocoRiscossione>146010634604123001</pay_i:identificativoUnivocoRiscossione><pay_i:singoloImportoPagato>15</pay_i:singoloImportoPagato><pay_i:codiceEsitoSingoloPagamento>0</pay_i:codiceEsitoSingoloPagamento><pay_i:dataEsitoSingoloPagamento>2016-04-08</pay_i:dataEsitoSingoloPagamento></pay_i:datiSingoliPagamenti><pay_i:datiSingoliPagamenti><pay_i:identificativoUnivocoVersamento>RF101347</pay_i:identificativoUnivocoVersamento><pay_i:identificativoUnivocoRiscossione>146010843010948591</pay_i:identificativoUnivocoRiscossione><pay_i:singoloImportoPagato>150</pay_i:singoloImportoPagato><pay_i:codiceEsitoSingoloPagamento>0</pay_i:codiceEsitoSingoloPagamento><pay_i:dataEsitoSingoloPagamento>2016-04-08</pay_i:dataEsitoSingoloPagamento></pay_i:datiSingoliPagamenti><pay_i:datiSingoliPagamenti><pay_i:identificativoUnivocoVersamento>RF671388</pay_i:identificativoUnivocoVersamento><pay_i:identificativoUnivocoRiscossione>146011126425048981</pay_i:identificativoUnivocoRiscossione><pay_i:singoloImportoPagato>150</pay_i:singoloImportoPagato><pay_i:codiceEsitoSingoloPagamento>0</pay_i:codiceEsitoSingoloPagamento><pay_i:dataEsitoSingoloPagamento>2016-04-08</pay_i:dataEsitoSingoloPagamento></pay_i:datiSingoliPagamenti><pay_i:datiSingoliPagamenti><pay_i:identificativoUnivocoVersamento>RF111426</pay_i:identificativoUnivocoVersamento><pay_i:identificativoUnivocoRiscossione>146011360686849261</pay_i:identificativoUnivocoRiscossione><pay_i:singoloImportoPagato>15</pay_i:singoloImportoPagato><pay_i:codiceEsitoSingoloPagamento>0</pay_i:codiceEsitoSingoloPagamento><pay_i:dataEsitoSingoloPagamento>2016-04-08</pay_i:dataEsitoSingoloPagamento></pay_i:datiSingoliPagamenti><pay_i:datiSingoliPagamenti><pay_i:identificativoUnivocoVersamento>RF381425</pay_i:identificativoUnivocoVersamento><pay_i:identificativoUnivocoRiscossione>146011367997449271</pay_i:identificativoUnivocoRiscossione><pay_i:singoloImportoPagato>150</pay_i:singoloImportoPagato><pay_i:codiceEsitoSingoloPagamento>0</pay_i:codiceEsitoSingoloPagamento><pay_i:dataEsitoSingoloPagamento>2016-04-08</pay_i:dataEsitoSingoloPagamento></pay_i:datiSingoliPagamenti><pay_i:datiSingoliPagamenti><pay_i:identificativoUnivocoVersamento>RF811427</pay_i:identificativoUnivocoVersamento><pay_i:identificativoUnivocoRiscossione>146011385828723181</pay_i:identificativoUnivocoRiscossione><pay_i:singoloImportoPagato>15</pay_i:singoloImportoPagato><pay_i:codiceEsitoSingoloPagamento>0</pay_i:codiceEsitoSingoloPagamento><pay_i:dataEsitoSingoloPagamento>2016-04-08</pay_i:dataEsitoSingoloPagamento></pay_i:datiSingoliPagamenti><pay_i:datiSingoliPagamenti><pay_i:identificativoUnivocoVersamento>RF861434</pay_i:identificativoUnivocoVersamento><pay_i:identificativoUnivocoRiscossione>146011537292249371</pay_i:identificativoUnivocoRiscossione><pay_i:singoloImportoPagato>15</pay_i:singoloImportoPagato><pay_i:codiceEsitoSingoloPagamento>0</pay_i:codiceEsitoSingoloPagamento><pay_i:dataEsitoSingoloPagamento>2016-04-08</pay_i:dataEsitoSingoloPagamento></pay_i:datiSingoliPagamenti><pay_i:datiSingoliPagamenti><pay_i:identificativoUnivocoVersamento>RF831100</pay_i:identificativoUnivocoVersamento><pay_i:identificativoUnivocoRiscossione>146006871174647751</pay_i:identificativoUnivocoRiscossione><pay_i:singoloImportoPagato>15</pay_i:singoloImportoPagato><pay_i:codiceEsitoSingoloPagamento>0</pay_i:codiceEsitoSingoloPagamento><pay_i:dataEsitoSingoloPagamento>2016-04-08</pay_i:dataEsitoSingoloPagamento></pay_i:datiSingoliPagamenti><pay_i:datiSingoliPagamenti><pay_i:identificativoUnivocoVersamento>RF061128</pay_i:identificativoUnivocoVersamento><pay_i:identificativoUnivocoRiscossione>146009653871722791</pay_i:identificativoUnivocoRiscossione><pay_i:singoloImportoPagato>45</pay_i:singoloImportoPagato><pay_i:codiceEsitoSingoloPagamento>0</pay_i:codiceEsitoSingoloPagamento><pay_i:dataEsitoSingoloPagamento>2016-04-08</pay_i:dataEsitoSingoloPagamento></pay_i:datiSingoliPagamenti><pay_i:datiSingoliPagamenti><pay_i:identificativoUnivocoVersamento>RF251368</pay_i:identificativoUnivocoVersamento><pay_i:identificativoUnivocoRiscossione>146011005261348811</pay_i:identificativoUnivocoRiscossione><pay_i:singoloImportoPagato>100</pay_i:singoloImportoPagato><pay_i:codiceEsitoSingoloPagamento>0</pay_i:codiceEsitoSingoloPagamento><pay_i:dataEsitoSingoloPagamento>2016-04-08</pay_i:dataEsitoSingoloPagamento></pay_i:datiSingoliPagamenti><pay_i:datiSingoliPagamenti><pay_i:identificativoUnivocoVersamento>RF241483</pay_i:identificativoUnivocoVersamento><pay_i:identificativoUnivocoRiscossione>146012160943049581</pay_i:identificativoUnivocoRiscossione><pay_i:singoloImportoPagato>15</pay_i:singoloImportoPagato><pay_i:codiceEsitoSingoloPagamento>0</pay_i:codiceEsitoSingoloPagamento><pay_i:dataEsitoSingoloPagamento>2016-04-08</pay_i:dataEsitoSingoloPagamento></pay_i:datiSingoliPagamenti><pay_i:datiSingoliPagamenti><pay_i:identificativoUnivocoVersamento>RF511482</pay_i:identificativoUnivocoVersamento><pay_i:identificativoUnivocoRiscossione>146012162450049591</pay_i:identificativoUnivocoRiscossione><pay_i:singoloImportoPagato>45</pay_i:singoloImportoPagato><pay_i:codiceEsitoSingoloPagamento>0</pay_i:codiceEsitoSingoloPagamento><pay_i:dataEsitoSingoloPagamento>2016-04-08</pay_i:dataEsitoSingoloPagamento></pay_i:datiSingoliPagamenti><pay_i:datiSingoliPagamenti><pay_i:identificativoUnivocoVersamento>RF231404</pay_i:identificativoUnivocoVersamento><pay_i:identificativoUnivocoRiscossione>146011210903549101</pay_i:identificativoUnivocoRiscossione><pay_i:singoloImportoPagato>150</pay_i:singoloImportoPagato><pay_i:codiceEsitoSingoloPagamento>0</pay_i:codiceEsitoSingoloPagamento><pay_i:dataEsitoSingoloPagamento>2016-04-08</pay_i:dataEsitoSingoloPagamento></pay_i:datiSingoliPagamenti><pay_i:datiSingoliPagamenti><pay_i:identificativoUnivocoVersamento>RF451396</pay_i:identificativoUnivocoVersamento><pay_i:identificativoUnivocoRiscossione>146011152065549031</pay_i:identificativoUnivocoRiscossione><pay_i:singoloImportoPagato>45</pay_i:singoloImportoPagato><pay_i:codiceEsitoSingoloPagamento>0</pay_i:codiceEsitoSingoloPagamento><pay_i:dataEsitoSingoloPagamento>2016-04-08</pay_i:dataEsitoSingoloPagamento></pay_i:datiSingoliPagamenti><pay_i:datiSingoliPagamenti><pay_i:identificativoUnivocoVersamento>RF021394</pay_i:identificativoUnivocoVersamento><pay_i:identificativoUnivocoRiscossione>146011152659723111</pay_i:identificativoUnivocoRiscossione><pay_i:singoloImportoPagato>50</pay_i:singoloImportoPagato><pay_i:codiceEsitoSingoloPagamento>0</pay_i:codiceEsitoSingoloPagamento><pay_i:dataEsitoSingoloPagamento>2016-04-08</pay_i:dataEsitoSingoloPagamento></pay_i:datiSingoliPagamenti><pay_i:datiSingoliPagamenti><pay_i:identificativoUnivocoVersamento>RF071401</pay_i:identificativoUnivocoVersamento><pay_i:identificativoUnivocoRiscossione>146011189291249081</pay_i:identificativoUnivocoRiscossione><pay_i:singoloImportoPagato>200</pay_i:singoloImportoPagato><pay_i:codiceEsitoSingoloPagamento>0</pay_i:codiceEsitoSingoloPagamento><pay_i:dataEsitoSingoloPagamento>2016-04-08</pay_i:dataEsitoSingoloPagamento></pay_i:datiSingoliPagamenti><pay_i:datiSingoliPagamenti><pay_i:identificativoUnivocoVersamento>RF331418</pay_i:identificativoUnivocoVersamento><pay_i:identificativoUnivocoRiscossione>146011292236549191</pay_i:identificativoUnivocoRiscossione><pay_i:singoloImportoPagato>215</pay_i:singoloImportoPagato><pay_i:codiceEsitoSingoloPagamento>0</pay_i:codiceEsitoSingoloPagamento><pay_i:dataEsitoSingoloPagamento>2016-04-08</pay_i:dataEsitoSingoloPagamento></pay_i:datiSingoliPagamenti><pay_i:datiSingoliPagamenti><pay_i:identificativoUnivocoVersamento>RF051437</pay_i:identificativoUnivocoVersamento><pay_i:identificativoUnivocoRiscossione>146011542883823221</pay_i:identificativoUnivocoRiscossione><pay_i:singoloImportoPagato>45</pay_i:singoloImportoPagato><pay_i:codiceEsitoSingoloPagamento>0</pay_i:codiceEsitoSingoloPagamento><pay_i:dataEsitoSingoloPagamento>2016-04-08</pay_i:dataEsitoSingoloPagamento></pay_i:datiSingoliPagamenti><pay_i:datiSingoliPagamenti><pay_i:identificativoUnivocoVersamento>RF311454</pay_i:identificativoUnivocoVersamento><pay_i:identificativoUnivocoRiscossione>146011839783549481</pay_i:identificativoUnivocoRiscossione><pay_i:singoloImportoPagato>30</pay_i:singoloImportoPagato><pay_i:codiceEsitoSingoloPagamento>0</pay_i:codiceEsitoSingoloPagamento><pay_i:dataEsitoSingoloPagamento>2016-04-08</pay_i:dataEsitoSingoloPagamento></pay_i:datiSingoliPagamenti><pay_i:datiSingoliPagamenti><pay_i:identificativoUnivocoVersamento>RF901459</pay_i:identificativoUnivocoVersamento><pay_i:identificativoUnivocoRiscossione>146011887571249491</pay_i:identificativoUnivocoRiscossione><pay_i:singoloImportoPagato>30</pay_i:singoloImportoPagato><pay_i:codiceEsitoSingoloPagamento>0</pay_i:codiceEsitoSingoloPagamento><pay_i:dataEsitoSingoloPagamento>2016-04-08</pay_i:dataEsitoSingoloPagamento></pay_i:datiSingoliPagamenti><pay_i:datiSingoliPagamenti><pay_i:identificativoUnivocoVersamento>RF541525</pay_i:identificativoUnivocoVersamento><pay_i:identificativoUnivocoRiscossione>146012480335523311</pay_i:identificativoUnivocoRiscossione><pay_i:singoloImportoPagato>150</pay_i:singoloImportoPagato><pay_i:codiceEsitoSingoloPagamento>0</pay_i:codiceEsitoSingoloPagamento><pay_i:dataEsitoSingoloPagamento>2016-04-08</pay_i:dataEsitoSingoloPagamento></pay_i:datiSingoliPagamenti><pay_i:datiSingoliPagamenti><pay_i:identificativoUnivocoVersamento>RF941096</pay_i:identificativoUnivocoVersamento><pay_i:identificativoUnivocoRiscossione>146006777788347731</pay_i:identificativoUnivocoRiscossione><pay_i:singoloImportoPagato>15</pay_i:singoloImportoPagato><pay_i:codiceEsitoSingoloPagamento>0</pay_i:codiceEsitoSingoloPagamento><pay_i:dataEsitoSingoloPagamento>2016-04-08</pay_i:dataEsitoSingoloPagamento></pay_i:datiSingoliPagamenti><pay_i:datiSingoliPagamenti><pay_i:identificativoUnivocoVersamento>RF021103</pay_i:identificativoUnivocoVersamento><pay_i:identificativoUnivocoRiscossione>146006895093147771</pay_i:identificativoUnivocoRiscossione><pay_i:singoloImportoPagato>15</pay_i:singoloImportoPagato><pay_i:codiceEsitoSingoloPagamento>0</pay_i:codiceEsitoSingoloPagamento><pay_i:dataEsitoSingoloPagamento>2016-04-08</pay_i:dataEsitoSingoloPagamento></pay_i:datiSingoliPagamenti><pay_i:datiSingoliPagamenti><pay_i:identificativoUnivocoVersamento>RF291102</pay_i:identificativoUnivocoVersamento><pay_i:identificativoUnivocoRiscossione>146006883336847761</pay_i:identificativoUnivocoRiscossione><pay_i:singoloImportoPagato>15</pay_i:singoloImportoPagato><pay_i:codiceEsitoSingoloPagamento>0</pay_i:codiceEsitoSingoloPagamento><pay_i:dataEsitoSingoloPagamento>2016-04-08</pay_i:dataEsitoSingoloPagamento></pay_i:datiSingoliPagamenti><pay_i:datiSingoliPagamenti><pay_i:identificativoUnivocoVersamento>RF071110</pay_i:identificativoUnivocoVersamento><pay_i:identificativoUnivocoRiscossione>146009230760347791</pay_i:identificativoUnivocoRiscossione><pay_i:singoloImportoPagato>30</pay_i:singoloImportoPagato><pay_i:codiceEsitoSingoloPagamento>0</pay_i:codiceEsitoSingoloPagamento><pay_i:dataEsitoSingoloPagamento>2016-04-08</pay_i:dataEsitoSingoloPagamento></pay_i:datiSingoliPagamenti><pay_i:datiSingoliPagamenti><pay_i:identificativoUnivocoVersamento>RF661115</pay_i:identificativoUnivocoVersamento><pay_i:identificativoUnivocoRiscossione>146009378331047801</pay_i:identificativoUnivocoRiscossione><pay_i:singoloImportoPagato>15</pay_i:singoloImportoPagato><pay_i:codiceEsitoSingoloPagamento>0</pay_i:codiceEsitoSingoloPagamento><pay_i:dataEsitoSingoloPagamento>2016-04-08</pay_i:dataEsitoSingoloPagamento></pay_i:datiSingoliPagamenti><pay_i:datiSingoliPagamenti><pay_i:identificativoUnivocoVersamento>RF431141</pay_i:identificativoUnivocoVersamento><pay_i:identificativoUnivocoRiscossione>146009766577547851</pay_i:identificativoUnivocoRiscossione><pay_i:singoloImportoPagato>15</pay_i:singoloImportoPagato><pay_i:codiceEsitoSingoloPagamento>0</pay_i:codiceEsitoSingoloPagamento><pay_i:dataEsitoSingoloPagamento>2016-04-08</pay_i:dataEsitoSingoloPagamento></pay_i:datiSingoliPagamenti><pay_i:datiSingoliPagamenti><pay_i:identificativoUnivocoVersamento>RF581162</pay_i:identificativoUnivocoVersamento><pay_i:identificativoUnivocoRiscossione>146009948701447911</pay_i:identificativoUnivocoRiscossione><pay_i:singoloImportoPagato>120</pay_i:singoloImportoPagato><pay_i:codiceEsitoSingoloPagamento>0</pay_i:codiceEsitoSingoloPagamento><pay_i:dataEsitoSingoloPagamento>2016-04-08</pay_i:dataEsitoSingoloPagamento></pay_i:datiSingoliPagamenti><pay_i:datiSingoliPagamenti><pay_i:identificativoUnivocoVersamento>RF311163</pay_i:identificativoUnivocoVersamento><pay_i:identificativoUnivocoRiscossione>146009970178647921</pay_i:identificativoUnivocoRiscossione><pay_i:singoloImportoPagato>50</pay_i:singoloImportoPagato><pay_i:codiceEsitoSingoloPagamento>0</pay_i:codiceEsitoSingoloPagamento><pay_i:dataEsitoSingoloPagamento>2016-04-08</pay_i:dataEsitoSingoloPagamento></pay_i:datiSingoliPagamenti><pay_i:datiSingoliPagamenti><pay_i:identificativoUnivocoVersamento>RF241192</pay_i:identificativoUnivocoVersamento><pay_i:identificativoUnivocoRiscossione>146010107000748061</pay_i:identificativoUnivocoRiscossione><pay_i:singoloImportoPagato>105</pay_i:singoloImportoPagato><pay_i:codiceEsitoSingoloPagamento>0</pay_i:codiceEsitoSingoloPagamento><pay_i:dataEsitoSingoloPagamento>2016-04-08</pay_i:dataEsitoSingoloPagamento></pay_i:datiSingoliPagamenti><pay_i:datiSingoliPagamenti><pay_i:identificativoUnivocoVersamento>RF391213</pay_i:identificativoUnivocoVersamento><pay_i:identificativoUnivocoRiscossione>146010196410822841</pay_i:identificativoUnivocoRiscossione><pay_i:singoloImportoPagato>150</pay_i:singoloImportoPagato><pay_i:codiceEsitoSingoloPagamento>0</pay_i:codiceEsitoSingoloPagamento><pay_i:dataEsitoSingoloPagamento>2016-04-08</pay_i:dataEsitoSingoloPagamento></pay_i:datiSingoliPagamenti><pay_i:datiSingoliPagamenti><pay_i:identificativoUnivocoVersamento>RF111232</pay_i:identificativoUnivocoVersamento><pay_i:identificativoUnivocoRiscossione>146010264825448201</pay_i:identificativoUnivocoRiscossione><pay_i:singoloImportoPagato>15</pay_i:singoloImportoPagato><pay_i:codiceEsitoSingoloPagamento>0</pay_i:codiceEsitoSingoloPagamento><pay_i:dataEsitoSingoloPagamento>2016-04-08</pay_i:dataEsitoSingoloPagamento></pay_i:datiSingoliPagamenti><pay_i:datiSingoliPagamenti><pay_i:identificativoUnivocoVersamento>RF051243</pay_i:identificativoUnivocoVersamento><pay_i:identificativoUnivocoRiscossione>146010310550748231</pay_i:identificativoUnivocoRiscossione><pay_i:singoloImportoPagato>15</pay_i:singoloImportoPagato><pay_i:codiceEsitoSingoloPagamento>0</pay_i:codiceEsitoSingoloPagamento><pay_i:dataEsitoSingoloPagamento>2016-04-08</pay_i:dataEsitoSingoloPagamento></pay_i:datiSingoliPagamenti><pay_i:datiSingoliPagamenti><pay_i:identificativoUnivocoVersamento>RF641248</pay_i:identificativoUnivocoVersamento><pay_i:identificativoUnivocoRiscossione>146010333541348251</pay_i:identificativoUnivocoRiscossione><pay_i:singoloImportoPagato>300</pay_i:singoloImportoPagato><pay_i:codiceEsitoSingoloPagamento>0</pay_i:codiceEsitoSingoloPagamento><pay_i:dataEsitoSingoloPagamento>2016-04-08</pay_i:dataEsitoSingoloPagamento></pay_i:datiSingoliPagamenti><pay_i:datiSingoliPagamenti><pay_i:identificativoUnivocoVersamento>RF631266</pay_i:identificativoUnivocoVersamento><pay_i:identificativoUnivocoRiscossione>146010431983848361</pay_i:identificativoUnivocoRiscossione><pay_i:singoloImportoPagato>45</pay_i:singoloImportoPagato><pay_i:codiceEsitoSingoloPagamento>0</pay_i:codiceEsitoSingoloPagamento><pay_i:dataEsitoSingoloPagamento>2016-04-08</pay_i:dataEsitoSingoloPagamento></pay_i:datiSingoliPagamenti><pay_i:datiSingoliPagamenti><pay_i:identificativoUnivocoVersamento>RF301278</pay_i:identificativoUnivocoVersamento><pay_i:identificativoUnivocoRiscossione>146010464319122921</pay_i:identificativoUnivocoRiscossione><pay_i:singoloImportoPagato>150</pay_i:singoloImportoPagato><pay_i:codiceEsitoSingoloPagamento>0</pay_i:codiceEsitoSingoloPagamento><pay_i:dataEsitoSingoloPagamento>2016-04-08</pay_i:dataEsitoSingoloPagamento></pay_i:datiSingoliPagamenti><pay_i:datiSingoliPagamenti><pay_i:identificativoUnivocoVersamento>RF341303</pay_i:identificativoUnivocoVersamento><pay_i:identificativoUnivocoRiscossione>146010582992548451</pay_i:identificativoUnivocoRiscossione><pay_i:singoloImportoPagato>45</pay_i:singoloImportoPagato><pay_i:codiceEsitoSingoloPagamento>0</pay_i:codiceEsitoSingoloPagamento><pay_i:dataEsitoSingoloPagamento>2016-04-08</pay_i:dataEsitoSingoloPagamento></pay_i:datiSingoliPagamenti><pay_i:datiSingoliPagamenti><pay_i:identificativoUnivocoVersamento>RF111329</pay_i:identificativoUnivocoVersamento><pay_i:identificativoUnivocoRiscossione>146010695828823021</pay_i:identificativoUnivocoRiscossione><pay_i:singoloImportoPagato>45</pay_i:singoloImportoPagato><pay_i:codiceEsitoSingoloPagamento>0</pay_i:codiceEsitoSingoloPagamento><pay_i:dataEsitoSingoloPagamento>2016-04-08</pay_i:dataEsitoSingoloPagamento></pay_i:datiSingoliPagamenti><pay_i:datiSingoliPagamenti><pay_i:identificativoUnivocoVersamento>RF051340</pay_i:identificativoUnivocoVersamento><pay_i:identificativoUnivocoRiscossione>146010769471348541</pay_i:identificativoUnivocoRiscossione><pay_i:singoloImportoPagato>90</pay_i:singoloImportoPagato><pay_i:codiceEsitoSingoloPagamento>0</pay_i:codiceEsitoSingoloPagamento><pay_i:dataEsitoSingoloPagamento>2016-04-08</pay_i:dataEsitoSingoloPagamento></pay_i:datiSingoliPagamenti><pay_i:datiSingoliPagamenti><pay_i:identificativoUnivocoVersamento>RF361364</pay_i:identificativoUnivocoVersamento><pay_i:identificativoUnivocoRiscossione>146010951443648731</pay_i:identificativoUnivocoRiscossione><pay_i:singoloImportoPagato>45</pay_i:singoloImportoPagato><pay_i:codiceEsitoSingoloPagamento>0</pay_i:codiceEsitoSingoloPagamento><pay_i:dataEsitoSingoloPagamento>2016-04-08</pay_i:dataEsitoSingoloPagamento></pay_i:datiSingoliPagamenti><pay_i:datiSingoliPagamenti><pay_i:identificativoUnivocoVersamento>RF791366</pay_i:identificativoUnivocoVersamento><pay_i:identificativoUnivocoRiscossione>146010980770948761</pay_i:identificativoUnivocoRiscossione><pay_i:singoloImportoPagato>15</pay_i:singoloImportoPagato><pay_i:codiceEsitoSingoloPagamento>0</pay_i:codiceEsitoSingoloPagamento><pay_i:dataEsitoSingoloPagamento>2016-04-08</pay_i:dataEsitoSingoloPagamento></pay_i:datiSingoliPagamenti><pay_i:datiSingoliPagamenti><pay_i:identificativoUnivocoVersamento>RF761420</pay_i:identificativoUnivocoVersamento><pay_i:identificativoUnivocoRiscossione>146011317675449221</pay_i:identificativoUnivocoRiscossione><pay_i:singoloImportoPagato>60</pay_i:singoloImportoPagato><pay_i:codiceEsitoSingoloPagamento>0</pay_i:codiceEsitoSingoloPagamento><pay_i:dataEsitoSingoloPagamento>2016-04-08</pay_i:dataEsitoSingoloPagamento></pay_i:datiSingoliPagamenti></pay_i:FlussoRiversamento>
