<?xml version="1.0" encoding="UTF-8" standalone="yes"?><FlussoRiversamento xmlns="http://www.digitpa.gov.it/schemas/2011/Pagamenti/"><versioneOggetto>1.0</versioneOggetto><identificativoFlusso>66dc142168d246eaaac897699edc6402</identificativoFlusso><dataOraFlusso>2016-04-12T12:00:10.380+02:00</dataOraFlusso><identificativoUnivocoRegolamento>1201161030132466</identificativoUnivocoRegolamento><dataRegolamento>2016-04-12</dataRegolamento><istitutoMittente><identificativoUnivocoMittente><tipoIdentificativoUnivoco>G</tipoIdentificativoUnivoco><codiceIdentificativoUnivoco>IT00348170101</codiceIdentificativoUnivoco></identificativoUnivocoMittente><denominazioneMittente>UniCredit S.p.A.</denominazioneMittente></istitutoMittente><istitutoRicevente><identificativoUnivocoRicevente><tipoIdentificativoUnivoco>G</tipoIdentificativoUnivoco><codiceIdentificativoUnivoco>00569890379</codiceIdentificativoUnivoco></identificativoUnivocoRicevente><denominazioneRicevente>[99988          ] ERVET </denominazioneRicevente></istitutoRicevente><numeroTotalePagamenti>79</numeroTotalePagamenti><importoTotalePagamenti>5611</importoTotalePagamenti><datiSingoliPagamenti><identificativoUnivocoVersamento>RF211149</identificativoUnivocoVersamento><identificativoUnivocoRiscossione>00099231999113703024</identificativoUnivocoRiscossione><singoloImportoPagato>15</singoloImportoPagato><codiceEsitoSingoloPagamento>0</codiceEsitoSingoloPagamento><dataEsitoSingoloPagamento>2016-04-08</dataEsitoSingoloPagamento></datiSingoliPagamenti><datiSingoliPagamenti><identificativoUnivocoVersamento>RF181397</identificativoUnivocoVersamento><identificativoUnivocoRiscossione>00099469491113711193</identificativoUnivocoRiscossione><singoloImportoPagato>15</singoloImportoPagato><codiceEsitoSingoloPagamento>0</codiceEsitoSingoloPagamento><dataEsitoSingoloPagamento>2016-04-08</dataEsitoSingoloPagamento></datiSingoliPagamenti><datiSingoliPagamenti><identificativoUnivocoVersamento>RF321436</identificativoUnivocoVersamento><identificativoUnivocoRiscossione>00099263980113712885</identificativoUnivocoRiscossione><singoloImportoPagato>150</singoloImportoPagato><codiceEsitoSingoloPagamento>0</codiceEsitoSingoloPagamento><dataEsitoSingoloPagamento>2016-04-08</dataEsitoSingoloPagamento></datiSingoliPagamenti><datiSingoliPagamenti><identificativoUnivocoVersamento>RF511094</identificativoUnivocoVersamento><identificativoUnivocoRiscossione>00099350368113699653</identificativoUnivocoRiscossione><singoloImportoPagato>100</singoloImportoPagato><codiceEsitoSingoloPagamento>0</codiceEsitoSingoloPagamento><dataEsitoSingoloPagamento>2016-04-08</dataEsitoSingoloPagamento></datiSingoliPagamenti><datiSingoliPagamenti><identificativoUnivocoVersamento>RF951272</identificativoUnivocoVersamento><identificativoUnivocoRiscossione>00099319572113706706</identificativoUnivocoRiscossione><singoloImportoPagato>15</singoloImportoPagato><codiceEsitoSingoloPagamento>0</codiceEsitoSingoloPagamento><dataEsitoSingoloPagamento>2016-04-08</dataEsitoSingoloPagamento></datiSingoliPagamenti><datiSingoliPagamenti><identificativoUnivocoVersamento>RF131293</identificativoUnivocoVersamento><identificativoUnivocoRiscossione>00099855985113706996</identificativoUnivocoRiscossione><singoloImportoPagato>15</singoloImportoPagato><codiceEsitoSingoloPagamento>0</codiceEsitoSingoloPagamento><dataEsitoSingoloPagamento>2016-04-08</dataEsitoSingoloPagamento></datiSingoliPagamenti><datiSingoliPagamenti><identificativoUnivocoVersamento>RF421353</identificativoUnivocoVersamento><identificativoUnivocoRiscossione>00099248754113709647</identificativoUnivocoRiscossione><singoloImportoPagato>75</singoloImportoPagato><codiceEsitoSingoloPagamento>0</codiceEsitoSingoloPagamento><dataEsitoSingoloPagamento>2016-04-08</dataEsitoSingoloPagamento></datiSingoliPagamenti><datiSingoliPagamenti><identificativoUnivocoVersamento>RF031473</identificativoUnivocoVersamento><identificativoUnivocoRiscossione>00099351217113715393</identificativoUnivocoRiscossione><singoloImportoPagato>30</singoloImportoPagato><codiceEsitoSingoloPagamento>0</codiceEsitoSingoloPagamento><dataEsitoSingoloPagamento>2016-04-08</dataEsitoSingoloPagamento></datiSingoliPagamenti><datiSingoliPagamenti><identificativoUnivocoVersamento>RF131487</identificativoUnivocoVersamento><identificativoUnivocoRiscossione>00099252960113716434</identificativoUnivocoRiscossione><singoloImportoPagato>30</singoloImportoPagato><codiceEsitoSingoloPagamento>0</codiceEsitoSingoloPagamento><dataEsitoSingoloPagamento>2016-04-08</dataEsitoSingoloPagamento></datiSingoliPagamenti><datiSingoliPagamenti><identificativoUnivocoVersamento>RF561101</identificativoUnivocoVersamento><identificativoUnivocoRiscossione>00099268536113699841</identificativoUnivocoRiscossione><singoloImportoPagato>30</singoloImportoPagato><codiceEsitoSingoloPagamento>0</codiceEsitoSingoloPagamento><dataEsitoSingoloPagamento>2016-04-08</dataEsitoSingoloPagamento></datiSingoliPagamenti><datiSingoliPagamenti><identificativoUnivocoVersamento>RF541137</identificativoUnivocoVersamento><identificativoUnivocoRiscossione>00099780347113702715</identificativoUnivocoRiscossione><singoloImportoPagato>45</singoloImportoPagato><codiceEsitoSingoloPagamento>0</codiceEsitoSingoloPagamento><dataEsitoSingoloPagamento>2016-04-08</dataEsitoSingoloPagamento></datiSingoliPagamenti><datiSingoliPagamenti><identificativoUnivocoVersamento>RF471457</identificativoUnivocoVersamento><identificativoUnivocoRiscossione>00099795057113714433</identificativoUnivocoRiscossione><singoloImportoPagato>30</singoloImportoPagato><codiceEsitoSingoloPagamento>0</codiceEsitoSingoloPagamento><dataEsitoSingoloPagamento>2016-04-08</dataEsitoSingoloPagamento></datiSingoliPagamenti><datiSingoliPagamenti><identificativoUnivocoVersamento>RF341109</identificativoUnivocoVersamento><identificativoUnivocoRiscossione>00099359301113701862</identificativoUnivocoRiscossione><singoloImportoPagato>15</singoloImportoPagato><codiceEsitoSingoloPagamento>0</codiceEsitoSingoloPagamento><dataEsitoSingoloPagamento>2016-04-08</dataEsitoSingoloPagamento></datiSingoliPagamenti><datiSingoliPagamenti><identificativoUnivocoVersamento>RF181300</identificativoUnivocoVersamento><identificativoUnivocoRiscossione>00099723220113707197</identificativoUnivocoRiscossione><singoloImportoPagato>60</singoloImportoPagato><codiceEsitoSingoloPagamento>0</codiceEsitoSingoloPagamento><dataEsitoSingoloPagamento>2016-04-08</dataEsitoSingoloPagamento></datiSingoliPagamenti><datiSingoliPagamenti><identificativoUnivocoVersamento>RF111523</identificativoUnivocoVersamento><identificativoUnivocoRiscossione>00099328477113717074</identificativoUnivocoRiscossione><singoloImportoPagato>60</singoloImportoPagato><codiceEsitoSingoloPagamento>0</codiceEsitoSingoloPagamento><dataEsitoSingoloPagamento>2016-04-08</dataEsitoSingoloPagamento></datiSingoliPagamenti><datiSingoliPagamenti><identificativoUnivocoVersamento>RF161336</identificativoUnivocoVersamento><identificativoUnivocoRiscossione>00099673053113708493</identificativoUnivocoRiscossione><singoloImportoPagato>15</singoloImportoPagato><codiceEsitoSingoloPagamento>0</codiceEsitoSingoloPagamento><dataEsitoSingoloPagamento>2016-04-08</dataEsitoSingoloPagamento></datiSingoliPagamenti><datiSingoliPagamenti><identificativoUnivocoVersamento>RF561392</identificativoUnivocoVersamento><identificativoUnivocoRiscossione>00099200059113711055</identificativoUnivocoRiscossione><singoloImportoPagato>150</singoloImportoPagato><codiceEsitoSingoloPagamento>0</codiceEsitoSingoloPagamento><dataEsitoSingoloPagamento>2016-04-08</dataEsitoSingoloPagamento></datiSingoliPagamenti><datiSingoliPagamenti><identificativoUnivocoVersamento>RF821409</identificativoUnivocoVersamento><identificativoUnivocoRiscossione>00099954381113711550</identificativoUnivocoRiscossione><singoloImportoPagato>30</singoloImportoPagato><codiceEsitoSingoloPagamento>0</codiceEsitoSingoloPagamento><dataEsitoSingoloPagamento>2016-04-08</dataEsitoSingoloPagamento></datiSingoliPagamenti><datiSingoliPagamenti><identificativoUnivocoVersamento>RF971430</identificativoUnivocoVersamento><identificativoUnivocoRiscossione>00099236740113712371</identificativoUnivocoRiscossione><singoloImportoPagato>75</singoloImportoPagato><codiceEsitoSingoloPagamento>0</codiceEsitoSingoloPagamento><dataEsitoSingoloPagamento>2016-04-08</dataEsitoSingoloPagamento></datiSingoliPagamenti><datiSingoliPagamenti><identificativoUnivocoVersamento>RF611108</identificativoUnivocoVersamento><identificativoUnivocoRiscossione>00099253256113701853</identificativoUnivocoRiscossione><singoloImportoPagato>15</singoloImportoPagato><codiceEsitoSingoloPagamento>0</codiceEsitoSingoloPagamento><dataEsitoSingoloPagamento>2016-04-08</dataEsitoSingoloPagamento></datiSingoliPagamenti><datiSingoliPagamenti><identificativoUnivocoVersamento>RF861143</identificativoUnivocoVersamento><identificativoUnivocoRiscossione>00099446426113702857</identificativoUnivocoRiscossione><singoloImportoPagato>60</singoloImportoPagato><codiceEsitoSingoloPagamento>0</codiceEsitoSingoloPagamento><dataEsitoSingoloPagamento>2016-04-08</dataEsitoSingoloPagamento></datiSingoliPagamenti><datiSingoliPagamenti><identificativoUnivocoVersamento>RF201167</identificativoUnivocoVersamento><identificativoUnivocoRiscossione>00099899282113703461</identificativoUnivocoRiscossione><singoloImportoPagato>15</singoloImportoPagato><codiceEsitoSingoloPagamento>0</codiceEsitoSingoloPagamento><dataEsitoSingoloPagamento>2016-04-08</dataEsitoSingoloPagamento></datiSingoliPagamenti><datiSingoliPagamenti><identificativoUnivocoVersamento>RF271235</identificativoUnivocoVersamento><identificativoUnivocoRiscossione>00099788470113705470</identificativoUnivocoRiscossione><singoloImportoPagato>15</singoloImportoPagato><codiceEsitoSingoloPagamento>0</codiceEsitoSingoloPagamento><dataEsitoSingoloPagamento>2016-04-08</dataEsitoSingoloPagamento></datiSingoliPagamenti><datiSingoliPagamenti><identificativoUnivocoVersamento>RF371346</identificativoUnivocoVersamento><identificativoUnivocoRiscossione>00099109301113709197</identificativoUnivocoRiscossione><singoloImportoPagato>45</singoloImportoPagato><codiceEsitoSingoloPagamento>0</codiceEsitoSingoloPagamento><dataEsitoSingoloPagamento>2016-04-08</dataEsitoSingoloPagamento></datiSingoliPagamenti><datiSingoliPagamenti><identificativoUnivocoVersamento>RF961157</identificativoUnivocoVersamento><identificativoUnivocoRiscossione>00099857204113703252</identificativoUnivocoRiscossione><singoloImportoPagato>15</singoloImportoPagato><codiceEsitoSingoloPagamento>0</codiceEsitoSingoloPagamento><dataEsitoSingoloPagamento>2016-04-08</dataEsitoSingoloPagamento></datiSingoliPagamenti><datiSingoliPagamenti><identificativoUnivocoVersamento>RF571180</identificativoUnivocoVersamento><identificativoUnivocoRiscossione>00099377108113703757</identificativoUnivocoRiscossione><singoloImportoPagato>45</singoloImportoPagato><codiceEsitoSingoloPagamento>0</codiceEsitoSingoloPagamento><dataEsitoSingoloPagamento>2016-04-08</dataEsitoSingoloPagamento></datiSingoliPagamenti><datiSingoliPagamenti><identificativoUnivocoVersamento>RF471360</identificativoUnivocoVersamento><identificativoUnivocoRiscossione>00099635426113709902</identificativoUnivocoRiscossione><singoloImportoPagato>75</singoloImportoPagato><codiceEsitoSingoloPagamento>0</codiceEsitoSingoloPagamento><dataEsitoSingoloPagamento>2016-04-08</dataEsitoSingoloPagamento></datiSingoliPagamenti><datiSingoliPagamenti><identificativoUnivocoVersamento>RF521367</identificativoUnivocoVersamento><identificativoUnivocoRiscossione>00099973480113710176</identificativoUnivocoRiscossione><singoloImportoPagato>90</singoloImportoPagato><codiceEsitoSingoloPagamento>0</codiceEsitoSingoloPagamento><dataEsitoSingoloPagamento>2016-04-08</dataEsitoSingoloPagamento></datiSingoliPagamenti><datiSingoliPagamenti><identificativoUnivocoVersamento>RF161530</identificativoUnivocoVersamento><identificativoUnivocoRiscossione>00099117165113717230</identificativoUnivocoRiscossione><singoloImportoPagato>150</singoloImportoPagato><codiceEsitoSingoloPagamento>0</codiceEsitoSingoloPagamento><dataEsitoSingoloPagamento>2016-04-08</dataEsitoSingoloPagamento></datiSingoliPagamenti><datiSingoliPagamenti><identificativoUnivocoVersamento>RF321533</identificativoUnivocoVersamento><identificativoUnivocoRiscossione>00099914279113717367</identificativoUnivocoRiscossione><singoloImportoPagato>45</singoloImportoPagato><codiceEsitoSingoloPagamento>0</codiceEsitoSingoloPagamento><dataEsitoSingoloPagamento>2016-04-08</dataEsitoSingoloPagamento></datiSingoliPagamenti><datiSingoliPagamenti><identificativoUnivocoVersamento>RF051534</identificativoUnivocoVersamento><identificativoUnivocoRiscossione>00099615173113717377</identificativoUnivocoRiscossione><singoloImportoPagato>150</singoloImportoPagato><codiceEsitoSingoloPagamento>0</codiceEsitoSingoloPagamento><dataEsitoSingoloPagamento>2016-04-08</dataEsitoSingoloPagamento></datiSingoliPagamenti><datiSingoliPagamenti><identificativoUnivocoVersamento>RF751535</identificativoUnivocoVersamento><identificativoUnivocoRiscossione>00099346937113717381</identificativoUnivocoRiscossione><singoloImportoPagato>30</singoloImportoPagato><codiceEsitoSingoloPagamento>0</codiceEsitoSingoloPagamento><dataEsitoSingoloPagamento>2016-04-08</dataEsitoSingoloPagamento></datiSingoliPagamenti><datiSingoliPagamenti><identificativoUnivocoVersamento>RF941193</identificativoUnivocoVersamento><identificativoUnivocoRiscossione>00099587809113704155</identificativoUnivocoRiscossione><singoloImportoPagato>285</singoloImportoPagato><codiceEsitoSingoloPagamento>0</codiceEsitoSingoloPagamento><dataEsitoSingoloPagamento>2016-04-08</dataEsitoSingoloPagamento></datiSingoliPagamenti><datiSingoliPagamenti><identificativoUnivocoVersamento>RF611302</identificativoUnivocoVersamento><identificativoUnivocoRiscossione>00099105099113707377</identificativoUnivocoRiscossione><singoloImportoPagato>45</singoloImportoPagato><codiceEsitoSingoloPagamento>0</codiceEsitoSingoloPagamento><dataEsitoSingoloPagamento>2016-04-08</dataEsitoSingoloPagamento></datiSingoliPagamenti><datiSingoliPagamenti><identificativoUnivocoVersamento>RF501306</identificativoUnivocoVersamento><identificativoUnivocoRiscossione>00099929456113707620</identificativoUnivocoRiscossione><singoloImportoPagato>150</singoloImportoPagato><codiceEsitoSingoloPagamento>0</codiceEsitoSingoloPagamento><dataEsitoSingoloPagamento>2016-04-08</dataEsitoSingoloPagamento></datiSingoliPagamenti><datiSingoliPagamenti><identificativoUnivocoVersamento>RF861337</identificativoUnivocoVersamento><identificativoUnivocoRiscossione>00099435859113708620</identificativoUnivocoRiscossione><singoloImportoPagato>15</singoloImportoPagato><codiceEsitoSingoloPagamento>0</codiceEsitoSingoloPagamento><dataEsitoSingoloPagamento>2016-04-08</dataEsitoSingoloPagamento></datiSingoliPagamenti><datiSingoliPagamenti><identificativoUnivocoVersamento>RF891477</identificativoUnivocoVersamento><identificativoUnivocoRiscossione>00099219748113715702</identificativoUnivocoRiscossione><singoloImportoPagato>15</singoloImportoPagato><codiceEsitoSingoloPagamento>0</codiceEsitoSingoloPagamento><dataEsitoSingoloPagamento>2016-04-08</dataEsitoSingoloPagamento></datiSingoliPagamenti><datiSingoliPagamenti><identificativoUnivocoVersamento>RF291490</identificativoUnivocoVersamento><identificativoUnivocoRiscossione>00099974938113716481</identificativoUnivocoRiscossione><singoloImportoPagato>15</singoloImportoPagato><codiceEsitoSingoloPagamento>0</codiceEsitoSingoloPagamento><dataEsitoSingoloPagamento>2016-04-08</dataEsitoSingoloPagamento></datiSingoliPagamenti><datiSingoliPagamenti><identificativoUnivocoVersamento>RF281508</identificativoUnivocoVersamento><identificativoUnivocoRiscossione>00099228135113716781</identificativoUnivocoRiscossione><singoloImportoPagato>15</singoloImportoPagato><codiceEsitoSingoloPagamento>0</codiceEsitoSingoloPagamento><dataEsitoSingoloPagamento>2016-04-08</dataEsitoSingoloPagamento></datiSingoliPagamenti><datiSingoliPagamenti><identificativoUnivocoVersamento>RF911538</identificativoUnivocoVersamento><identificativoUnivocoRiscossione>00099909892113717410</identificativoUnivocoRiscossione><singoloImportoPagato>75</singoloImportoPagato><codiceEsitoSingoloPagamento>0</codiceEsitoSingoloPagamento><dataEsitoSingoloPagamento>2016-04-08</dataEsitoSingoloPagamento></datiSingoliPagamenti><datiSingoliPagamenti><identificativoUnivocoVersamento>RF101541</identificativoUnivocoVersamento><identificativoUnivocoRiscossione>00099169276113717467</identificativoUnivocoRiscossione><singoloImportoPagato>36</singoloImportoPagato><codiceEsitoSingoloPagamento>0</codiceEsitoSingoloPagamento><dataEsitoSingoloPagamento>2016-04-08</dataEsitoSingoloPagamento></datiSingoliPagamenti><datiSingoliPagamenti><identificativoUnivocoVersamento>RF841373</identificativoUnivocoVersamento><identificativoUnivocoRiscossione>00099106750113710341</identificativoUnivocoRiscossione><singoloImportoPagato>120</singoloImportoPagato><codiceEsitoSingoloPagamento>0</codiceEsitoSingoloPagamento><dataEsitoSingoloPagamento>2016-04-08</dataEsitoSingoloPagamento></datiSingoliPagamenti><datiSingoliPagamenti><identificativoUnivocoVersamento>RF801348</identificativoUnivocoVersamento><identificativoUnivocoRiscossione>00099449573113709472</identificativoUnivocoRiscossione><singoloImportoPagato>75</singoloImportoPagato><codiceEsitoSingoloPagamento>0</codiceEsitoSingoloPagamento><dataEsitoSingoloPagamento>2016-04-08</dataEsitoSingoloPagamento></datiSingoliPagamenti><datiSingoliPagamenti><identificativoUnivocoVersamento>RF961351</identificativoUnivocoVersamento><identificativoUnivocoRiscossione>00099917130113709624</identificativoUnivocoRiscossione><singoloImportoPagato>45</singoloImportoPagato><codiceEsitoSingoloPagamento>0</codiceEsitoSingoloPagamento><dataEsitoSingoloPagamento>2016-04-08</dataEsitoSingoloPagamento></datiSingoliPagamenti><datiSingoliPagamenti><identificativoUnivocoVersamento>RF501112</identificativoUnivocoVersamento><identificativoUnivocoRiscossione>00099816743113701952</identificativoUnivocoRiscossione><singoloImportoPagato>15</singoloImportoPagato><codiceEsitoSingoloPagamento>0</codiceEsitoSingoloPagamento><dataEsitoSingoloPagamento>2016-04-08</dataEsitoSingoloPagamento></datiSingoliPagamenti><datiSingoliPagamenti><identificativoUnivocoVersamento>RF931114</identificativoUnivocoVersamento><identificativoUnivocoRiscossione>00099936190113701962</identificativoUnivocoRiscossione><singoloImportoPagato>45</singoloImportoPagato><codiceEsitoSingoloPagamento>0</codiceEsitoSingoloPagamento><dataEsitoSingoloPagamento>2016-04-08</dataEsitoSingoloPagamento></datiSingoliPagamenti><datiSingoliPagamenti><identificativoUnivocoVersamento>RF971139</identificativoUnivocoVersamento><identificativoUnivocoRiscossione>00099498210113702754</identificativoUnivocoRiscossione><singoloImportoPagato>195</singoloImportoPagato><codiceEsitoSingoloPagamento>0</codiceEsitoSingoloPagamento><dataEsitoSingoloPagamento>2016-04-08</dataEsitoSingoloPagamento></datiSingoliPagamenti><datiSingoliPagamenti><identificativoUnivocoVersamento>RF471263</identificativoUnivocoVersamento><identificativoUnivocoRiscossione>00099420598113706505</identificativoUnivocoRiscossione><singoloImportoPagato>15</singoloImportoPagato><codiceEsitoSingoloPagamento>0</codiceEsitoSingoloPagamento><dataEsitoSingoloPagamento>2016-04-08</dataEsitoSingoloPagamento></datiSingoliPagamenti><datiSingoliPagamenti><identificativoUnivocoVersamento>RF441511</identificativoUnivocoVersamento><identificativoUnivocoRiscossione>00099161055113716810</identificativoUnivocoRiscossione><singoloImportoPagato>15</singoloImportoPagato><codiceEsitoSingoloPagamento>0</codiceEsitoSingoloPagamento><dataEsitoSingoloPagamento>2016-04-08</dataEsitoSingoloPagamento></datiSingoliPagamenti><datiSingoliPagamenti><identificativoUnivocoVersamento>RF711122</identificativoUnivocoVersamento><identificativoUnivocoRiscossione>00099841950113702410</identificativoUnivocoRiscossione><singoloImportoPagato>50</singoloImportoPagato><codiceEsitoSingoloPagamento>0</codiceEsitoSingoloPagamento><dataEsitoSingoloPagamento>2016-04-08</dataEsitoSingoloPagamento></datiSingoliPagamenti><datiSingoliPagamenti><identificativoUnivocoVersamento>RF471166</identificativoUnivocoVersamento><identificativoUnivocoRiscossione>00099495836113703455</identificativoUnivocoRiscossione><singoloImportoPagato>375</singoloImportoPagato><codiceEsitoSingoloPagamento>0</codiceEsitoSingoloPagamento><dataEsitoSingoloPagamento>2016-04-08</dataEsitoSingoloPagamento></datiSingoliPagamenti><datiSingoliPagamenti><identificativoUnivocoVersamento>RF181106</identificativoUnivocoVersamento><identificativoUnivocoRiscossione>00099897950113701636</identificativoUnivocoRiscossione><singoloImportoPagato>90</singoloImportoPagato><codiceEsitoSingoloPagamento>0</codiceEsitoSingoloPagamento><dataEsitoSingoloPagamento>2016-04-08</dataEsitoSingoloPagamento></datiSingoliPagamenti><datiSingoliPagamenti><identificativoUnivocoVersamento>RF141469</identificativoUnivocoVersamento><identificativoUnivocoRiscossione>00099646786113715160</identificativoUnivocoRiscossione><singoloImportoPagato>15</singoloImportoPagato><codiceEsitoSingoloPagamento>0</codiceEsitoSingoloPagamento><dataEsitoSingoloPagamento>2016-04-08</dataEsitoSingoloPagamento></datiSingoliPagamenti><datiSingoliPagamenti><identificativoUnivocoVersamento>RF961545</identificativoUnivocoVersamento><identificativoUnivocoRiscossione>00099348030113717530</identificativoUnivocoRiscossione><singoloImportoPagato>45</singoloImportoPagato><codiceEsitoSingoloPagamento>0</codiceEsitoSingoloPagamento><dataEsitoSingoloPagamento>2016-04-08</dataEsitoSingoloPagamento></datiSingoliPagamenti><datiSingoliPagamenti><identificativoUnivocoVersamento>RF611399</identificativoUnivocoVersamento><identificativoUnivocoRiscossione>00099593366113711224</identificativoUnivocoRiscossione><singoloImportoPagato>30</singoloImportoPagato><codiceEsitoSingoloPagamento>0</codiceEsitoSingoloPagamento><dataEsitoSingoloPagamento>2016-04-08</dataEsitoSingoloPagamento></datiSingoliPagamenti><datiSingoliPagamenti><identificativoUnivocoVersamento>RF241386</identificativoUnivocoVersamento><identificativoUnivocoRiscossione>00099963934113710870</identificativoUnivocoRiscossione><singoloImportoPagato>15</singoloImportoPagato><codiceEsitoSingoloPagamento>0</codiceEsitoSingoloPagamento><dataEsitoSingoloPagamento>2016-04-08</dataEsitoSingoloPagamento></datiSingoliPagamenti><datiSingoliPagamenti><identificativoUnivocoVersamento>RF341400</identificativoUnivocoVersamento><identificativoUnivocoRiscossione>00099632806113711294</identificativoUnivocoRiscossione><singoloImportoPagato>60</singoloImportoPagato><codiceEsitoSingoloPagamento>0</codiceEsitoSingoloPagamento><dataEsitoSingoloPagamento>2016-04-08</dataEsitoSingoloPagamento></datiSingoliPagamenti><datiSingoliPagamenti><identificativoUnivocoVersamento>RF591338</identificativoUnivocoVersamento><identificativoUnivocoRiscossione>00099497859113708697</identificativoUnivocoRiscossione><singoloImportoPagato>150</singoloImportoPagato><codiceEsitoSingoloPagamento>0</codiceEsitoSingoloPagamento><dataEsitoSingoloPagamento>2016-04-08</dataEsitoSingoloPagamento></datiSingoliPagamenti><datiSingoliPagamenti><identificativoUnivocoVersamento>RF441123</identificativoUnivocoVersamento><identificativoUnivocoRiscossione>00099929653113702420</identificativoUnivocoRiscossione><singoloImportoPagato>150</singoloImportoPagato><codiceEsitoSingoloPagamento>0</codiceEsitoSingoloPagamento><dataEsitoSingoloPagamento>2016-04-08</dataEsitoSingoloPagamento></datiSingoliPagamenti><datiSingoliPagamenti><identificativoUnivocoVersamento>RF801445</identificativoUnivocoVersamento><identificativoUnivocoRiscossione>00099963368113713593</identificativoUnivocoRiscossione><singoloImportoPagato>15</singoloImportoPagato><codiceEsitoSingoloPagamento>0</codiceEsitoSingoloPagamento><dataEsitoSingoloPagamento>2016-04-08</dataEsitoSingoloPagamento></datiSingoliPagamenti><datiSingoliPagamenti><identificativoUnivocoVersamento>RF351188</identificativoUnivocoVersamento><identificativoUnivocoRiscossione>00099763993113704076</identificativoUnivocoRiscossione><singoloImportoPagato>60</singoloImportoPagato><codiceEsitoSingoloPagamento>0</codiceEsitoSingoloPagamento><dataEsitoSingoloPagamento>2016-04-08</dataEsitoSingoloPagamento></datiSingoliPagamenti><datiSingoliPagamenti><identificativoUnivocoVersamento>RF431238</identificativoUnivocoVersamento><identificativoUnivocoRiscossione>00099646607113705552</identificativoUnivocoRiscossione><singoloImportoPagato>45</singoloImportoPagato><codiceEsitoSingoloPagamento>0</codiceEsitoSingoloPagamento><dataEsitoSingoloPagamento>2016-04-08</dataEsitoSingoloPagamento></datiSingoliPagamenti><datiSingoliPagamenti><identificativoUnivocoVersamento>RF031279</identificativoUnivocoVersamento><identificativoUnivocoRiscossione>00099328136113706681</identificativoUnivocoRiscossione><singoloImportoPagato>100</singoloImportoPagato><codiceEsitoSingoloPagamento>0</codiceEsitoSingoloPagamento><dataEsitoSingoloPagamento>2016-04-08</dataEsitoSingoloPagamento></datiSingoliPagamenti><datiSingoliPagamenti><identificativoUnivocoVersamento>RF061322</identificativoUnivocoVersamento><identificativoUnivocoRiscossione>00099355429113707856</identificativoUnivocoRiscossione><singoloImportoPagato>105</singoloImportoPagato><codiceEsitoSingoloPagamento>0</codiceEsitoSingoloPagamento><dataEsitoSingoloPagamento>2016-04-08</dataEsitoSingoloPagamento></datiSingoliPagamenti><datiSingoliPagamenti><identificativoUnivocoVersamento>RF931405</identificativoUnivocoVersamento><identificativoUnivocoRiscossione>00099379939113711484</identificativoUnivocoRiscossione><singoloImportoPagato>150</singoloImportoPagato><codiceEsitoSingoloPagamento>0</codiceEsitoSingoloPagamento><dataEsitoSingoloPagamento>2016-04-08</dataEsitoSingoloPagamento></datiSingoliPagamenti><datiSingoliPagamenti><identificativoUnivocoVersamento>RF271526</identificativoUnivocoVersamento><identificativoUnivocoRiscossione>00099477222113717121</identificativoUnivocoRiscossione><singoloImportoPagato>15</singoloImportoPagato><codiceEsitoSingoloPagamento>0</codiceEsitoSingoloPagamento><dataEsitoSingoloPagamento>2016-04-08</dataEsitoSingoloPagamento></datiSingoliPagamenti><datiSingoliPagamenti><identificativoUnivocoVersamento>RF551216</identificativoUnivocoVersamento><identificativoUnivocoRiscossione>00099479962113704900</identificativoUnivocoRiscossione><singoloImportoPagato>225</singoloImportoPagato><codiceEsitoSingoloPagamento>0</codiceEsitoSingoloPagamento><dataEsitoSingoloPagamento>2016-04-08</dataEsitoSingoloPagamento></datiSingoliPagamenti><datiSingoliPagamenti><identificativoUnivocoVersamento>RF801154</identificativoUnivocoVersamento><identificativoUnivocoRiscossione>00099334212113703156</identificativoUnivocoRiscossione><singoloImportoPagato>15</singoloImportoPagato><codiceEsitoSingoloPagamento>0</codiceEsitoSingoloPagamento><dataEsitoSingoloPagamento>2016-04-08</dataEsitoSingoloPagamento></datiSingoliPagamenti><datiSingoliPagamenti><identificativoUnivocoVersamento>RF591144</identificativoUnivocoVersamento><identificativoUnivocoRiscossione>00099718524113702894</identificativoUnivocoRiscossione><singoloImportoPagato>300</singoloImportoPagato><codiceEsitoSingoloPagamento>0</codiceEsitoSingoloPagamento><dataEsitoSingoloPagamento>2016-04-08</dataEsitoSingoloPagamento></datiSingoliPagamenti><datiSingoliPagamenti><identificativoUnivocoVersamento>RF361170</identificativoUnivocoVersamento><identificativoUnivocoRiscossione>00099384649113703487</identificativoUnivocoRiscossione><singoloImportoPagato>15</singoloImportoPagato><codiceEsitoSingoloPagamento>0</codiceEsitoSingoloPagamento><dataEsitoSingoloPagamento>2016-04-08</dataEsitoSingoloPagamento></datiSingoliPagamenti><datiSingoliPagamenti><identificativoUnivocoVersamento>RF391504</identificativoUnivocoVersamento><identificativoUnivocoRiscossione>00099965134113716654</identificativoUnivocoRiscossione><singoloImportoPagato>150</singoloImportoPagato><codiceEsitoSingoloPagamento>0</codiceEsitoSingoloPagamento><dataEsitoSingoloPagamento>2016-04-08</dataEsitoSingoloPagamento></datiSingoliPagamenti><datiSingoliPagamenti><identificativoUnivocoVersamento>RF851258</identificativoUnivocoVersamento><identificativoUnivocoRiscossione>00099832120113706321</identificativoUnivocoRiscossione><singoloImportoPagato>60</singoloImportoPagato><codiceEsitoSingoloPagamento>0</codiceEsitoSingoloPagamento><dataEsitoSingoloPagamento>2016-04-08</dataEsitoSingoloPagamento></datiSingoliPagamenti><datiSingoliPagamenti><identificativoUnivocoVersamento>RF351382</identificativoUnivocoVersamento><identificativoUnivocoRiscossione>00099984126113710762</identificativoUnivocoRiscossione><singoloImportoPagato>45</singoloImportoPagato><codiceEsitoSingoloPagamento>0</codiceEsitoSingoloPagamento><dataEsitoSingoloPagamento>2016-04-08</dataEsitoSingoloPagamento></datiSingoliPagamenti><datiSingoliPagamenti><identificativoUnivocoVersamento>RF091462</identificativoUnivocoVersamento><identificativoUnivocoRiscossione>00099430377113714771</identificativoUnivocoRiscossione><singoloImportoPagato>30</singoloImportoPagato><codiceEsitoSingoloPagamento>0</codiceEsitoSingoloPagamento><dataEsitoSingoloPagamento>2016-04-08</dataEsitoSingoloPagamento></datiSingoliPagamenti><datiSingoliPagamenti><identificativoUnivocoVersamento>RF521464</identificativoUnivocoVersamento><identificativoUnivocoRiscossione>00099193544113714931</identificativoUnivocoRiscossione><singoloImportoPagato>30</singoloImportoPagato><codiceEsitoSingoloPagamento>0</codiceEsitoSingoloPagamento><dataEsitoSingoloPagamento>2016-04-08</dataEsitoSingoloPagamento></datiSingoliPagamenti><datiSingoliPagamenti><identificativoUnivocoVersamento>RF881107</identificativoUnivocoVersamento><identificativoUnivocoRiscossione>00099895632113701653</identificativoUnivocoRiscossione><singoloImportoPagato>150</singoloImportoPagato><codiceEsitoSingoloPagamento>0</codiceEsitoSingoloPagamento><dataEsitoSingoloPagamento>2016-04-08</dataEsitoSingoloPagamento></datiSingoliPagamenti><datiSingoliPagamenti><identificativoUnivocoVersamento>RF871222</identificativoUnivocoVersamento><identificativoUnivocoRiscossione>00099789401113705066</identificativoUnivocoRiscossione><singoloImportoPagato>60</singoloImportoPagato><codiceEsitoSingoloPagamento>0</codiceEsitoSingoloPagamento><dataEsitoSingoloPagamento>2016-04-08</dataEsitoSingoloPagamento></datiSingoliPagamenti><datiSingoliPagamenti><identificativoUnivocoVersamento>RF941290</identificativoUnivocoVersamento><identificativoUnivocoRiscossione>00099385850113706881</identificativoUnivocoRiscossione><singoloImportoPagato>150</singoloImportoPagato><codiceEsitoSingoloPagamento>0</codiceEsitoSingoloPagamento><dataEsitoSingoloPagamento>2016-04-08</dataEsitoSingoloPagamento></datiSingoliPagamenti><datiSingoliPagamenti><identificativoUnivocoVersamento>RF331321</identificativoUnivocoVersamento><identificativoUnivocoRiscossione>00099160445113707777</identificativoUnivocoRiscossione><singoloImportoPagato>30</singoloImportoPagato><codiceEsitoSingoloPagamento>0</codiceEsitoSingoloPagamento><dataEsitoSingoloPagamento>2016-04-08</dataEsitoSingoloPagamento></datiSingoliPagamenti></FlussoRiversamento>