<?xml version="1.0" encoding="UTF-8" standalone="yes"?>
<FlussoRiversamento xmlns="http://www.digitpa.gov.it/schemas/2011/Pagamenti/">
    <versioneOggetto>1.0</versioneOggetto>
    <identificativoFlusso>SCT2016041220300767904</identificativoFlusso>
    <dataOraFlusso>2016-04-12T08:00:19</dataOraFlusso>
    <identificativoUnivocoRegolamento>203007679046AGID480160001600IT</identificativoUnivocoRegolamento>
    <dataRegolamento>2016-04-12</dataRegolamento>
    <istitutoMittente>
        <identificativoUnivocoMittente>
            <tipoIdentificativoUnivoco>A</tipoIdentificativoUnivoco>
            <codiceIdentificativoUnivoco>05000</codiceIdentificativoUnivoco>
        </identificativoUnivocoMittente>
        <denominazioneMittente>ICBPI</denominazioneMittente>
    </istitutoMittente>
    <istitutoRicevente>
        <identificativoUnivocoRicevente>
            <tipoIdentificativoUnivoco>G</tipoIdentificativoUnivoco>
            <codiceIdentificativoUnivoco>00569890379</codiceIdentificativoUnivoco>
        </identificativoUnivocoRicevente>
        <denominazioneRicevente>99988            ERVET</denominazioneRicevente>
    </istitutoRicevente>
    <numeroTotalePagamenti>61</numeroTotalePagamenti>
    <importoTotalePagamenti>3656</importoTotalePagamenti>
    <datiSingoliPagamenti>
        <identificativoUnivocoVersamento>RF961739</identificativoUnivocoVersamento>
        <identificativoUnivocoRiscossione>0000000056143</identificativoUnivocoRiscossione>
        <singoloImportoPagato>15</singoloImportoPagato>
        <codiceEsitoSingoloPagamento>0</codiceEsitoSingoloPagamento>
        <dataEsitoSingoloPagamento>2016-04-11</dataEsitoSingoloPagamento>
    </datiSingoliPagamenti>
    <datiSingoliPagamenti>
        <identificativoUnivocoVersamento>RF691740</identificativoUnivocoVersamento>
        <identificativoUnivocoRiscossione>0000000056144</identificativoUnivocoRiscossione>
        <singoloImportoPagato>150</singoloImportoPagato>
        <codiceEsitoSingoloPagamento>0</codiceEsitoSingoloPagamento>
        <dataEsitoSingoloPagamento>2016-04-11</dataEsitoSingoloPagamento>
    </datiSingoliPagamenti>
    <datiSingoliPagamenti>
        <identificativoUnivocoVersamento>RF631751</identificativoUnivocoVersamento>
        <identificativoUnivocoRiscossione>0000000056153</identificativoUnivocoRiscossione>
        <singoloImportoPagato>45</singoloImportoPagato>
        <codiceEsitoSingoloPagamento>0</codiceEsitoSingoloPagamento>
        <dataEsitoSingoloPagamento>2016-04-11</dataEsitoSingoloPagamento>
    </datiSingoliPagamenti>
    <datiSingoliPagamenti>
        <identificativoUnivocoVersamento>RF361752</identificativoUnivocoVersamento>
        <identificativoUnivocoRiscossione>0000000056154</identificativoUnivocoRiscossione>
        <singoloImportoPagato>45</singoloImportoPagato>
        <codiceEsitoSingoloPagamento>0</codiceEsitoSingoloPagamento>
        <dataEsitoSingoloPagamento>2016-04-11</dataEsitoSingoloPagamento>
    </datiSingoliPagamenti>
    <datiSingoliPagamenti>
        <identificativoUnivocoVersamento>RF841761</identificativoUnivocoVersamento>
        <identificativoUnivocoRiscossione>0000000056159</identificativoUnivocoRiscossione>
        <singoloImportoPagato>15</singoloImportoPagato>
        <codiceEsitoSingoloPagamento>0</codiceEsitoSingoloPagamento>
        <dataEsitoSingoloPagamento>2016-04-11</dataEsitoSingoloPagamento>
    </datiSingoliPagamenti>
    <datiSingoliPagamenti>
        <identificativoUnivocoVersamento>RF501791</identificativoUnivocoVersamento>
        <identificativoUnivocoRiscossione>0000000056185</identificativoUnivocoRiscossione>
        <singoloImportoPagato>15</singoloImportoPagato>
        <codiceEsitoSingoloPagamento>0</codiceEsitoSingoloPagamento>
        <dataEsitoSingoloPagamento>2016-04-11</dataEsitoSingoloPagamento>
    </datiSingoliPagamenti>
    <datiSingoliPagamenti>
        <identificativoUnivocoVersamento>RF231792</identificativoUnivocoVersamento>
        <identificativoUnivocoRiscossione>0000000056186</identificativoUnivocoRiscossione>
        <singoloImportoPagato>15</singoloImportoPagato>
        <codiceEsitoSingoloPagamento>0</codiceEsitoSingoloPagamento>
        <dataEsitoSingoloPagamento>2016-04-11</dataEsitoSingoloPagamento>
    </datiSingoliPagamenti>
    <datiSingoliPagamenti>
        <identificativoUnivocoVersamento>RF761808</identificativoUnivocoVersamento>
        <identificativoUnivocoRiscossione>0000000056194</identificativoUnivocoRiscossione>
        <singoloImportoPagato>15</singoloImportoPagato>
        <codiceEsitoSingoloPagamento>0</codiceEsitoSingoloPagamento>
        <dataEsitoSingoloPagamento>2016-04-11</dataEsitoSingoloPagamento>
    </datiSingoliPagamenti>
    <datiSingoliPagamenti>
        <identificativoUnivocoVersamento>RF381813</identificativoUnivocoVersamento>
        <identificativoUnivocoRiscossione>0000000056195</identificativoUnivocoRiscossione>
        <singoloImportoPagato>150</singoloImportoPagato>
        <codiceEsitoSingoloPagamento>0</codiceEsitoSingoloPagamento>
        <dataEsitoSingoloPagamento>2016-04-11</dataEsitoSingoloPagamento>
    </datiSingoliPagamenti>
    <datiSingoliPagamenti>
        <identificativoUnivocoVersamento>RF111814</identificativoUnivocoVersamento>
        <identificativoUnivocoRiscossione>0000000056196</identificativoUnivocoRiscossione>
        <singoloImportoPagato>15</singoloImportoPagato>
        <codiceEsitoSingoloPagamento>0</codiceEsitoSingoloPagamento>
        <dataEsitoSingoloPagamento>2016-04-11</dataEsitoSingoloPagamento>
    </datiSingoliPagamenti>
    <datiSingoliPagamenti>
        <identificativoUnivocoVersamento>RF541816</identificativoUnivocoVersamento>
        <identificativoUnivocoRiscossione>0000000056197</identificativoUnivocoRiscossione>
        <singoloImportoPagato>90</singoloImportoPagato>
        <codiceEsitoSingoloPagamento>0</codiceEsitoSingoloPagamento>
        <dataEsitoSingoloPagamento>2016-04-11</dataEsitoSingoloPagamento>
    </datiSingoliPagamenti>
    <datiSingoliPagamenti>
        <identificativoUnivocoVersamento>RF971818</identificativoUnivocoVersamento>
        <identificativoUnivocoRiscossione>0000000056199</identificativoUnivocoRiscossione>
        <singoloImportoPagato>105</singoloImportoPagato>
        <codiceEsitoSingoloPagamento>0</codiceEsitoSingoloPagamento>
        <dataEsitoSingoloPagamento>2016-04-11</dataEsitoSingoloPagamento>
    </datiSingoliPagamenti>
    <datiSingoliPagamenti>
        <identificativoUnivocoVersamento>RF701819</identificativoUnivocoVersamento>
        <identificativoUnivocoRiscossione>0000000056201</identificativoUnivocoRiscossione>
        <singoloImportoPagato>45</singoloImportoPagato>
        <codiceEsitoSingoloPagamento>0</codiceEsitoSingoloPagamento>
        <dataEsitoSingoloPagamento>2016-04-11</dataEsitoSingoloPagamento>
    </datiSingoliPagamenti>
    <datiSingoliPagamenti>
        <identificativoUnivocoVersamento>RF481827</identificativoUnivocoVersamento>
        <identificativoUnivocoRiscossione>0000000056205</identificativoUnivocoRiscossione>
        <singoloImportoPagato>15</singoloImportoPagato>
        <codiceEsitoSingoloPagamento>0</codiceEsitoSingoloPagamento>
        <dataEsitoSingoloPagamento>2016-04-11</dataEsitoSingoloPagamento>
    </datiSingoliPagamenti>
    <datiSingoliPagamenti>
        <identificativoUnivocoVersamento>RF641830</identificativoUnivocoVersamento>
        <identificativoUnivocoRiscossione>0000000056207</identificativoUnivocoRiscossione>
        <singoloImportoPagato>90</singoloImportoPagato>
        <codiceEsitoSingoloPagamento>0</codiceEsitoSingoloPagamento>
        <dataEsitoSingoloPagamento>2016-04-11</dataEsitoSingoloPagamento>
    </datiSingoliPagamenti>
    <datiSingoliPagamenti>
        <identificativoUnivocoVersamento>RF101832</identificativoUnivocoVersamento>
        <identificativoUnivocoRiscossione>0000000056208</identificativoUnivocoRiscossione>
        <singoloImportoPagato>50</singoloImportoPagato>
        <codiceEsitoSingoloPagamento>0</codiceEsitoSingoloPagamento>
        <dataEsitoSingoloPagamento>2016-04-11</dataEsitoSingoloPagamento>
    </datiSingoliPagamenti>
    <datiSingoliPagamenti>
        <identificativoUnivocoVersamento>RF581841</identificativoUnivocoVersamento>
        <identificativoUnivocoRiscossione>0000000056212</identificativoUnivocoRiscossione>
        <singoloImportoPagato>45</singoloImportoPagato>
        <codiceEsitoSingoloPagamento>0</codiceEsitoSingoloPagamento>
        <dataEsitoSingoloPagamento>2016-04-11</dataEsitoSingoloPagamento>
    </datiSingoliPagamenti>
    <datiSingoliPagamenti>
        <identificativoUnivocoVersamento>RF791851</identificativoUnivocoVersamento>
        <identificativoUnivocoRiscossione>0000000056219</identificativoUnivocoRiscossione>
        <singoloImportoPagato>30</singoloImportoPagato>
        <codiceEsitoSingoloPagamento>0</codiceEsitoSingoloPagamento>
        <dataEsitoSingoloPagamento>2016-04-11</dataEsitoSingoloPagamento>
    </datiSingoliPagamenti>
    <datiSingoliPagamenti>
        <identificativoUnivocoVersamento>RF141857</identificativoUnivocoVersamento>
        <identificativoUnivocoRiscossione>0000000056222</identificativoUnivocoRiscossione>
        <singoloImportoPagato>90</singoloImportoPagato>
        <codiceEsitoSingoloPagamento>0</codiceEsitoSingoloPagamento>
        <dataEsitoSingoloPagamento>2016-04-11</dataEsitoSingoloPagamento>
    </datiSingoliPagamenti>
    <datiSingoliPagamenti>
        <identificativoUnivocoVersamento>RF031861</identificativoUnivocoVersamento>
        <identificativoUnivocoRiscossione>0000000056226</identificativoUnivocoRiscossione>
        <singoloImportoPagato>15</singoloImportoPagato>
        <codiceEsitoSingoloPagamento>0</codiceEsitoSingoloPagamento>
        <dataEsitoSingoloPagamento>2016-04-11</dataEsitoSingoloPagamento>
    </datiSingoliPagamenti>
    <datiSingoliPagamenti>
        <identificativoUnivocoVersamento>RF731862</identificativoUnivocoVersamento>
        <identificativoUnivocoRiscossione>0000000056227</identificativoUnivocoRiscossione>
        <singoloImportoPagato>90</singoloImportoPagato>
        <codiceEsitoSingoloPagamento>0</codiceEsitoSingoloPagamento>
        <dataEsitoSingoloPagamento>2016-04-11</dataEsitoSingoloPagamento>
    </datiSingoliPagamenti>
    <datiSingoliPagamenti>
        <identificativoUnivocoVersamento>RF891865</identificativoUnivocoVersamento>
        <identificativoUnivocoRiscossione>0000000056228</identificativoUnivocoRiscossione>
        <singoloImportoPagato>45</singoloImportoPagato>
        <codiceEsitoSingoloPagamento>0</codiceEsitoSingoloPagamento>
        <dataEsitoSingoloPagamento>2016-04-11</dataEsitoSingoloPagamento>
    </datiSingoliPagamenti>
    <datiSingoliPagamenti>
        <identificativoUnivocoVersamento>RF081868</identificativoUnivocoVersamento>
        <identificativoUnivocoRiscossione>0000000056231</identificativoUnivocoRiscossione>
        <singoloImportoPagato>30</singoloImportoPagato>
        <codiceEsitoSingoloPagamento>0</codiceEsitoSingoloPagamento>
        <dataEsitoSingoloPagamento>2016-04-11</dataEsitoSingoloPagamento>
    </datiSingoliPagamenti>
    <datiSingoliPagamenti>
        <identificativoUnivocoVersamento>RF321727</identificativoUnivocoVersamento>
        <identificativoUnivocoRiscossione>0000000056133</identificativoUnivocoRiscossione>
        <singoloImportoPagato>15</singoloImportoPagato>
        <codiceEsitoSingoloPagamento>0</codiceEsitoSingoloPagamento>
        <dataEsitoSingoloPagamento>2016-04-11</dataEsitoSingoloPagamento>
    </datiSingoliPagamenti>
    <datiSingoliPagamenti>
        <identificativoUnivocoVersamento>RF371734</identificativoUnivocoVersamento>
        <identificativoUnivocoRiscossione>0000000056139</identificativoUnivocoRiscossione>
        <singoloImportoPagato>150</singoloImportoPagato>
        <codiceEsitoSingoloPagamento>0</codiceEsitoSingoloPagamento>
        <dataEsitoSingoloPagamento>2016-04-11</dataEsitoSingoloPagamento>
    </datiSingoliPagamenti>
    <datiSingoliPagamenti>
        <identificativoUnivocoVersamento>RF721686</identificativoUnivocoVersamento>
        <identificativoUnivocoRiscossione>0000000056113</identificativoUnivocoRiscossione>
        <singoloImportoPagato>75</singoloImportoPagato>
        <codiceEsitoSingoloPagamento>0</codiceEsitoSingoloPagamento>
        <dataEsitoSingoloPagamento>2016-04-11</dataEsitoSingoloPagamento>
    </datiSingoliPagamenti>
    <datiSingoliPagamenti>
        <identificativoUnivocoVersamento>RF611690</identificativoUnivocoVersamento>
        <identificativoUnivocoRiscossione>0000000056115</identificativoUnivocoRiscossione>
        <singoloImportoPagato>30</singoloImportoPagato>
        <codiceEsitoSingoloPagamento>0</codiceEsitoSingoloPagamento>
        <dataEsitoSingoloPagamento>2016-04-11</dataEsitoSingoloPagamento>
    </datiSingoliPagamenti>
    <datiSingoliPagamenti>
        <identificativoUnivocoVersamento>RF331709</identificativoUnivocoVersamento>
        <identificativoUnivocoRiscossione>0000000056123</identificativoUnivocoRiscossione>
        <singoloImportoPagato>150</singoloImportoPagato>
        <codiceEsitoSingoloPagamento>0</codiceEsitoSingoloPagamento>
        <dataEsitoSingoloPagamento>2016-04-11</dataEsitoSingoloPagamento>
    </datiSingoliPagamenti>
    <datiSingoliPagamenti>
        <identificativoUnivocoVersamento>RF221713</identificativoUnivocoVersamento>
        <identificativoUnivocoRiscossione>0000000056126</identificativoUnivocoRiscossione>
        <singoloImportoPagato>150</singoloImportoPagato>
        <codiceEsitoSingoloPagamento>0</codiceEsitoSingoloPagamento>
        <dataEsitoSingoloPagamento>2016-04-11</dataEsitoSingoloPagamento>
    </datiSingoliPagamenti>
    <datiSingoliPagamenti>
        <identificativoUnivocoVersamento>RF111717</identificativoUnivocoVersamento>
        <identificativoUnivocoRiscossione>0000000056128</identificativoUnivocoRiscossione>
        <singoloImportoPagato>31</singoloImportoPagato>
        <codiceEsitoSingoloPagamento>0</codiceEsitoSingoloPagamento>
        <dataEsitoSingoloPagamento>2016-04-11</dataEsitoSingoloPagamento>
    </datiSingoliPagamenti>
    <datiSingoliPagamenti>
        <identificativoUnivocoVersamento>RF431723</identificativoUnivocoVersamento>
        <identificativoUnivocoRiscossione>0000000056129</identificativoUnivocoRiscossione>
        <singoloImportoPagato>60</singoloImportoPagato>
        <codiceEsitoSingoloPagamento>0</codiceEsitoSingoloPagamento>
        <dataEsitoSingoloPagamento>2016-04-11</dataEsitoSingoloPagamento>
    </datiSingoliPagamenti>
    <datiSingoliPagamenti>
        <identificativoUnivocoVersamento>RF511870</identificativoUnivocoVersamento>
        <identificativoUnivocoRiscossione>0000000056232</identificativoUnivocoRiscossione>
        <singoloImportoPagato>15</singoloImportoPagato>
        <codiceEsitoSingoloPagamento>0</codiceEsitoSingoloPagamento>
        <dataEsitoSingoloPagamento>2016-04-11</dataEsitoSingoloPagamento>
    </datiSingoliPagamenti>
    <datiSingoliPagamenti>
        <identificativoUnivocoVersamento>RF401874</identificativoUnivocoVersamento>
        <identificativoUnivocoRiscossione>0000000056236</identificativoUnivocoRiscossione>
        <singoloImportoPagato>15</singoloImportoPagato>
        <codiceEsitoSingoloPagamento>0</codiceEsitoSingoloPagamento>
        <dataEsitoSingoloPagamento>2016-04-11</dataEsitoSingoloPagamento>
    </datiSingoliPagamenti>
    <datiSingoliPagamenti>
        <identificativoUnivocoVersamento>RF201652</identificativoUnivocoVersamento>
        <identificativoUnivocoRiscossione>0000000056091</identificativoUnivocoRiscossione>
        <singoloImportoPagato>60</singoloImportoPagato>
        <codiceEsitoSingoloPagamento>0</codiceEsitoSingoloPagamento>
        <dataEsitoSingoloPagamento>2016-04-11</dataEsitoSingoloPagamento>
    </datiSingoliPagamenti>
    <datiSingoliPagamenti>
        <identificativoUnivocoVersamento>RF461669</identificativoUnivocoVersamento>
        <identificativoUnivocoRiscossione>0000000056103</identificativoUnivocoRiscossione>
        <singoloImportoPagato>60</singoloImportoPagato>
        <codiceEsitoSingoloPagamento>0</codiceEsitoSingoloPagamento>
        <dataEsitoSingoloPagamento>2016-04-11</dataEsitoSingoloPagamento>
    </datiSingoliPagamenti>
    <datiSingoliPagamenti>
        <identificativoUnivocoVersamento>RF191670</identificativoUnivocoVersamento>
        <identificativoUnivocoRiscossione>0000000056104</identificativoUnivocoRiscossione>
        <singoloImportoPagato>15</singoloImportoPagato>
        <codiceEsitoSingoloPagamento>0</codiceEsitoSingoloPagamento>
        <dataEsitoSingoloPagamento>2016-04-11</dataEsitoSingoloPagamento>
    </datiSingoliPagamenti>
    <datiSingoliPagamenti>
        <identificativoUnivocoVersamento>RF891671</identificativoUnivocoVersamento>
        <identificativoUnivocoRiscossione>0000000056105</identificativoUnivocoRiscossione>
        <singoloImportoPagato>50</singoloImportoPagato>
        <codiceEsitoSingoloPagamento>0</codiceEsitoSingoloPagamento>
        <dataEsitoSingoloPagamento>2016-04-11</dataEsitoSingoloPagamento>
    </datiSingoliPagamenti>
    <datiSingoliPagamenti>
        <identificativoUnivocoVersamento>RF241677</identificativoUnivocoVersamento>
        <identificativoUnivocoRiscossione>0000000056108</identificativoUnivocoRiscossione>
        <singoloImportoPagato>30</singoloImportoPagato>
        <codiceEsitoSingoloPagamento>0</codiceEsitoSingoloPagamento>
        <dataEsitoSingoloPagamento>2016-04-11</dataEsitoSingoloPagamento>
    </datiSingoliPagamenti>
    <datiSingoliPagamenti>
        <identificativoUnivocoVersamento>RF831682</identificativoUnivocoVersamento>
        <identificativoUnivocoRiscossione>0000000056110</identificativoUnivocoRiscossione>
        <singoloImportoPagato>45</singoloImportoPagato>
        <codiceEsitoSingoloPagamento>0</codiceEsitoSingoloPagamento>
        <dataEsitoSingoloPagamento>2016-04-11</dataEsitoSingoloPagamento>
    </datiSingoliPagamenti>
    <datiSingoliPagamenti>
        <identificativoUnivocoVersamento>RF021685</identificativoUnivocoVersamento>
        <identificativoUnivocoRiscossione>0000000056112</identificativoUnivocoRiscossione>
        <singoloImportoPagato>100</singoloImportoPagato>
        <codiceEsitoSingoloPagamento>0</codiceEsitoSingoloPagamento>
        <dataEsitoSingoloPagamento>2016-04-11</dataEsitoSingoloPagamento>
    </datiSingoliPagamenti>
    <datiSingoliPagamenti>
        <identificativoUnivocoVersamento>RF581647</identificativoUnivocoVersamento>
        <identificativoUnivocoRiscossione>0000000056086</identificativoUnivocoRiscossione>
        <singoloImportoPagato>60</singoloImportoPagato>
        <codiceEsitoSingoloPagamento>0</codiceEsitoSingoloPagamento>
        <dataEsitoSingoloPagamento>2016-04-11</dataEsitoSingoloPagamento>
    </datiSingoliPagamenti>
    <datiSingoliPagamenti>
        <identificativoUnivocoVersamento>RF591629</identificativoUnivocoVersamento>
        <identificativoUnivocoRiscossione>0000000056078</identificativoUnivocoRiscossione>
        <singoloImportoPagato>150</singoloImportoPagato>
        <codiceEsitoSingoloPagamento>0</codiceEsitoSingoloPagamento>
        <dataEsitoSingoloPagamento>2016-04-11</dataEsitoSingoloPagamento>
    </datiSingoliPagamenti>
    <datiSingoliPagamenti>
        <identificativoUnivocoVersamento>RF321630</identificativoUnivocoVersamento>
        <identificativoUnivocoRiscossione>0000000056079</identificativoUnivocoRiscossione>
        <singoloImportoPagato>15</singoloImportoPagato>
        <codiceEsitoSingoloPagamento>0</codiceEsitoSingoloPagamento>
        <dataEsitoSingoloPagamento>2016-04-11</dataEsitoSingoloPagamento>
    </datiSingoliPagamenti>
    <datiSingoliPagamenti>
        <identificativoUnivocoVersamento>RF671582</identificativoUnivocoVersamento>
        <identificativoUnivocoRiscossione>0000000056058</identificativoUnivocoRiscossione>
        <singoloImportoPagato>60</singoloImportoPagato>
        <codiceEsitoSingoloPagamento>0</codiceEsitoSingoloPagamento>
        <dataEsitoSingoloPagamento>2016-04-11</dataEsitoSingoloPagamento>
    </datiSingoliPagamenti>
    <datiSingoliPagamenti>
        <identificativoUnivocoVersamento>RF131584</identificativoUnivocoVersamento>
        <identificativoUnivocoRiscossione>0000000056059</identificativoUnivocoRiscossione>
        <singoloImportoPagato>15</singoloImportoPagato>
        <codiceEsitoSingoloPagamento>0</codiceEsitoSingoloPagamento>
        <dataEsitoSingoloPagamento>2016-04-11</dataEsitoSingoloPagamento>
    </datiSingoliPagamenti>
    <datiSingoliPagamenti>
        <identificativoUnivocoVersamento>RF721589</identificativoUnivocoVersamento>
        <identificativoUnivocoRiscossione>0000000056062</identificativoUnivocoRiscossione>
        <singoloImportoPagato>60</singoloImportoPagato>
        <codiceEsitoSingoloPagamento>0</codiceEsitoSingoloPagamento>
        <dataEsitoSingoloPagamento>2016-04-11</dataEsitoSingoloPagamento>
    </datiSingoliPagamenti>
    <datiSingoliPagamenti>
        <identificativoUnivocoVersamento>RF181591</identificativoUnivocoVersamento>
        <identificativoUnivocoRiscossione>0000000056063</identificativoUnivocoRiscossione>
        <singoloImportoPagato>60</singoloImportoPagato>
        <codiceEsitoSingoloPagamento>0</codiceEsitoSingoloPagamento>
        <dataEsitoSingoloPagamento>2016-04-11</dataEsitoSingoloPagamento>
    </datiSingoliPagamenti>
    <datiSingoliPagamenti>
        <identificativoUnivocoVersamento>RF501597</identificativoUnivocoVersamento>
        <identificativoUnivocoRiscossione>0000000056066</identificativoUnivocoRiscossione>
        <singoloImportoPagato>90</singoloImportoPagato>
        <codiceEsitoSingoloPagamento>0</codiceEsitoSingoloPagamento>
        <dataEsitoSingoloPagamento>2016-04-11</dataEsitoSingoloPagamento>
    </datiSingoliPagamenti>
    <datiSingoliPagamenti>
        <identificativoUnivocoVersamento>RF231598</identificativoUnivocoVersamento>
        <identificativoUnivocoRiscossione>0000000056068</identificativoUnivocoRiscossione>
        <singoloImportoPagato>90</singoloImportoPagato>
        <codiceEsitoSingoloPagamento>0</codiceEsitoSingoloPagamento>
        <dataEsitoSingoloPagamento>2016-04-11</dataEsitoSingoloPagamento>
    </datiSingoliPagamenti>
    <datiSingoliPagamenti>
        <identificativoUnivocoVersamento>RF111620</identificativoUnivocoVersamento>
        <identificativoUnivocoRiscossione>0000000056071</identificativoUnivocoRiscossione>
        <singoloImportoPagato>150</singoloImportoPagato>
        <codiceEsitoSingoloPagamento>0</codiceEsitoSingoloPagamento>
        <dataEsitoSingoloPagamento>2016-04-11</dataEsitoSingoloPagamento>
    </datiSingoliPagamenti>
    <datiSingoliPagamenti>
        <identificativoUnivocoVersamento>RF541622</identificativoUnivocoVersamento>
        <identificativoUnivocoRiscossione>0000000056074</identificativoUnivocoRiscossione>
        <singoloImportoPagato>150</singoloImportoPagato>
        <codiceEsitoSingoloPagamento>0</codiceEsitoSingoloPagamento>
        <dataEsitoSingoloPagamento>2016-04-11</dataEsitoSingoloPagamento>
    </datiSingoliPagamenti>
    <datiSingoliPagamenti>
        <identificativoUnivocoVersamento>RF271623</identificativoUnivocoVersamento>
        <identificativoUnivocoRiscossione>0000000056075</identificativoUnivocoRiscossione>
        <singoloImportoPagato>150</singoloImportoPagato>
        <codiceEsitoSingoloPagamento>0</codiceEsitoSingoloPagamento>
        <dataEsitoSingoloPagamento>2016-04-11</dataEsitoSingoloPagamento>
    </datiSingoliPagamenti>
    <datiSingoliPagamenti>
        <identificativoUnivocoVersamento>RF971624</identificativoUnivocoVersamento>
        <identificativoUnivocoRiscossione>0000000056076</identificativoUnivocoRiscossione>
        <singoloImportoPagato>150</singoloImportoPagato>
        <codiceEsitoSingoloPagamento>0</codiceEsitoSingoloPagamento>
        <dataEsitoSingoloPagamento>2016-04-11</dataEsitoSingoloPagamento>
    </datiSingoliPagamenti>
    <datiSingoliPagamenti>
        <identificativoUnivocoVersamento>RF161627</identificativoUnivocoVersamento>
        <identificativoUnivocoRiscossione>0000000056077</identificativoUnivocoRiscossione>
        <singoloImportoPagato>35</singoloImportoPagato>
        <codiceEsitoSingoloPagamento>0</codiceEsitoSingoloPagamento>
        <dataEsitoSingoloPagamento>2016-04-11</dataEsitoSingoloPagamento>
    </datiSingoliPagamenti>
    <datiSingoliPagamenti>
        <identificativoUnivocoVersamento>RF651909</identificativoUnivocoVersamento>
        <identificativoUnivocoRiscossione>0000000056261</identificativoUnivocoRiscossione>
        <singoloImportoPagato>15</singoloImportoPagato>
        <codiceEsitoSingoloPagamento>0</codiceEsitoSingoloPagamento>
        <dataEsitoSingoloPagamento>2016-04-11</dataEsitoSingoloPagamento>
    </datiSingoliPagamenti>
    <datiSingoliPagamenti>
        <identificativoUnivocoVersamento>RF291878</identificativoUnivocoVersamento>
        <identificativoUnivocoRiscossione>0000000056240</identificativoUnivocoRiscossione>
        <singoloImportoPagato>30</singoloImportoPagato>
        <codiceEsitoSingoloPagamento>0</codiceEsitoSingoloPagamento>
        <dataEsitoSingoloPagamento>2016-04-11</dataEsitoSingoloPagamento>
    </datiSingoliPagamenti>
    <datiSingoliPagamenti>
        <identificativoUnivocoVersamento>RF721880</identificativoUnivocoVersamento>
        <identificativoUnivocoRiscossione>0000000056241</identificativoUnivocoRiscossione>
        <singoloImportoPagato>15</singoloImportoPagato>
        <codiceEsitoSingoloPagamento>0</codiceEsitoSingoloPagamento>
        <dataEsitoSingoloPagamento>2016-04-11</dataEsitoSingoloPagamento>
    </datiSingoliPagamenti>
    <datiSingoliPagamenti>
        <identificativoUnivocoVersamento>RF881883</identificativoUnivocoVersamento>
        <identificativoUnivocoRiscossione>0000000056245</identificativoUnivocoRiscossione>
        <singoloImportoPagato>30</singoloImportoPagato>
        <codiceEsitoSingoloPagamento>0</codiceEsitoSingoloPagamento>
        <dataEsitoSingoloPagamento>2016-04-11</dataEsitoSingoloPagamento>
    </datiSingoliPagamenti>
    <datiSingoliPagamenti>
        <identificativoUnivocoVersamento>RF501888</identificativoUnivocoVersamento>
        <identificativoUnivocoRiscossione>0000000056248</identificativoUnivocoRiscossione>
        <singoloImportoPagato>30</singoloImportoPagato>
        <codiceEsitoSingoloPagamento>0</codiceEsitoSingoloPagamento>
        <dataEsitoSingoloPagamento>2016-04-11</dataEsitoSingoloPagamento>
    </datiSingoliPagamenti>
    <datiSingoliPagamenti>
        <identificativoUnivocoVersamento>RF931890</identificativoUnivocoVersamento>
        <identificativoUnivocoRiscossione>0000000056249</identificativoUnivocoRiscossione>
        <singoloImportoPagato>15</singoloImportoPagato>
        <codiceEsitoSingoloPagamento>0</codiceEsitoSingoloPagamento>
        <dataEsitoSingoloPagamento>2016-04-11</dataEsitoSingoloPagamento>
    </datiSingoliPagamenti>
    <datiSingoliPagamenti>
        <identificativoUnivocoVersamento>RF441899</identificativoUnivocoVersamento>
        <identificativoUnivocoRiscossione>0000000056253</identificativoUnivocoRiscossione>
        <singoloImportoPagato>15</singoloImportoPagato>
        <codiceEsitoSingoloPagamento>0</codiceEsitoSingoloPagamento>
        <dataEsitoSingoloPagamento>2016-04-11</dataEsitoSingoloPagamento>
    </datiSingoliPagamenti>
</FlussoRiversamento>
