<?xml version="1.0" encoding="UTF-8" standalone="yes"?><RT xmlns="http://www.digitpa.gov.it/schemas/2011/Pagamenti/"><versioneOggetto>1.0</versioneOggetto><dominio><identificativoDominio>00569890379</identificativoDominio><identificativoStazioneRichiedente>02770891204_01</identificativoStazioneRichiedente></dominio><identificativoMessaggioRicevuta>64acf5c0dd9b4169ae2b5b81fa6d7bf6</identificativoMessaggioRicevuta><dataOraMessaggioRicevuta>2016-04-11T20:46:12.955</dataOraMessaggioRicevuta><riferimentoMessaggioRichiesta>20160411204314</riferimentoMessaggioRichiesta><riferimentoDataRichiesta>2016-04-11</riferimentoDataRichiesta><istitutoAttestante><identificativoUnivocoAttestante><tipoIdentificativoUnivoco>A</tipoIdentificativoUnivoco><codiceIdentificativoUnivoco>02008</codiceIdentificativoUnivoco></identificativoUnivocoAttestante><denominazioneAttestante>UniCredit S.p.A.</denominazioneAttestante></istitutoAttestante><enteBeneficiario><identificativoUnivocoBeneficiario><tipoIdentificativoUnivoco>G</tipoIdentificativoUnivoco><codiceIdentificativoUnivoco>00569890379</codiceIdentificativoUnivoco></identificativoUnivocoBeneficiario><denominazioneBeneficiario>[99988          ] ERVET </denominazioneBeneficiario></enteBeneficiario><soggettoPagatore><identificativoUnivocoPagatore><tipoIdentificativoUnivoco>F</tipoIdentificativoUnivoco><codiceIdentificativoUnivoco>FGLCRD64S15B819T</codiceIdentificativoUnivoco></identificativoUnivocoPagatore><anagraficaPagatore>PAGAMENTO ANONIMO Web Payer</anagraficaPagatore><e-mailPagatore>direzione@enerplan.it</e-mailPagatore></soggettoPagatore><datiPagamento><codiceEsitoPagamento>0</codiceEsitoPagamento><importoTotalePagato>60.00</importoTotalePagato><identificativoUnivocoVersamento>RF241871</identificativoUnivocoVersamento><CodiceContestoPagamento>n/a</CodiceContestoPagamento><datiSingoloPagamento><singoloImportoPagato>60.00</singoloImportoPagato><esitoSingoloPagamento>ACTC:PagamentoAccettato</esitoSingoloPagamento><dataEsitoSingoloPagamento>2016-04-11</dataEsitoSingoloPagamento><identificativoUnivocoRiscossione>00102245897113789681</identificativoUnivocoRiscossione><causaleVersamento>/RFS/RF241871/60.00</causaleVersamento><datiSpecificiRiscossione>9/123</datiSpecificiRiscossione></datiSingoloPagamento></datiPagamento></RT>