<?xml version="1.0" encoding="UTF-8" standalone="yes"?><RT xmlns="http://www.digitpa.gov.it/schemas/2011/Pagamenti/"><versioneOggetto>1.0</versioneOggetto><dominio><identificativoDominio>00569890379</identificativoDominio><identificativoStazioneRichiedente>02770891204_01</identificativoStazioneRichiedente></dominio><identificativoMessaggioRicevuta>e44644da2a8b4787917c7a3a09ccf57b</identificativoMessaggioRicevuta><dataOraMessaggioRicevuta>2016-04-11T22:04:36.898</dataOraMessaggioRicevuta><riferimentoMessaggioRichiesta>20160411220046</riferimentoMessaggioRichiesta><riferimentoDataRichiesta>2016-04-11</riferimentoDataRichiesta><istitutoAttestante><identificativoUnivocoAttestante><tipoIdentificativoUnivoco>A</tipoIdentificativoUnivoco><codiceIdentificativoUnivoco>02008</codiceIdentificativoUnivoco></identificativoUnivocoAttestante><denominazioneAttestante>UniCredit S.p.A.</denominazioneAttestante></istitutoAttestante><enteBeneficiario><identificativoUnivocoBeneficiario><tipoIdentificativoUnivoco>G</tipoIdentificativoUnivoco><codiceIdentificativoUnivoco>00569890379</codiceIdentificativoUnivoco></identificativoUnivocoBeneficiario><denominazioneBeneficiario>[99988          ] ERVET </denominazioneBeneficiario></enteBeneficiario><soggettoPagatore><identificativoUnivocoPagatore><tipoIdentificativoUnivoco>F</tipoIdentificativoUnivoco><codiceIdentificativoUnivoco>GTTDRA74C30A059M</codiceIdentificativoUnivoco></identificativoUnivocoPagatore><anagraficaPagatore>PAGAMENTO ANONIMO Web Payer</anagraficaPagatore><e-mailPagatore>gatti_dario@libero.it</e-mailPagatore></soggettoPagatore><datiPagamento><codiceEsitoPagamento>0</codiceEsitoPagamento><importoTotalePagato>15.00</importoTotalePagato><identificativoUnivocoVersamento>RF711898</identificativoUnivocoVersamento><CodiceContestoPagamento>n/a</CodiceContestoPagamento><datiSingoloPagamento><singoloImportoPagato>15.00</singoloImportoPagato><esitoSingoloPagamento>ACTC:PagamentoAccettato</esitoSingoloPagamento><dataEsitoSingoloPagamento>2016-04-11</dataEsitoSingoloPagamento><identificativoUnivocoRiscossione>00102696319113791836</identificativoUnivocoRiscossione><causaleVersamento>/RFS/RF711898/15.00</causaleVersamento><datiSpecificiRiscossione>9/123</datiSpecificiRiscossione></datiSingoloPagamento></datiPagamento></RT>