<?xml version="1.0" encoding="UTF-8" standalone="yes"?><RT xmlns="http://www.digitpa.gov.it/schemas/2011/Pagamenti/"><versioneOggetto>1.0</versioneOggetto><dominio><identificativoDominio>00569890379</identificativoDominio><identificativoStazioneRichiedente>02770891204_01</identificativoStazioneRichiedente></dominio><identificativoMessaggioRicevuta>d9acbaafdc9b4681874719080322d84e</identificativoMessaggioRicevuta><dataOraMessaggioRicevuta>2016-04-11T15:34:10.765</dataOraMessaggioRicevuta><riferimentoMessaggioRichiesta>20160411153154</riferimentoMessaggioRichiesta><riferimentoDataRichiesta>2016-04-11</riferimentoDataRichiesta><istitutoAttestante><identificativoUnivocoAttestante><tipoIdentificativoUnivoco>A</tipoIdentificativoUnivoco><codiceIdentificativoUnivoco>02008</codiceIdentificativoUnivoco></identificativoUnivocoAttestante><denominazioneAttestante>UniCredit S.p.A.</denominazioneAttestante></istitutoAttestante><enteBeneficiario><identificativoUnivocoBeneficiario><tipoIdentificativoUnivoco>G</tipoIdentificativoUnivoco><codiceIdentificativoUnivoco>00569890379</codiceIdentificativoUnivoco></identificativoUnivocoBeneficiario><denominazioneBeneficiario>[99988          ] ERVET </denominazioneBeneficiario></enteBeneficiario><soggettoPagatore><identificativoUnivocoPagatore><tipoIdentificativoUnivoco>F</tipoIdentificativoUnivoco><codiceIdentificativoUnivoco>MDAVNT79H45F137L</codiceIdentificativoUnivoco></identificativoUnivocoPagatore><anagraficaPagatore>PAGAMENTO ANONIMO Web Payer</anagraficaPagatore><e-mailPagatore>valeamadei@libero.it</e-mailPagatore></soggettoPagatore><datiPagamento><codiceEsitoPagamento>0</codiceEsitoPagamento><importoTotalePagato>15.00</importoTotalePagato><identificativoUnivocoVersamento>RF981606</identificativoUnivocoVersamento><CodiceContestoPagamento>n/a</CodiceContestoPagamento><datiSingoloPagamento><singoloImportoPagato>15.00</singoloImportoPagato><esitoSingoloPagamento>ACTC:PagamentoAccettato</esitoSingoloPagamento><dataEsitoSingoloPagamento>2016-04-11</dataEsitoSingoloPagamento><identificativoUnivocoRiscossione>00102890718113778313</identificativoUnivocoRiscossione><causaleVersamento>/RFS/RF981606/15.00</causaleVersamento><datiSpecificiRiscossione>9/123</datiSpecificiRiscossione></datiSingoloPagamento></datiPagamento></RT>