numero riga;nome file RT
1;"670b7938-feb2-4cb5-9b0d-54e2cc5ea08e_RF391892_RT.xml"
2;"95c495e2-6e0c-4367-86b5-9d0b45205512_RF041843_RT.xml"
3;"0ef58a2b-a114-4c72-9faf-6ba9979ca94f_RF161627_RT.xml"
4;"53326c1d-d5b5-4638-98b7-f8b0020985b3_RF491809_RT.xml"
5;"851f7334-aa5c-4e9a-aae1-1fca1259151f_RF761808_RT.xml"
6;"dbac3e43-dcea-4a37-80e8-f643739e8da6_RF091656_RT.xml"
7;"0f2d4153-c67a-432c-81d5-bd3054d132d0_RF971721_RT.xml"
8;"cd9cce65-9b7a-40ae-a815-443059f9163a_RF611690_RT.xml"
9;"1b4db804-dc14-4bac-bcbd-48ae24965906_RF231792_RT.xml"
10;"8c9b577e-2566-4b12-a2ef-6b403f5b5996_RF971624_RT.xml"
11;"068b3a9b-772a-4f20-b9d1-172879966c50_RF321630_RT.xml"
12;"e48c5998-04d5-4f56-a8e1-24b62a6ca32f_RF021782_RT.xml"
13;"9c7ebd07-cc25-432c-9ac3-a32c9d6f85ab_RF881786_RT.xml"
14;"b1e0e826-621e-4ba4-994a-9ac65f9c485b_RF401777_RT.xml"
15;"9cc79666-a1b1-4581-881a-77dd7dbfec48_RF111717_RT.xml"
16;"e520be86-9ab4-498c-9599-cbf3010dad52_RF701625_RT.xml"
17;"b26183c0-1c8d-410a-a02a-4534e4210b32_RF111620_RT.xml"
18;"6aa7be66-19d6-4090-8002-f66f5a6362a6_RF691740_RT.xml"
19;"d5604476-6192-4556-a64c-481f4623b704_RF201846_RT.xml"
20;"b010926f-6e7e-445c-b711-40a74b9cb2dc_RF521658_RT.xml"
21;"f2269257-4e2e-42cb-9ad1-abd3dc7d6b59_RF551701_RT.xml"
22;"651d56b3-2b30-4193-8296-80d94494a838_RF221713_RT.xml"
23;"51a97a21-4275-47d9-8189-0f26ecad16d6_RF701722_RT.xml"
24;"da1c6d13-82d5-456f-b02f-89c3fbd3cd7d_RF731862_RT.xml"
25;"b93936ab-ef3f-4511-9f93-8b9c60895b10_RF941872_RT.xml"
26;"ef20d683-6632-453a-92b7-bacebd2c8b28_RF981606_RT.xml"
27;"fd987b5a-153e-4684-aa47-1d351a93929d_RF631751_RT.xml"
28;"26653737-fde4-4bfd-813e-23146d48ba2b_RF501791_RT.xml"
29;"ee53a6fa-e2a4-4baa-9d64-5773ac3c2020_RF621769_RT.xml"
30;"1f956fda-1217-4168-9dc2-d6177321f5d0_RF241871_RT.xml"
31;"71434769-d8a3-481a-8e20-9c8276e8a2d0_RF591823_RT.xml"
32;"41b62283-febe-401f-aecb-daad8a2705f1_RF961642_RT.xml"
33;"854efc47-5a77-4049-b027-7d65bd438f72_RF291781_RT.xml"
34;"361b6268-5a7e-43ea-b0bf-4ddca64ba8a2_RF511579_RT.xml"
35;"768255c3-ca70-4486-a113-45fe6508692f_RF881883_RT.xml"
36;"b3cb86dc-af0a-41bf-8e86-6e80ab7d8291_RF431626_RT.xml"
37;"bb51f6e9-83dc-4dde-98fd-77869e2e00fd_RF171803_RT.xml"
38;"646bc375-92c0-4132-a360-3faddf881576_RF151645_RT.xml"
39;"4c22ae76-07c6-4f33-bca2-f2359b02a10c_RF811718_RT.xml"
40;"352c93c1-cd60-462d-b9ef-1cf818288577_RF881592_RT.xml"
41;"09d45b1c-8c9a-4a5a-bcb1-734c49824277_RF611787_RT.xml"
42;"cd26a5ab-e071-4e1b-a67f-169dca4431c6_RF801833_RT.xml"
43;"5d334744-9483-4d0c-a1c3-02042d627cb9_RF461669_RT.xml"
44;"4d4595f9-1571-4d20-9870-187eae6e27c7_RF781675_RT.xml"
45;"6517fc24-7838-428e-a7e1-5e2223388d61_RF691643_RT.xml"
46;"9a75c618-aea9-4787-b151-a54b243499fb_RF751826_RT.xml"
47;"8ed42019-c4e3-4380-aeac-27ec19adf13a_RF841664_RT.xml"
48;"ab41d0f0-0225-4cd7-892a-9dbdf2840854_RF661891_RT.xml"
49;"3af8986e-6a16-4f75-80dd-d8cea0524d81_RF451881_RT.xml"
50;"a3e9133f-9e40-4ac7-ad97-e190d4e96438_RF491712_RT.xml"
51;"ab30919d-0ac3-47f0-a665-352293474848_RF371734_RT.xml"
52;"632b7ba2-be8c-458a-8062-5790f865d306_RF051825_RT.xml"
53;"612dbae3-ad29-4c04-bc5e-a31b2e48d060_RF181591_RT.xml"
54;"1994a26b-94e0-49fb-9917-8e2a201a5135_RF291587_RT.xml"
55;"f5234929-bbca-4b0d-be8e-cdc5561c7953_RF441705_RT.xml"
56;"907cdc80-f5e0-48dc-8d5e-ebbdf8a293f7_RF341691_RT.xml"
57;"70424594-ca6d-4518-99a2-72123a2c839f_RF821603_RT.xml"
58;"ff5df63d-e408-43a3-b72e-ddf82f2aaec4_RF271817_RT.xml"
59;"9821e594-55fb-4bfc-b875-a694654f37ce_RF681758_RT.xml"
60;"ba865b2b-8bc5-4b76-bdc1-84de41cc538b_RF541719_RT.xml"
61;"707e65e8-564c-41e2-a8b1-0921c77aa348_RF651909_RT.xml"
62;"51e115d0-0bdb-4a7a-b30c-d788c7828e07_RF391795_RT.xml"
63;"4d03377f-abd4-4a0b-be36-19456069af88_RF621866_RT.xml"
64;"64779188-90c6-4294-83f8-f3e2498e4acc_RF191670_RT.xml"
65;"098169d9-e22f-411b-ad1c-fa8daa50280b_RF711801_RT.xml"
66;"8ab93b5d-7c06-4a6c-879c-b2147aa80159_RF431723_RT.xml"
67;"0b60814d-febc-434f-b084-d3c63f941416_RF761614_RT.xml"
68;"cd8b28c0-ec4b-4e55-accd-0138853df366_RF141857_RT.xml"
69;"b5621808-bcb8-437a-84a0-af8ae9f7bd31_RF521755_RT.xml"
70;"f321ec50-2b50-4995-bbdc-9634747b57de_RF031861_RT.xml"
71;"76ef5a1a-e996-4984-ad9c-e347521ce3bc_RF231598_RT.xml"
72;"b30d5cd6-acd7-4830-a3b9-f34e2195b155_RF511676_RT.xml"
73;"43ad41b2-96f2-4f21-9b59-07e3ea1e5463_RF461766_RT.xml"
74;"8a45e73c-7af0-413c-b7c1-79de6f22218e_RF291878_RT.xml"
75;"4d615ccb-8624-4ed1-89e4-8402819b5cfb_RF721589_RT.xml"
76;"e3712cf7-08ac-43eb-b249-0f9ececf8275_RF641733_RT.xml"
77;"bc085c31-5dc8-4268-afe8-cf5042655272_RF981897_RT.xml"
78;"e80a6695-725e-4025-9810-be7d8da16a61_RF931793_RT.xml"
79;"ed343997-2026-4103-83f1-894d09540d9d_RF501888_RT.xml"
80;"8515a628-b809-4f97-b9c9-d2a0a3e84da3_RF441608_RT.xml"
81;"b5252c1e-fbc1-4e95-bcfc-fc5757f5771a_RF511870_RT.xml"
82;"5d3ac362-6943-401a-9608-55806ef502e1_RF341594_RT.xml"
83;"46ec1dbe-a0c6-418c-8169-696185c75ac1_RF471748_RT.xml"
84;"d82b192d-55d3-482d-a004-9d2c534c3b96_RF281799_RT.xml"
85;"87bf7b1a-e3eb-42a8-b99a-381fbea1cdcd_RF221810_RT.xml"
86;"e2d9498e-2b86-4c44-9f6c-5e6c15fa52cf_RF951757_RT.xml"
87;"92a56f83-fc93-443f-8a69-ada22929fe02_RF021685_RT.xml"
88;"89cc4fd7-e397-4584-9dd7-b378d242919e_RF671776_RT.xml"
89;"3780850f-2c28-4d2c-baef-c00d780c274e_RF211828_RT.xml"
90;"c38e84b4-0456-4f64-b582-5d403fd33f0e_RF741650_RT.xml"
91;"28d5f87c-8345-4887-abce-a5a9ffcbf757_RF821894_RT.xml"
92;"3e8b08f1-059e-4d47-a073-ba0247fa5ab4_RF921908_RT.xml"
93;"3f9519f4-5b8e-4ea2-ae51-278857929ecb_RF751632_RT.xml"
94;"88248d74-311f-41d9-9162-ef26ecee83ea_RF871610_RT.xml"
95;"da6c3d87-67ce-4edb-81a3-97e2d2391ade_RF581841_RT.xml"
96;"c6b4ae2e-7896-442f-b907-59f152a6eedb_RF241580_RT.xml"
97;"153004f9-76d7-4a1d-8543-da63c3b115ad_RF071886_RT.xml"
98;"591e33f5-28d7-4477-8b64-97c02c7871b3_RF021588_RT.xml"
99;"2cc46598-9693-4afa-86e0-e28ecb7ecb17_RF451784_RT.xml"
100;"e2595fe3-c900-4144-bc6a-bbdd2a84b9b5_RF731765_RT.xml"
101;"38dc06a7-7089-4000-8ac2-fb444f28bbfc_RF711898_RT.xml"
102;"625d2036-b7ed-4ccf-9fbf-a879a8dbe0d2_RF481827_RT.xml"
103;"64e88745-fa0e-4072-90d9-af4b7c3d80e2_RF871901_RT.xml"
104;"d04dd1d8-2395-416e-babf-d4f1d0f5d20c_RF101832_RT.xml"
105;"a801b54d-5229-4425-8c81-78046d3f8fe4_RF141760_RT.xml"
106;"4264749a-d315-4681-b670-e31bacb5c5b9_RF831585_RT.xml"
107;"ca83eba4-50f9-43cc-98b7-66d245a8ba20_RF151839_RT.xml"
108;"3775e780-cb41-4a9e-a41d-9949924a9e7d_RF221907_RT.xml"
109;"2d1bff94-26e0-4f7f-b593-b57796b533c5_RF861628_RT.xml"
110;"c60859ef-0926-441c-bf7c-bd95757f2f39_RF931696_RT.xml"
111;"e2e801ff-2f84-4d4a-a420-ca239748b66f_RF031764_RT.xml"
112;"70b8b5d2-1d43-4599-a590-40e3e3fa218b_RF891865_RT.xml"
113;"317e055d-07a1-4c72-b906-e039d63d32a0_RF131584_RT.xml"
114;"d6aa40f2-d89c-4617-8f68-87cc6a084695_RF051631_RT.xml"
115;"b38c0e8a-8bbd-4c9e-952d-febde16d895d_RF131875_RT.xml"
116;"2103fd9d-69ef-4260-9fa5-1ce0ce872b57_RF931599_RT.xml"
117;"cfa98904-8b0b-40db-88da-1fa0b1e2bddd_RF551604_RT.xml"
118;"971dcc8f-570f-4d27-938e-67c7b08262ae_RF641636_RT.xml"
119;"61a21a59-0254-4ccb-93c1-337e02be6e51_RF721880_RT.xml"
120;"471ed39a-ba0c-4e9a-a9f9-cddaabfea6a8_RF161724_RT.xml"
121;"1df5cc78-3f10-4c84-8d60-cac93ceae04e_RF081868_RT.xml"
122;"f5bb80bd-af69-4852-a86f-b62d3d187565_RF271623_RT.xml"
123;"b1c34b14-e9dc-4333-b544-0e1974ec4f2c_RF381716_RT.xml"
124;"a3ef33a9-aa83-4e43-8efc-122c41fe41e0_RF021879_RT.xml"
125;"2a821d35-5841-4eb8-b444-4c5f7d8ac3e8_RF711607_RT.xml"
126;"57019908-711d-46f0-9a38-2e32f0e16258_RF331709_RT.xml"
127;"6f997589-3ccd-4ff4-bb23-a010da27c415_RF401583_RT.xml"
128;"9cc8a1ff-b25a-4134-b1bc-5af3fad6f90b_RF961739_RT.xml"
129;"1105b3c7-c681-499b-8716-98a7adabb4f7_RF891671_RT.xml"
130;"116a85ae-9aec-4b7a-8dcb-911faf1d1d62_RF371637_RT.xml"
131;"473dfd68-22b0-48cc-a131-f1c1a1e33786_RF781578_RT.xml"
132;"dfff9c33-0002-48f9-8562-f0f6f37c521b_RF181688_RT.xml"
133;"272a952a-46bb-4371-b7e9-d878857bfc51_RF251756_RT.xml"
134;"a869bc6c-e607-4cda-803d-b7dcaa35af58_RF211731_RT.xml"
135;"3a352bc6-7404-4e19-9f6d-d6b03c803207_RF361752_RT.xml"
136;"3c7d9a94-9a25-424d-a67a-79717f8a77c2_RF651618_RT.xml"
137;"d66aa2a5-acde-4943-bde1-dd4c14d8c8a1_RF501597_RT.xml"
138;"40cafadb-7e03-4499-a1c2-ab7c5ae21013_RF191767_RT.xml"
139;"8a6f4de0-365a-4efd-8815-d50375e86887_RF791851_RT.xml"
140;"b491c60c-f0c1-46a0-b9e9-a846c274bf63_RF211634_RT.xml"
141;"9db90fd3-02a3-459b-873e-1cfb58679d8e_RF111814_RT.xml"
142;"cf6f1fc4-8090-47b8-8fd4-a421dbf66bc1_RF271720_RT.xml"
143;"ef586af8-094f-4a78-8315-df3504d5e344_RF161821_RT.xml"
144;"684268db-1ceb-42ee-ba00-1c7f2ffffdc2_RF721686_RT.xml"
145;"3e447bf7-2622-4a56-903f-23037d545868_RF851743_RT.xml"
146;"8271f6f3-dca8-4e98-a546-13ab4522145f_RF901750_RT.xml"
147;"582b3aa4-bd9f-4a74-b396-91ff24e9423a_RF951854_RT.xml"
148;"5ac1b45f-436a-4c3c-a983-ddd95dfa8f83_RF471845_RT.xml"
149;"86fa76e3-2072-40ce-a5b5-bd95e45f453e_RF921617_RT.xml"
150;"88803315-21cd-4943-a875-0e5661e75c7b_RF041746_RT.xml"
151;"5b1b4e87-0cce-4497-b5ba-8a38a2bfccc3_RF911635_RT.xml"
152;"abfa9754-c8da-44fe-8d6b-8a864a7a30b5_RF831682_RT.xml"
153;"2096952e-d47b-43d3-8847-3997adac656f_RF351770_RT.xml"
154;"57acd322-6c89-4330-8728-25d33db482b6_RF381813_RT.xml"
155;"d45c0157-e0b6-411c-9ef5-597749ebaad3_RF491906_RT.xml"
156;"3035dbbc-fba3-420f-92c8-380180438122_RF541622_RT.xml"
157;"ebaca42c-b931-4b4a-80df-59f8105b68e1_RF601611_RT.xml"
158;"f5e63ce0-dcfb-48c9-8b25-00cd72d76da4_RF441899_RT.xml"
159;"12e3e382-42e7-403b-bf36-c27c9cfd4427_RF321727_RT.xml"
160;"9a48b77f-7939-4e30-acd5-e6980951c903_RF371831_RT.xml"
161;"2bbdd1e3-9d17-4ea2-9db2-78a3b8c19a12_RF281605_RT.xml"
162;"3d9dba78-6f52-4b15-b525-d5839f1645e6_RF261738_RT.xml"
163;"e1f5f553-9920-4aa7-8cb5-acc735a2dda2_RF591629_RT.xml"
164;"591a80f3-f8e9-4ac2-a3e5-64f50b54b080_RF561877_RT.xml"
165;"962b1331-5fbb-4838-863c-168ea04e9679_RF561780_RT.xml"
166;"e5bd4162-d602-44b4-8688-94878abc9fd9_RF921811_RT.xml"
167;"0189b14e-cd66-42e5-924b-a37a1e88709b_RF391698_RT.xml"
168;"7eb06382-aff3-4fe0-bd69-d5359b67660d_RF641830_RT.xml"
169;"2261a665-7f25-4325-af02-0532ae05c2b8_RF841761_RT.xml"
170;"07686a10-03a0-4412-8e76-f2f06591f2ee_RF971818_RT.xml"
171;"47676600-4f71-4f10-b534-6e90d5832f34_RF241677_RT.xml"
172;"de376083-16ba-4c10-818f-8a82b559fd74_RF061807_RT.xml"
173;"1c6e6fd2-bd81-433c-aadc-3d68577393c4_RF441802_RT.xml"
174;"b1e829ee-5769-48f8-9480-1da304352830_RF501694_RT.xml"
175;"07593f6b-aabe-470b-8b50-fc65bb903cae_RF601708_RT.xml"
176;"43b2580d-f5b3-41b3-b560-503a59a026bc_RF391601_RT.xml"
177;"0754da97-cb05-4b51-b991-791f479d7c96_RF521852_RT.xml"
178;"7500346c-ecb1-464b-bed5-ab6e87f19dec_RF561683_RT.xml"
179;"278f711f-8325-4799-b73a-6c2ae25ab478_RF671582_RT.xml"
180;"7ed8baa6-a3f8-4a65-bbfb-068b0969c372_RF421838_RT.xml"
181;"dbf8cb96-48b9-4803-af8b-cdb1807d7e31_RF581647_RT.xml"
182;"95624400-8978-4d1c-b0eb-6f10f0b967bc_RF201652_RT.xml"
183;"54b30282-34b2-4979-8a89-ade2ac147e80_RF541816_RT.xml"
184;"a9c7bc0b-f90c-4a1c-95d6-eb992d11c7c1_RF811815_RT.xml"
185;"4803f1c7-8bdf-4d4a-b017-363b9fa80ffe_RF701819_RT.xml"
186;"11e8e303-f6c3-462e-b86f-cd1b7e7cc445_RF401874_RT.xml"
187;"2df5445a-94a3-4dca-9dac-511496aef57d_RF931890_RT.xml"
